V_NO,MAKE,MODEL,COLOUR,FUEL_TYPE,REGISTERED_KEEPERS,CAPCLEAN,ODOMETER_MILES,VEHICLE_AGE__MONTHS,REGISTRATION_DATE,VEHICLE_SOURCE,TRANSMISSION_TYPE
35875,MERCEDES-BENZ,GLC,BLUE,Diesel,3,15500,76519,96,20/05/2019,TradeZone,MANUAL
3072,VOLVO,V40,BLACK,Diesel,2,2100,150179,125,28/06/2016,TradeZone,MANUAL
62934,VAUXHALL,GRANDLAND X,RED,Petrol,2,9475,65258,53,09/05/2019,TradeZone,MANUAL
98631,SMART,FORTWO COUPE,BLACK,Petrol,2,5575,56186,94,11/09/2017,TradeZone,SEMI-AUTO
10724,VOLVO,XC60,BLUE,Diesel,3,4425,210000,96,08/06/2020,TradeZone,MANUAL
18457,VAUXHALL,ASTRA,BLACK,Diesel,8,840,109000,170,30/04/2021,TradeZone,SEMI-AUTO
27048,BMW,1 SERIES,GREY,Petrol,3,9825,52793,78,09/02/2019,TradeZone,MANUAL
41431,CITROEN,C5 AIRCROSS,SILVER,Petrol,1,14400,15110,38,27/06/2018,TradeZone,MANUAL
70821,SKODA,KODIAQ,WHITE,Petrol,2,12850,52041,92,30/06/2019,TradeZone,AUTO
70733,VAUXHALL,CORSA,GREY,Petrol,4,440,110710,176,29/09/2021,TradeZone,SEMI-AUTO
44947,NISSAN,JUKE,RED,Diesel,6,1550,95001,145,26/07/2019,TradeZone,AUTO
10185,SEAT,LEON,RED,Diesel,2,5525,65000,117,23/03/2017,PARTEX,AUTO
17912,LAND ROVER,RANGE ROVER EVOQUE,WHITE,Diesel,2,8575,59341,86,29/07/2021,OTHER,SEMI-AUTO
76271,LAND ROVER,RANGE ROVER EVOQUE,GREY,Petrol,1,21650,38009,55,01/02/2019,TradeZone,SEMI-AUTO
26983,LAND ROVER,RANGE ROVER EVOQUE,SILVER,Petrol,1,20600,41796,66,31/01/2017,TradeZone,MANUAL
93363,MINI,CONVERTIBLE,GREY,Petrol,2,13750,45103,55,07/03/2019,TradeZone,MANUAL
9787,VOLKSWAGEN,T-ROC,RED,Diesel,2,13200,55783,82,01/03/2018,TradeZone,MANUAL
40680,VAUXHALL,CORSA,GREY,Petrol,2,6700,21140,92,21/09/2018,TradeZone,MANUAL
39328,VAUXHALL,ASTRA,BLACK,Petrol,2,2200,112930,96,28/06/2019,TradeZone,MANUAL
89606,AUDI,Q3,WHITE,Diesel,2,10450,55806,90,31/10/2019,TradeZone,MANUAL
72324,VOLVO,XC40,BLACK,Petrol,1,22450,23577,40,31/03/2021,PARTEX,SEMI-AUTO
27641,RENAULT,CAPTUR,BLUE,Diesel,4,3150,84261,130,29/01/2021,TradeZone,SEMI-AUTO
39547,FORD,PUMA,WHITE,Petrol,3,14150,24982,35,30/04/2021,PARTEX,MANUAL
98224,FORD,PUMA,BLUE,Petrol,1,12100,45565,45,01/09/2018,PARTEX,MANUAL
9004,RENAULT,SCENIC,RED,Petrol,3,810,113000,161,20/07/2018,TradeZone,MANUAL
11019,HYUNDAI,I20,BLACK,Petrol,3,4750,59783,108,31/05/2021,TradeZone,MANUAL
49165,HYUNDAI,I20,GREEN,Petrol,2,3500,91547,122,23/07/2018,OTHER,SEMI-AUTO
39234,RENAULT,CLIO,BLACK,Petrol,3,6025,54544,91,28/06/2019,TradeZone,MANUAL
15483,SMART,FORTWO CABRIO,WHITE,Petrol,2,2725,63700,155,05/10/2021,TradeZone,SEMI-AUTO
97721,LAND ROVER,RANGE ROVER EVOQUE,BLACK,Diesel,3,10950,52488,92,24/09/2021,TradeZone,SEMI-AUTO
63898,AUDI,Q5,GREY,Diesel,2,18950,74498,76,27/07/2021,TradeZone,SEMI-AUTO
6894,NISSAN,MICRA,BLUE,Petrol,3,3750,41300,100,31/05/2021,TradeZone,SEMI-AUTO
28066,JEEP,RENEGADE,WHITE,Petrol,3,6575,49236,81,30/06/2021,TradeZone,SEMI-AUTO
58627,JEEP,RENEGADE,RED,Petrol,4,5325,59715,109,30/05/2019,TradeZone,MANUAL
37982,AUDI,TT,GREY,Petrol,8,2575,90000,220,19/12/2019,PARTEX,MANUAL
9741,VOLKSWAGEN,TIGUAN ALLSPACE,GREY,Diesel,2,18450,30815,64,20/07/2018,TradeZone,AUTO
6688,KIA,RIO,BLACK,Petrol,2,3975,60950,110,21/06/2019,TradeZone,AUTO
3707,KIA,RIO,BLACK,Petrol,2,5050,32489,105,31/12/2019,TradeZone,SEMI-AUTO
71525,FORD,FIESTA,GREY,Petrol,2,3600,64147,101,01/09/2022,TradeZone,AUTO
90473,NISSAN,X-TRAIL,BLUE,Hybrid,1,28550,50,2,12/08/2021,TradeZone,SEMI-AUTO
42403,FORD,FIESTA,BLUE,Petrol,1,9375,15104,76,19/03/2021,TradeZone,MANUAL
95906,FORD,FIESTA,GREY,Petrol,2,7025,54700,75,20/09/2018,TradeZone,MANUAL
18296,MERCEDES-BENZ,SLK,BLUE,Diesel,3,3150,159000,150,26/09/2022,TradeZone,MANUAL
61051,KIA,XCEED,GREY,Petrol,2,14250,23584,62,26/07/2019,PARTEX,MANUAL
69565,FORD,S-MAX,BLACK,Diesel,2,9950,74088,98,30/07/2021,TradeZone,AUTO
15590,AUDI,A3,RED,Hybrid,1,12800,37512,62,28/06/2019,TradeZone,MANUAL
10719,AUDI,A3,BLACK,Hybrid,1,13200,31447,57,30/01/2020,TradeZone,MANUAL
32937,FORD,C-MAX,GREY,Diesel,4,2975,66250,116,28/06/2019,TradeZone,MANUAL
93754,DS,DS 3,BLACK,Petrol,2,3825,58779,85,19/03/2019,PARTEX,SEMI-AUTO
1893,DS,DS 3,WHITE,Petrol,2,4375,37552,86,01/09/2018,PARTEX,MANUAL
92973,KIA,PICANTO,BLACK,Petrol,2,9000,25167,53,22/09/2021,TradeZone,MANUAL
61654,VAUXHALL,INSIGNIA GRAND SPORT,RED,Petrol,2,7725,33454,78,31/10/2017,PARTEX,MANUAL
80691,MG,MG5,GREY,Electric,3,9575,38098,50,31/05/2019,TradeZone,MANUAL
4401,MG,MG5,WHITE,Electric,1,10100,32191,42,08/09/2020,TradeZone,MANUAL
71917,VAUXHALL,ANTARA,BLACK,Diesel,2,1150,74419,139,21/07/2021,TradeZone,AUTO
23452,FORD,ECOSPORT,GREY,Petrol,3,3600,69278,98,24/08/2018,TradeZone,SEMI-AUTO
74619,VAUXHALL,ASTRA,WHITE,Petrol,3,6600,27767,104,25/10/2018,TradeZone,SEMI-AUTO
55028,NISSAN,JUKE,BLUE,Petrol,4,1850,112000,156,07/02/2022,TradeZone,AUTO
38890,BMW,X5,GREY,Hybrid,1,42600,25090,26,14/11/2019,TradeZone,MANUAL
10884,LEXUS,UX,GREY,Hybrid,1,20850,24718,50,26/07/2021,TradeZone,SEMI-AUTO
94589,VAUXHALL,GRANDLAND X,CREAM,Hybrid,3,10950,58136,64,01/03/2018,TradeZone,MANUAL
88635,TOYOTA,RAV4,WHITE,Hybrid,1,19050,70956,67,30/08/2021,TradeZone,MANUAL
15995,AUDI,A3,BLUE,Petrol,2,2800,160750,132,23/07/2021,TradeZone,AUTO
64656,MERCEDES-BENZ,C-CLASS,BLUE,Diesel,6,11350,51000,98,30/04/2019,TradeZone,MANUAL
70494,FORD,MONDEO,GREY,Diesel,3,3325,75121,132,30/06/2021,TradeZone,MANUAL
27903,NISSAN,JUKE,RED,Hybrid,2,18600,4360,8,16/09/2020,TradeZone,SEMI-AUTO
12656,NISSAN,QASHQAI,SILVER,Petrol,1,11550,51421,72,13/02/2018,TradeZone,AUTO
55097,CITROEN,GRAND C4 PICASSO,BLUE,Diesel,2,2925,75137,134,25/06/2019,TradeZone,SEMI-AUTO
26260,MERCEDES-BENZ,GLA,BLACK,Petrol,1,16450,42168,59,16/05/2019,PARTEX,MANUAL
70550,HYUNDAI,I20,BLUE,Petrol,2,7400,54407,70,22/01/2019,TradeZone,AUTO
82297,BMW,1 SERIES,BLUE,Diesel,1,13850,60456,39,25/04/2019,TradeZone,AUTO
96662,BMW,1 SERIES,BLUE,Diesel,1,13950,44771,57,29/06/2021,TradeZone,AUTO
64166,FORD,FIESTA,BLACK,Petrol,1,9725,41006,50,12/08/2021,TradeZone,SEMI-AUTO
8300,FORD,FIESTA,GREY,Petrol,1,9600,35319,59,14/11/2018,TradeZone,MANUAL
90629,FORD,FIESTA,BLACK,Petrol,1,8225,56488,59,30/07/2021,OTHER,SEMI-AUTO
44522,FORD,FIESTA,YELLOW,Petrol,2,9950,33970,56,30/06/2021,TradeZone,AUTO
15878,FORD,FIESTA,BLACK,Petrol,1,760,40661,206,30/09/2020,TradeZone,SEMI-AUTO
9837,MINI,CONVERTIBLE,BLUE,Petrol,5,1650,63400,230,21/04/2021,OTHER,MANUAL
55340,LAND ROVER,DISCOVERY SPORT,GREY,Diesel,2,8550,77284,90,02/03/2022,TradeZone,MANUAL
59731,LAND ROVER,DISCOVERY SPORT,RED,Diesel,5,8350,74626,104,29/06/2018,PARTEX,MANUAL
69787,LAND ROVER,DISCOVERY SPORT,BLACK,Diesel,3,8675,69358,101,05/03/2020,TradeZone,MANUAL
37770,LAND ROVER,DISCOVERY SPORT,BLACK,Diesel,3,9600,62000,89,19/03/2021,OTHER,SEMI-AUTO
23581,PEUGEOT,2008,GREY,Diesel,3,7550,47258,73,13/02/2018,TradeZone,MANUAL
27968,SKODA,OCTAVIA,BLUE,Hybrid,1,14000,34303,48,12/08/2021,TradeZone,MANUAL
4735,SKODA,OCTAVIA,BLUE,Hybrid,1,12200,56686,47,26/09/2016,TradeZone,SEMI-AUTO
15013,NISSAN,JUKE,BLACK,Petrol,2,4000,71831,91,29/07/2021,TradeZone,SEMI-AUTO
53651,NISSAN,JUKE,RED,Petrol,2,5050,40479,94,14/12/2019,TradeZone,AUTO
32201,NISSAN,JUKE,SILVER,Petrol,3,5125,33000,101,28/05/2019,TradeZone,SEMI-AUTO
89196,NISSAN,JUKE,ORANGE,Petrol,3,4825,45000,98,28/03/2019,PARTEX,MANUAL
9371,NISSAN,JUKE,SILVER,Petrol,4,4050,66848,94,24/02/2020,TradeZone,MANUAL
63408,NISSAN,JUKE,BLACK,Petrol,3,4200,58550,100,01/09/2016,PARTEX,MANUAL
87451,NISSAN,JUKE,BLACK,Petrol,3,5350,28600,101,16/09/2020,TradeZone,SEMI-AUTO
34765,NISSAN,JUKE,GREY,Petrol,2,5875,26106,91,05/03/2021,TradeZone,MANUAL
3645,MERCEDES-BENZ,E-CLASS,RED,Diesel,3,11950,60496,98,10/09/2020,TradeZone,MANUAL
91367,FIAT,500,GREY,Petrol,3,8700,17279,47,20/12/2021,TradeZone,AUTO
76613,DACIA,DUSTER,BLACK,Petrol,3,6575,65711,68,17/08/2019,TradeZone,MANUAL
95198,DACIA,DUSTER,WHITE,Petrol,2,6950,44122,80,29/11/2017,TradeZone,MANUAL
86316,SEAT,LEON,WHITE,Petrol,2,8200,58401,86,21/06/2019,TradeZone,SEMI-AUTO
10863,SEAT,LEON,SILVER,Petrol,2,8400,53284,81,14/06/2019,TradeZone,MANUAL
56758,SEAT,LEON,WHITE,Petrol,2,8925,42500,86,31/01/2019,OTHER,MANUAL
64988,SEAT,LEON,WHITE,Petrol,3,8900,48846,80,31/03/2017,TradeZone,MANUAL
40957,SEAT,LEON,GREEN,Petrol,2,8250,62678,80,31/07/2021,TradeZone,AUTO
43358,SEAT,LEON,GREY,Petrol,3,8600,49652,84,31/10/2016,TradeZone,SEMI-AUTO
50458,SKODA,KODIAQ,ORANGE,Petrol,1,24500,12062,26,29/06/2021,TradeZone,SEMI-AUTO
9059,SKODA,OCTAVIA,WHITE,Petrol,2,8700,44018,72,29/03/2019,TradeZone,SEMI-AUTO
88594,MERCEDES-BENZ,GLB,RED,Petrol,2,27100,27692,26,22/10/2015,PARTEX,MANUAL
17924,AUDI,A5,BLUE,Diesel,3,21450,44890,45,30/09/2019,TradeZone,MANUAL
45875,BMW,X1,BLUE,Diesel,2,8475,49028,95,24/03/2022,TradeZone,MANUAL
53149,BMW,X1,CREAM/BLACK,Diesel,4,5650,112184,104,29/09/2017,OTHER,MANUAL
99647,HONDA,JAZZ,GREY,Petrol,2,1400,99327,206,04/09/2021,TradeZone,MANUAL
3435,CUPRA,FORMENTOR,SILVER,Petrol,2,20000,17000,38,30/04/2018,TradeZone,MANUAL
21203,VOLKSWAGEN,GOLF,BLUE,Diesel,2,21500,29196,53,24/08/2019,TradeZone,MANUAL
59846,AUDI,TT,BLACK,Petrol,5,4250,76946,158,16/03/2022,TradeZone,SEMI-AUTO
46602,SEAT,LEON,WHITE,Petrol,2,9300,41249,89,30/04/2017,PARTEX,MANUAL
11685,MINI,HATCHBACK,WHITE,Petrol,8,540,127841,185,31/01/2019,TradeZone,MANUAL
45189,SKODA,KAROQ,BLACK,Diesel,1,21600,9119,13,06/10/2017,TradeZone,AUTO
97230,VOLVO,V70,BLUE,Diesel,3,5250,115684,116,28/01/2019,PARTEX,MANUAL
87340,PEUGEOT,108 TOP,GREY,Petrol,2,6025,38094,69,11/06/2019,TradeZone,SEMI-AUTO
46490,RENAULT,KADJAR,BLACK,Petrol,3,9800,48058,62,25/02/2020,TradeZone,SEMI-AUTO
44160,MAZDA,MAZDA3,BLACK,Petrol,1,12400,20955,50,05/08/2019,TradeZone,SEMI-AUTO
49864,MAZDA,MAZDA3,BLUE,Petrol,1,12800,22369,36,30/06/2018,TradeZone,SEMI-AUTO
57128,MAZDA,MAZDA3,BLUE,Petrol,1,11950,29042,43,31/05/2019,TradeZone,MANUAL
73680,MAZDA,MAZDA6,WHITE,Petrol,3,10000,51870,72,21/05/2021,TradeZone,MANUAL
98029,SKODA,OCTAVIA,GREY,Petrol,1,20000,10000,67,24/02/2022,TradeZone,SEMI-AUTO
73302,SEAT,EXEO,BLACK,Diesel,3,1775,86363,169,24/09/2020,TradeZone,MANUAL
84286,VOLVO,XC90,ORANGE,Hybrid,3,35600,26256,47,30/09/2020,TradeZone,SEMI-AUTO
32988,LAND ROVER,RANGE ROVER EVOQUE,SILVER,Diesel,3,19350,43946,64,17/09/2019,TradeZone,AUTO
51647,DACIA,LOGAN MCV,GREY,Petrol,3,3300,50000,114,30/09/2021,OTHER,MANUAL
39914,NISSAN,PIXO,SILVER,Petrol,4,1025,35864,152,27/09/2019,TradeZone,MANUAL
43522,SEAT,ATECA,GREY,Petrol,2,12800,45032,71,29/09/2017,TradeZone,MANUAL
78484,SEAT,ATECA,GREY,Petrol,2,13300,36777,70,24/06/2021,TradeZone,AUTO
18307,TOYOTA,YARIS,BLACK,Hybrid,2,9425,34000,88,23/03/2023,TradeZone,AUTO
72880,TOYOTA,YARIS,GREY,Hybrid,3,9375,39844,84,29/09/2018,TradeZone,SEMI-AUTO
97580,TOYOTA,YARIS,SILVER,Hybrid,2,8125,62953,82,31/03/2021,TradeZone,AUTO
63803,TOYOTA,YARIS,GREY,Hybrid,2,8025,54281,93,14/12/2020,TradeZone,AUTO
70746,AUDI,A7,GREY,Diesel,4,13500,68000,99,31/03/2017,TradeZone,MANUAL
37149,AUDI,A7,GREY,Diesel,1,14000,71720,90,29/09/2018,TradeZone,SEMI-AUTO
20185,SKODA,ENYAQ IV,SILVER,Electric,1,30200,2016,5,02/10/2018,TradeZone,MANUAL
51801,SKODA,ENYAQ IV,WHITE,Electric,1,29700,5000,7,30/09/2016,TradeZone,SEMI-AUTO
54674,SKODA,ENYAQ IV,WHITE,Electric,1,30000,3052,7,31/03/2021,TradeZone,AUTO
51500,SEAT,ATECA,RED,Petrol,1,15950,47000,44,31/03/2021,TradeZone,AUTO
63811,LAND ROVER,RANGE ROVER EVOQUE,BLUE,Hybrid,1,29550,26830,20,23/09/2020,TradeZone,SEMI-AUTO
72642,HONDA,CIVIC,WHITE,Petrol,3,1550,160000,200,26/10/2017,OTHER,MANUAL
35773,MITSUBISHI,OUTLANDER,BLUE,Hybrid,2,9300,63050,86,11/09/2021,TradeZone,MANUAL
32115,AUDI,A4 AVANT,WHITE,Petrol,1,22600,23009,50,31/03/2021,TradeZone,AUTO
58166,AUDI,A4 AVANT,BLUE,Petrol,1,20400,36762,52,17/05/2021,TradeZone,SEMI-AUTO
51687,AUDI,A4 AVANT,GREY,Petrol,1,20550,38223,49,09/06/2020,TradeZone,SEMI-AUTO
83611,BMW,1 SERIES,BLUE,Petrol,1,18400,14190,47,03/03/2018,TradeZone,MANUAL
85113,NISSAN,PULSAR,GREY,Petrol,3,5900,37945,102,31/05/2021,TradeZone,SEMI-AUTO
3075,FIAT,500,GREY,Petrol,4,920,126919,190,24/06/2021,TradeZone,SEMI-AUTO
47266,KIA,SPORTAGE,BLUE,Diesel,2,10300,45970,82,13/07/2021,TradeZone,SEMI-AUTO
25376,KIA,SPORTAGE,BLACK,Diesel,1,10550,50275,73,21/03/2018,PARTEX,AUTO
75276,FIAT,500X,WHITE,Petrol,3,4200,57000,113,24/02/2020,TradeZone,MANUAL
55769,FIAT,500X,WHITE,Petrol,4,4700,46000,107,31/03/2021,TradeZone,AUTO
4755,NISSAN,QASHQAI,WHITE,Petrol,4,2300,85000,180,29/06/2021,TradeZone,MANUAL
47378,AUDI,A3,GREY,Diesel,2,8250,51587,111,02/06/2021,TradeZone,AUTO
18205,MERCEDES-BENZ,GLC,BLACK,Petrol,2,20950,71000,55,15/09/2016,PARTEX,SEMI-AUTO
15440,VOLKSWAGEN,TIGUAN,BLACK,Diesel,2,8675,81462,95,30/09/2020,TradeZone,SEMI-AUTO
82262,HONDA,HR-V,GREY,Hybrid,1,26700,3419,8,31/03/2018,TradeZone,SEMI-AUTO
59881,FORD,FIESTA,WHITE,Diesel,2,1375,103414,160,27/10/2020,TradeZone,AUTO
25998,MERCEDES-BENZ,GLA,RED,Petrol,2,21600,50743,47,20/06/2017,TradeZone,MANUAL
66822,HYUNDAI,I30,SILVER,Diesel,3,1025,106992,174,30/11/2017,TradeZone,SEMI-AUTO
29090,FORD,FIESTA,GREY,Diesel,4,,83000,248,31/07/2021,TradeZone,MANUAL
89446,SKODA,OCTAVIA,GREY,Diesel,2,2700,105000,136,30/12/2019,PARTEX,MANUAL
48681,FORD,FIESTA,WHITE,Diesel,2,3450,66641,98,16/02/2018,TradeZone,SEMI-AUTO
77213,FORD,FIESTA,GREY,Diesel,2,3000,75229,109,06/02/2020,TradeZone,SEMI-AUTO
52567,RENAULT,KADJAR,GREY,Diesel,2,7075,26476,88,14/03/2018,TradeZone,AUTO
5627,RENAULT,KADJAR,GREY,Diesel,2,6025,32750,110,03/09/2021,TradeZone,MANUAL
27988,RENAULT,KADJAR,BLUE,Diesel,4,4650,83400,98,09/04/2021,TradeZone,SEMI-AUTO
52812,PEUGEOT,208,GREY,Petrol,3,3725,73278,82,31/03/2017,PARTEX,SEMI-AUTO
13838,PEUGEOT,208,BLUE,Petrol,2,5300,48923,65,08/10/2018,TradeZone,AUTO
8229,VOLKSWAGEN,UP!,RED,Petrol,2,2700,93200,116,01/09/2021,TradeZone,MANUAL
97654,KIA,RIO,BLACK,Petrol,4,1875,94000,146,30/09/2018,TradeZone,MANUAL
5908,VAUXHALL,CORSA,WHITE,Petrol,4,,51000,283,13/09/2021,TradeZone,MANUAL
27051,MINI,HATCHBACK,WHITE,Petrol,1,12900,35998,47,24/05/2021,TradeZone,AUTO
56021,MAZDA,CX-5,WHITE,Petrol,2,14750,30317,46,23/03/2020,TradeZone,MANUAL
35683,VOLVO,XC90,BLACK,Petrol,1,29100,35728,50,05/06/2018,TradeZone,MANUAL
11924,VOLVO,XC90,WHITE,Petrol,12,27650,45297,50,31/03/2021,TradeZone,AUTO
86631,VAUXHALL,ZAFIRA,BLACK,Petrol,4,520,110000,200,29/06/2021,TradeZone,MANUAL
76626,LAND ROVER,RANGE ROVER EVOQUE,BLACK,Hybrid,1,17450,57547,50,11/09/2020,TradeZone,MANUAL
922,LAND ROVER,RANGE ROVER EVOQUE,GREY,Hybrid,1,19150,34515,50,07/09/2022,TradeZone,SEMI-AUTO
39545,SUBARU,FORESTER,BLUE,Diesel,1,,110758,146,06/12/2018,OTHER,MANUAL
40700,VOLKSWAGEN,GOLF,GREY,Petrol,1,19350,10000,74,29/10/2018,TradeZone,MANUAL
26506,SKODA,OCTAVIA,YELLOW,Petrol,2,13700,12500,72,06/10/2020,TradeZone,MANUAL
35294,BMW,1 SERIES,GREY,Diesel,2,1175,230000,144,21/07/2020,TradeZone,MANUAL
52342,VAUXHALL,VIVA,RED,Petrol,4,3600,32048,92,02/11/2020,TradeZone,MANUAL
83745,VAUXHALL,MERIVA,GREY,Petrol,5,330,121638,184,28/08/2019,TradeZone,SEMI-AUTO
28351,MG,MG3,WHITE,Petrol,4,6325,34424,80,30/11/2017,TradeZone,SEMI-AUTO
89750,MG,MG3,SILVER,Petrol,3,6075,40549,77,13/09/2019,TradeZone,SEMI-AUTO
56104,CITROEN,GRAND C4 PICASSO,GREY,Diesel,4,7600,63000,104,25/02/2022,TradeZone,MANUAL
31756,AUDI,Q3,BLUE,Diesel,3,10750,78500,98,22/10/2016,PARTEX,MANUAL
7025,MINI,HATCHBACK,RED,Petrol,3,930,79218,212,07/05/2021,TradeZone,AUTO
19744,FIAT,500,RED,Petrol,6,1750,65000,158,31/03/2021,TradeZone,AUTO
7792,FIAT,500,WHITE,Petrol,2,1650,91304,127,29/05/2022,PARTEX,MANUAL
58051,VAUXHALL,ASTRA,WHITE,Petrol,3,5025,41838,89,29/09/2018,TradeZone,SEMI-AUTO
23241,AUDI,Q3,GREY,Petrol,1,25100,10200,50,30/09/2019,PARTEX,MANUAL
76565,FIAT,500X,GREY,Petrol,2,5325,35512,101,13/07/2019,TradeZone,MANUAL
93838,FORD,FOCUS,RED,Diesel,2,2650,88500,125,31/03/2021,TradeZone,AUTO
31049,FORD,FIESTA,WHITE,Petrol,8,720,132242,190,12/12/2018,TradeZone,MANUAL
35738,MERCEDES-BENZ,GLA,WHITE,Diesel,2,11350,69000,88,29/09/2018,TradeZone,SEMI-AUTO
71354,FORD,FOCUS,SILVER,Petrol,1,13700,62961,56,12/09/2019,TradeZone,SEMI-AUTO
27780,MERCEDES-BENZ,A-CLASS,WHITE,Petrol,1,14300,48939,58,30/09/2021,TradeZone,AUTO
54529,NISSAN,QASHQAI,BRONZE,Diesel,4,3875,116000,105,30/12/2019,TradeZone,MANUAL
28606,TOYOTA,AYGO X,BLUE,Petrol,1,11250,10046,26,22/02/2021,OTHER,SEMI-AUTO
20351,FORD,KUGA,RED,Diesel,1,15800,45240,37,05/03/2021,TradeZone,MANUAL
49176,VOLKSWAGEN,POLO,WHITE,Petrol,3,7900,71839,73,26/09/2019,TradeZone,SEMI-AUTO
66231,VOLKSWAGEN,POLO,GREY,Petrol,2,9775,37389,74,31/03/2017,PARTEX,MANUAL
13265,VOLKSWAGEN,POLO,WHITE,Petrol,4,9075,40605,81,09/05/2018,PARTEX,MANUAL
13598,VOLKSWAGEN,T-ROC,GREY,Petrol,2,16650,24500,51,17/07/2021,OTHER,SEMI-AUTO
79560,VOLKSWAGEN,T-ROC,WHITE,Petrol,1,17950,13808,49,21/10/2021,TradeZone,MANUAL
9918,FORD,FIESTA,GREY,Petrol,2,8275,29527,86,15/05/2021,TradeZone,MANUAL
63100,VOLVO,XC40,GREY,Petrol,1,16100,78777,50,17/09/2019,OTHER,SEMI-AUTO
52220,VOLVO,XC40,BLUE,Petrol,2,19450,35798,56,30/06/2020,TradeZone,MANUAL
98610,VOLVO,XC40,GREY,Petrol,2,23000,8454,47,12/04/2022,TradeZone,MANUAL
87010,VOLVO,XC40,SILVER,Petrol,2,19950,30955,56,30/09/2019,TradeZone,MANUAL
84827,VOLVO,XC40,RED,Petrol,2,17300,64902,49,29/09/2021,TradeZone,MANUAL
41560,RENAULT,CAPTUR,BLUE,Diesel,4,7800,38848,71,10/12/2019,TradeZone,MANUAL
34249,AUDI,SQ2,GREY,Petrol,3,22050,39950,62,29/09/2021,TradeZone,MANUAL
19513,SKODA,RAPID SPACEBACK,WHITE,Diesel,4,1825,114890,128,30/09/2017,TradeZone,MANUAL
80922,VOLVO,S90,BLUE,Diesel,2,13800,32879,76,30/04/2021,TradeZone,AUTO
47730,VAUXHALL,ASTRA GTC,BLACK,Diesel,6,1075,132520,140,08/10/2021,TradeZone,SEMI-AUTO
82429,VAUXHALL,ASTRA,GREY,Petrol,3,1275,68000,182,09/04/2021,TradeZone,MANUAL
98617,VAUXHALL,ASTRA,BLACK,Petrol,2,1625,66200,148,28/03/2018,TradeZone,MANUAL
24759,VOLKSWAGEN,T-ROC,BLACK,Petrol,1,14900,40739,50,08/09/2021,TradeZone,AUTO
35622,FORD,FIESTA,RED,Petrol,3,2750,97600,97,12/12/2017,PARTEX,MANUAL
37729,BMW,3 SERIES,RED,Diesel,1,20750,48180,38,30/06/2017,TradeZone,MANUAL
80409,BMW,3 SERIES,GREY,Diesel,4,19900,40881,56,08/04/2021,TradeZone,SEMI-AUTO
14266,FORD,FIESTA,GREY,Petrol,4,2975,42945,161,22/02/2022,OTHER,AUTO
36425,FORD,FIESTA,GREY,Petrol,3,910,143699,190,21/09/2020,PARTEX,MANUAL
45335,FORD,FIESTA,WHITE,Petrol,4,1475,102909,188,31/03/2021,TradeZone,AUTO
70278,KIA,SPORTAGE,GREY,Diesel,1,4375,114499,128,13/10/2021,TradeZone,MANUAL
37572,HONDA,CR-V,SILVER,Diesel,2,8575,59028,86,07/09/2017,TradeZone,AUTO
76653,AUDI,A3,BLACK,Petrol,1,18550,14212,50,30/11/2018,TradeZone,MANUAL
67478,MERCEDES-BENZ,A-CLASS,GREY,Petrol,2,11300,41584,87,29/09/2017,TradeZone,SEMI-AUTO
42198,VAUXHALL,ASTRA,GREY,Petrol,4,1175,72000,179,23/12/2019,TradeZone,SEMI-AUTO
43746,FORD,FIESTA,BLUE,Diesel,3,6825,44998,89,30/09/2020,TradeZone,SEMI-AUTO
15896,VOLVO,XC90,BLACK,Petrol,1,46500,15505,11,30/09/2021,OTHER,SEMI-AUTO
97566,BMW,1 SERIES,GREY,Petrol,4,2075,56728,182,25/03/2021,TradeZone,AUTO
97525,NISSAN,LEAF,GREY,Electric,2,10650,38299,47,29/03/2021,TradeZone,MANUAL
20534,FIAT,500,GREY,Petrol,2,7700,41128,73,30/04/2017,TradeZone,SEMI-AUTO
44125,FIAT,500,ORANGE,Petrol,4,7050,24000,104,13/09/2021,TradeZone,AUTO
7157,BMW,3 SERIES,SILVER,Diesel,4,3100,171643,134,23/06/2021,TradeZone,MANUAL
50598,LAND ROVER,DISCOVERY,GREY,Diesel,1,55800,5899,8,31/01/2020,PARTEX,SEMI-AUTO
94525,FORD,FIESTA,BLUE,Petrol,1,8575,31068,66,23/09/2019,TradeZone,SEMI-AUTO
7970,FORD,FIESTA,BLACK,Petrol,2,6050,68737,84,25/03/2022,TradeZone,SEMI-AUTO
60805,VOLKSWAGEN,POLO,GREY,Petrol,2,270,144712,230,11/05/2018,TradeZone,AUTO
80120,PEUGEOT,3008,GREY,Diesel,2,17250,41905,39,22/05/2019,OTHER,SEMI-AUTO
88535,PEUGEOT,3008,BLUE,Diesel,1,20100,11399,39,02/03/2018,TradeZone,MANUAL
29111,PEUGEOT,3008,GREY,Diesel,1,17050,47186,38,15/09/2017,TradeZone,AUTO
27142,DS,DS 3 CROSSBACK,GREY,Electric,1,10900,17185,48,17/05/2021,TradeZone,MANUAL
81028,SKODA,FABIA,GREY,Petrol,1,8250,25345,89,24/11/2020,TradeZone,SEMI-AUTO
10051,FORD,PUMA,BLUE,Petrol,1,19700,8939,36,12/02/2021,TradeZone,MANUAL
7989,DACIA,JOGGER,BLACK,Petrol,1,14000,12214,27,10/10/2019,TradeZone,MANUAL
33226,MAZDA,CX-5,GREY,Petrol,2,12350,44000,62,11/10/2021,TradeZone,MANUAL
39306,SKODA,KAMIQ,WHITE,Petrol,2,13900,7557,28,02/09/2020,OTHER,MANUAL
99153,SKODA,KAMIQ,GREY,Petrol,2,13000,9931,41,31/03/2019,TradeZone,SEMI-AUTO
47819,AUDI,A3,BLACK,Petrol,1,18150,29818,49,05/11/2020,TradeZone,AUTO
40332,AUDI,A3,GREY,Petrol,1,17200,40090,49,11/12/2020,TradeZone,MANUAL
56581,AUDI,A3,GREY,Petrol,1,20400,26838,26,01/09/2023,TradeZone,MANUAL
3405,AUDI,A3,ORANGE,Petrol,1,16850,40500,51,05/02/2018,TradeZone,MANUAL
36847,VOLKSWAGEN,ID.BUZZ,GREY,Electric,1,38700,5495,29,14/08/2018,TradeZone,SEMI-AUTO
80642,VOLKSWAGEN,ID.BUZZ,BLUE,Electric,1,41200,4039,16,03/12/2021,TradeZone,AUTO
54059,VOLKSWAGEN,ID.BUZZ,GREEN,Electric,1,41300,100,20,13/09/2021,TradeZone,MANUAL
35013,VOLKSWAGEN,ID.BUZZ,WHITE,Electric,1,39100,5731,28,30/04/2018,TradeZone,SEMI-AUTO
66571,VOLKSWAGEN,ID.BUZZ,RED,Electric,1,40500,27,21,20/05/2016,TradeZone,MANUAL
30300,VOLKSWAGEN,ID.BUZZ,WHITE,Electric,2,38200,8585,29,27/03/2018,TradeZone,AUTO
13012,DACIA,DUSTER,BLUE,Petrol,1,10050,43779,38,29/11/2018,TradeZone,SEMI-AUTO
54589,NISSAN,JUKE,SILVER,Petrol,1,9050,65000,42,29/06/2020,TradeZone,MANUAL
62169,TOYOTA,COROLLA TOURING SPORT,BLACK,Hybrid,1,14750,57378,64,17/01/2022,TradeZone,AUTO
22543,SUZUKI,SX4 S-CROSS,RED,Petrol,1,9850,51434,48,03/03/2020,OTHER,AUTO
58760,JAGUAR,XF SPORTBRAKE,RED,Diesel,2,10850,58602,83,13/10/2018,TradeZone,MANUAL
99827,JAGUAR,XF SPORTBRAKE,GREY,Diesel,5,12650,49923,74,17/05/2019,TradeZone,MANUAL
17268,HYUNDAI,TUCSON,RED,Petrol,3,6750,65130,92,29/03/2018,TradeZone,MANUAL
36714,HYUNDAI,TUCSON,WHITE,Petrol,2,6250,79053,92,28/05/2016,TradeZone,SEMI-AUTO
39487,SKODA,FABIA,BLUE,Petrol,1,18400,1507,7,17/03/2022,TradeZone,SEMI-AUTO
84452,BMW,3 SERIES,WHITE,Diesel,3,830,190666,183,25/09/2020,OTHER,AUTO
11456,VAUXHALL,CORSA,BLACK,Petrol,7,390,113000,206,18/01/2018,TradeZone,MANUAL
55826,AUDI,Q2,BLACK,Petrol,3,11800,47513,84,18/05/2021,OTHER,MANUAL
2626,VOLVO,XC40,RED,Petrol,1,15500,47720,73,16/11/2018,PARTEX,MANUAL
23064,PEUGEOT,3008,WHITE,Petrol,1,16900,22378,38,31/05/2019,PARTEX,MANUAL
21418,PEUGEOT,3008,BLACK,Petrol,1,17000,21070,38,18/12/2018,TradeZone,MANUAL
41753,PEUGEOT,3008,WHITE,Petrol,2,17150,15164,43,14/01/2022,TradeZone,AUTO
86334,VOLKSWAGEN,PASSAT,ORANGE,Diesel,4,15100,36232,65,12/10/2019,TradeZone,MANUAL
56643,HONDA,HR-V,WHITE,Petrol,3,11500,48325,86,05/03/2021,TradeZone,MANUAL
86084,PEUGEOT,5008,WHITE,Diesel,3,12600,63982,86,10/06/2020,OTHER,AUTO
32684,MG,ZS,GREY,Petrol,3,7625,61772,84,24/07/2020,TradeZone,AUTO
64090,MG,ZS,GREY,Petrol,2,10350,21959,62,31/03/2021,TradeZone,AUTO
76272,MG,ZS,BLACK,Petrol,2,9500,29527,74,18/05/2021,TradeZone,AUTO
46955,VAUXHALL,ASTRA,BLUE,Petrol,4,840,66637,187,15/04/2021,TradeZone,MANUAL
49996,AUDI,A3,WHITE,Petrol,2,9850,30376,101,01/03/2021,TradeZone,AUTO
34286,LAND ROVER,RANGE ROVER SPORT,GREY,Hybrid,1,79500,6370,8,27/09/2019,TradeZone,MANUAL
69845,FORD,KUGA,GREY,Diesel,1,14900,29316,49,30/11/2019,TradeZone,MANUAL
71734,NISSAN,LEAF,RED,Electric,1,8125,26067,42,30/06/2018,TradeZone,MANUAL
97390,NISSAN,LEAF,BLACK,Electric,2,8350,21809,41,05/01/2018,TradeZone,SEMI-AUTO
23744,NISSAN,LEAF,BLUE,Electric,3,9000,9301,44,27/11/2019,TradeZone,MANUAL
79019,MERCEDES-BENZ,CLA,GREY,Diesel,1,21850,18524,50,25/11/2020,TradeZone,SEMI-AUTO
48897,FORD,FIESTA,BLUE,Petrol,2,8100,27767,66,23/12/2020,PARTEX,SEMI-AUTO
88084,SEAT,ATECA,RED,Diesel,2,14550,32586,62,28/09/2022,TradeZone,SEMI-AUTO
85314,SKODA,OCTAVIA,GREY,Petrol,1,21450,55,5,02/03/2021,TradeZone,AUTO
93839,MITSUBISHI,MIRAGE,BLACK,Petrol,1,4925,44816,64,08/07/2019,TradeZone,AUTO
79822,LAND ROVER,DISCOVERY,BLACK,Diesel,2,20500,47652,80,29/09/2015,PARTEX,MANUAL
62146,OMODA,5,GREY,Petrol,2,20100,2684,8,26/06/2017,OTHER,SEMI-AUTO
29031,AUDI,A4,BLUE,Diesel,3,2725,139906,120,27/03/2019,TradeZone,SEMI-AUTO
24130,HYUNDAI,I800,GREY,Diesel,2,12450,73833,68,18/09/2021,TradeZone,MANUAL
74980,JAGUAR,E-PACE,WHITE,Petrol,1,14700,30118,72,22/11/2017,TradeZone,AUTO
29762,AUDI,Q2,RED,Petrol,3,11150,59294,91,28/03/2022,TradeZone,AUTO
21344,SKODA,KAROQ,SILVER,Petrol,2,12850,14228,55,09/07/2021,OTHER,MANUAL
22494,FORD,FIESTA,RED,Petrol,1,10950,21347,50,30/03/2018,TradeZone,MANUAL
73938,JEEP,COMPASS,WHITE,Petrol,2,9225,64822,71,24/01/2022,TradeZone,MANUAL
87244,KIA,SPORTAGE,GREY,Diesel,2,13550,50279,70,30/06/2020,TradeZone,MANUAL
43522,MG,HS,BLACK,Petrol,3,11850,38554,46,16/03/2021,TradeZone,MANUAL
78938,MG,HS,WHITE,Petrol,2,13450,17025,42,31/10/2022,TradeZone,AUTO
28165,MG,HS,BLACK,Petrol,3,11450,35015,58,31/03/2019,TradeZone,MANUAL
51233,VAUXHALL,CORSA,GREY,Petrol,1,11400,4,25,04/02/2019,PARTEX,SEMI-AUTO
98490,VAUXHALL,CORSA,RED,Petrol,1,10300,12959,32,07/03/2020,TradeZone,MANUAL
416,SKODA,KAROQ,GREEN,Petrol,1,25050,10762,13,17/03/2018,TradeZone,MANUAL
46888,SEAT,LEON,YELLOW,Petrol,1,11550,48111,49,15/04/2021,TradeZone,MANUAL
44788,CITROEN,C3 AIRCROSS,BLUE,Petrol,1,8700,43388,50,14/08/2020,TradeZone,AUTO
54200,FORD,KA+,BLUE,Petrol,2,5225,31500,100,03/08/2020,TradeZone,SEMI-AUTO
99927,FORD,KA+,GREY,Petrol,4,4900,56907,80,12/03/2021,TradeZone,SEMI-AUTO
64936,FORD,KA+,BLACK,Petrol,2,5100,35940,100,26/01/2018,TradeZone,SEMI-AUTO
54771,DS,DS 3,WHITE,Petrol,4,2450,60001,118,24/07/2018,TradeZone,AUTO
40379,HYUNDAI,TUCSON,BLACK,Petrol,2,17350,16562,48,22/09/2020,TradeZone,SEMI-AUTO
44210,HYUNDAI,TUCSON,BLUE,Petrol,2,19450,13856,26,30/06/2020,TradeZone,AUTO
21734,HYUNDAI,TUCSON,WHITE,Petrol,1,18300,15133,33,15/11/2022,TradeZone,MANUAL
14323,CITROEN,GRAND C4 PICASSO,GREY,Diesel,2,5725,69161,93,02/03/2017,TradeZone,SEMI-AUTO
53280,AUDI,A1,BLUE,Petrol,2,12900,18573,82,27/02/2021,TradeZone,MANUAL
66054,SKODA,FABIA,GREY,Petrol,2,4075,93678,112,17/09/2020,TradeZone,MANUAL
46648,TOYOTA,AYGO,BLUE,Petrol,3,1325,111000,161,10/11/2020,TradeZone,SEMI-AUTO
32031,CITROEN,C3 AIRCROSS,BLACK,Petrol,2,12700,11657,32,14/11/2022,TradeZone,MANUAL
43179,PEUGEOT,3008,BLUE,Diesel,2,1100,101500,167,13/10/2021,OTHER,MANUAL
99468,AUDI,Q3,BLACK,Diesel,2,18400,53518,66,19/05/2017,TradeZone,SEMI-AUTO
53452,AUDI,Q3,BLUE,Diesel,1,21750,45868,38,31/03/2023,TradeZone,MANUAL
92862,RENAULT,CLIO,BLUE,Petrol,2,6650,32481,73,14/06/2019,TradeZone,MANUAL
98191,RENAULT,CLIO,BLACK,Petrol,4,5425,48636,83,18/03/2020,TradeZone,SEMI-AUTO
46281,RENAULT,CLIO,GREY,Petrol,2,7350,19331,73,15/11/2021,TradeZone,AUTO
27457,FORD,KUGA,WHITE,Diesel,3,10000,57706,90,30/06/2017,TradeZone,MANUAL
24882,MERCEDES-BENZ,GLC,WHITE,Diesel,3,15450,67702,92,06/11/2019,TradeZone,AUTO
29699,MERCEDES-BENZ,GLC,GREY,Diesel,4,18000,39171,84,08/12/2020,TradeZone,SEMI-AUTO
87507,VAUXHALL,ASTRA,BLUE,Diesel,6,3125,64112,118,28/05/2021,OTHER,MANUAL
72455,HONDA,CR-V,SILVER,Diesel,2,960,110000,194,14/10/2021,TradeZone,SEMI-AUTO
56975,AUDI,A6 AVANT,WHITE,Diesel,3,15800,67743,74,31/05/2018,TradeZone,AUTO
34141,VAUXHALL,INSIGNIA,SILVER,Diesel,1,1025,80100,173,03/02/2021,TradeZone,AUTO
6477,MERCEDES-BENZ,GLC,RED,Petrol,2,20800,42100,71,24/05/2021,TradeZone,MANUAL
55440,FIAT,500,BLUE,Petrol,5,2625,77301,122,01/11/2019,TradeZone,AUTO
33452,BMW,X1,BLUE,Petrol,1,18650,29561,57,26/09/2022,TradeZone,MANUAL
21507,BMW,X1,BLACK,Petrol,2,16850,41248,65,04/06/2021,TradeZone,SEMI-AUTO
76331,NISSAN,MICRA,GREY,Petrol,3,9300,14789,47,15/06/2018,TradeZone,MANUAL
69712,PEUGEOT,208,BLUE,Petrol,4,2100,77500,140,26/12/2018,TradeZone,SEMI-AUTO
71034,MERCEDES-BENZ,A-CLASS,RED,Petrol,2,8650,69089,88,19/07/2022,TradeZone,AUTO
64919,BMW,5 SERIES,BLACK,Diesel,2,17350,43844,74,30/09/2020,TradeZone,SEMI-AUTO
41768,MINI,HATCHBACK,BLUE,Petrol,2,17200,21000,50,10/09/2016,TradeZone,MANUAL
1194,VOLKSWAGEN,GOLF,WHITE,Hybrid,3,9075,84131,84,12/06/2020,TradeZone,AUTO
54562,VOLKSWAGEN,GOLF,GREY,Hybrid,2,8375,96000,82,16/09/2021,TradeZone,AUTO
46464,VOLKSWAGEN,GOLF,WHITE,Hybrid,2,13100,52069,62,23/04/2021,TradeZone,SEMI-AUTO
12816,BMW,1 SERIES,GREY,Petrol,1,19150,18346,43,21/07/2017,TradeZone,AUTO
49019,BMW,1 SERIES,BLACK,Petrol,1,15600,50862,51,30/05/2019,TradeZone,MANUAL
63052,BMW,1 SERIES,GREY,Petrol,2,19950,12753,39,06/05/2021,OTHER,MANUAL
49742,SKODA,KAROQ,BLUE,Petrol,1,14650,21726,39,14/05/2018,TradeZone,MANUAL
67434,MINI,COUNTRYMAN,BLUE,Petrol,1,14350,48406,58,30/11/2020,TradeZone,MANUAL
63560,MERCEDES-BENZ,E-CLASS,WHITE,Diesel,2,24150,29729,59,14/09/2021,OTHER,AUTO
65793,JAGUAR,F-PACE,GREY,Diesel,1,29750,33907,50,24/09/2021,TradeZone,MANUAL
81838,MG,ZS EV,WHITE,Electric,1,17300,5722,18,01/03/2021,TradeZone,SEMI-AUTO
23046,LAND ROVER,RANGE ROVER,BLACK,Hybrid,1,103800,11000,6,14/10/2019,TradeZone,MANUAL
90643,TOYOTA,COROLLA,BLUE,Hybrid,1,12350,49464,49,20/11/2019,TradeZone,AUTO
95151,TOYOTA,COROLLA,BLACK,Hybrid,1,13850,37011,37,24/11/2020,TradeZone,AUTO
3180,TOYOTA,COROLLA,WHITE,Hybrid,1,11300,53000,63,30/04/2021,TradeZone,MANUAL
54605,VOLVO,V40,BLACK,Diesel,3,7675,67074,108,16/12/2020,TradeZone,AUTO
635,FORD,KUGA,WHITE,Diesel,2,10300,51186,65,30/07/2016,TradeZone,MANUAL
16643,FORD,FIESTA,BLUE,Petrol,3,2925,79000,110,25/07/2018,TradeZone,MANUAL
66925,FORD,FIESTA,SILVER,Petrol,3,2125,94300,142,04/05/2018,TradeZone,MANUAL
60027,FORD,FIESTA,GREY,Petrol,2,3450,56289,121,14/01/2020,TradeZone,AUTO
7764,FORD,S-MAX,WHITE,Petrol,2,8825,77301,90,21/09/2018,TradeZone,MANUAL
53587,SEAT,ATECA,WHITE,Petrol,1,14800,37153,49,16/11/2020,TradeZone,AUTO
14146,SEAT,ATECA,RED,Petrol,1,15000,33883,49,21/12/2020,OTHER,MANUAL
85240,SEAT,ATECA,GREY,Petrol,1,15000,33277,49,29/03/2019,TradeZone,MANUAL
97225,SEAT,ATECA,BLACK,Petrol,1,15200,30883,49,18/09/2019,TradeZone,SEMI-AUTO
45926,HYUNDAI,I20,GREY,Petrol,3,4175,82000,122,18/09/2020,TradeZone,SEMI-AUTO
50169,SKODA,FABIA,WHITE,Petrol,3,4750,79391,85,22/03/2019,TradeZone,SEMI-AUTO
45937,NISSAN,MICRA,BLUE,Petrol,3,8575,49628,64,26/09/2019,TradeZone,MANUAL
48897,VOLVO,XC40,SILVER,Hybrid,1,16350,74172,53,06/04/2021,TradeZone,AUTO
95004,TOYOTA,AYGO,GREY,Petrol,4,5750,44023,84,22/09/2020,TradeZone,AUTO
25463,TOYOTA,AYGO,BLACK,Petrol,1,6250,30437,86,05/03/2021,TradeZone,AUTO
32409,VAUXHALL,INSIGNIA GRAND SPORT,WHITE,Petrol,5,6200,70295,86,17/05/2017,TradeZone,MANUAL
34321,VAUXHALL,INSIGNIA GRAND SPORT,SILVER,Petrol,4,8200,40520,78,22/01/2018,TradeZone,AUTO
35084,VAUXHALL,INSIGNIA GRAND SPORT,GREY,Petrol,2,8650,40663,74,23/06/2017,TradeZone,SEMI-AUTO
23903,VAUXHALL,INSIGNIA GRAND SPORT,GREY,Petrol,2,7550,55733,74,29/09/2017,TradeZone,SEMI-AUTO
63596,VAUXHALL,INSIGNIA GRAND SPORT,RED,Petrol,2,7750,43456,85,22/11/2019,PARTEX,MANUAL
98289,VOLKSWAGEN,GOLF,WHITE,Diesel,2,15500,41798,86,27/01/2022,TradeZone,MANUAL
36272,NISSAN,QASHQAI,GREY,Petrol,2,14650,23000,53,01/09/2018,TradeZone,MANUAL
10357,DS,DS 3 CROSSBACK,BLACK,Petrol,1,10850,50822,35,23/04/2021,TradeZone,AUTO
99816,VAUXHALL,CORSA,RED,Petrol,3,3750,52496,89,21/11/2019,OTHER,AUTO
63065,VAUXHALL,CORSA,BLACK,Petrol,3,4000,48599,88,05/10/2020,TradeZone,SEMI-AUTO
54251,FORD,S-MAX,GREY,Petrol,3,2375,84537,195,20/06/2017,TradeZone,MANUAL
86037,VOLKSWAGEN,T-CROSS,GREY,Petrol,1,15350,14100,58,31/03/2018,PARTEX,MANUAL
10933,BMW,1 SERIES,BLUE,Petrol,2,1800,77000,167,09/09/2019,PARTEX,MANUAL
49469,SKODA,FABIA,WHITE,Petrol,4,5025,79650,104,05/07/2018,TradeZone,MANUAL
16015,MINI,HATCHBACK,WHITE,Diesel,3,2050,138000,125,27/03/2019,TradeZone,MANUAL
15514,KIA,SPORTAGE,BLACK,Petrol,1,14800,19300,50,08/03/2021,TradeZone,AUTO
43278,MINI,COUNTRYMAN,WHITE,Hybrid,1,16300,20481,52,01/03/2018,TradeZone,MANUAL
66435,HONDA,CIVIC,GREY,Petrol,2,11100,55843,76,04/03/2020,TradeZone,SEMI-AUTO
23613,HONDA,CIVIC,BLACK,Petrol,4,10300,61000,88,29/09/2017,TradeZone,MANUAL
55982,RENAULT,KADJAR,BLACK,Petrol,2,6100,40808,82,25/02/2022,TradeZone,AUTO
14281,BMW,X1,BLUE,Petrol,2,14350,32553,67,05/12/2022,TradeZone,MANUAL
32339,VOLVO,XC40,WHITE,Petrol,1,30100,4977,5,25/06/2020,TradeZone,MANUAL
95286,BMW,1 SERIES,BLUE,Petrol,3,10300,29241,68,14/04/2021,TradeZone,AUTO
45752,BMW,1 SERIES,GREY,Petrol,3,7950,80150,68,09/09/2020,TradeZone,AUTO
10003,VAUXHALL,GRANDLAND,WHITE,Petrol,1,14000,36584,35,30/04/2023,TradeZone,MANUAL
54493,VAUXHALL,GRANDLAND,WHITE,Petrol,1,15850,16579,38,31/01/2022,TradeZone,MANUAL
7148,AUDI,A1,BLUE,Petrol,1,13600,33277,46,30/01/2017,TradeZone,SEMI-AUTO
45473,AUDI,A1,BLUE,Petrol,1,15800,23329,26,13/01/2018,TradeZone,MANUAL
5099,AUDI,A1,ORANGE,Petrol,1,15100,22899,36,26/07/2022,TradeZone,AUTO
28217,AUDI,A1,RED,Petrol,1,15000,10000,51,08/08/2018,TradeZone,MANUAL
77785,AUDI,A1,RED,Petrol,1,16500,15685,25,28/09/2018,TradeZone,MANUAL
93535,AUDI,A1,BLUE,Petrol,1,13850,39797,37,29/03/2017,OTHER,MANUAL
84547,AUDI,A1,WHITE,Petrol,2,13200,24637,67,02/09/2016,PARTEX,MANUAL
57874,VOLKSWAGEN,POLO,WHITE,Petrol,3,520,88000,224,27/01/2022,TradeZone,MANUAL
43014,FORD,FOCUS,GREY,Diesel,1,10350,39813,51,31/07/2018,TradeZone,MANUAL
87192,FORD,FOCUS,BLUE,Diesel,1,10450,41947,49,27/04/2017,TradeZone,AUTO
39902,LAND ROVER,RANGE ROVER EVOQUE,BLACK,Diesel,5,5200,93954,159,25/03/2019,TradeZone,AUTO
45105,KIA,PICANTO,GREY,Petrol,1,9400,20000,74,16/01/2018,TradeZone,AUTO
43717,VAUXHALL,CORSA,WHITE,Petrol,3,6700,30700,80,26/09/2019,TradeZone,MANUAL
4956,LAND ROVER,DISCOVERY SPORT,BLUE,Diesel,2,21100,33658,59,21/08/2018,TradeZone,MANUAL
78825,FORD,FOCUS,GREY,Petrol,2,2875,55300,128,12/07/2021,TradeZone,AUTO
18891,FORD,EXPLORER,ORANGE,Electric,2,34500,1376,7,21/08/2020,TradeZone,AUTO
85270,AUDI,A3,SILVER,Petrol,2,7625,88000,75,15/06/2018,TradeZone,AUTO
98083,AUDI,A3,GREY,Diesel,1,16900,35843,64,11/09/2020,OTHER,MANUAL
25518,BMW,3 SERIES,WHITE,Hybrid,1,16050,53577,56,22/10/2019,TradeZone,SEMI-AUTO
27750,BMW,3 SERIES,SILVER,Hybrid,1,16700,43695,62,24/04/2019,TradeZone,SEMI-AUTO
38904,BMW,3 SERIES,BLACK,Hybrid,2,18450,36100,46,04/03/2021,TradeZone,MANUAL
95053,BMW,3 SERIES,SILVER,Hybrid,,13650,70000,65,04/11/2019,TradeZone,MANUAL
4777,TOYOTA,AYGO,BLACK,Petrol,3,6675,8436,106,03/09/2021,TradeZone,SEMI-AUTO
42587,RENAULT,CAPTUR,RED,Diesel,2,6375,30210,94,28/06/2017,PARTEX,MANUAL
1544,MERCEDES-BENZ,GLC COUPE,BLUE,Petrol,2,24950,52127,62,24/11/2020,TradeZone,SEMI-AUTO
31078,KIA,CEED,WHITE,Diesel,3,1900,90000,155,09/12/2019,TradeZone,MANUAL
57979,LAND ROVER,FREELANDER 2,SILVER,Diesel,6,2050,109000,206,30/06/2017,TradeZone,MANUAL
2593,JAGUAR,F-PACE,GREY,Diesel,2,9225,88214,106,13/06/2017,TradeZone,AUTO
36116,JAGUAR,F-PACE,WHITE,Diesel,2,15350,41782,68,28/09/2018,TradeZone,MANUAL
13954,JAGUAR,F-PACE,GREY,Diesel,2,13500,47232,86,02/01/2020,TradeZone,AUTO
91755,JAGUAR,F-PACE,GREY,Diesel,4,10100,77524,103,02/11/2016,TradeZone,SEMI-AUTO
33853,VAUXHALL,MOKKA X,BLACK,Petrol,2,3625,70213,99,30/09/2021,TradeZone,MANUAL
75312,TOYOTA,AYGO,SILVER,Petrol,3,2525,68000,134,24/04/2019,TradeZone,SEMI-AUTO
10634,BMW,1 SERIES,GREY,Diesel,6,4425,73420,137,18/05/2020,TradeZone,SEMI-AUTO
29411,MERCEDES-BENZ,GLA,BLACK,Petrol,1,13100,34638,80,27/09/2019,PARTEX,SEMI-AUTO
64213,AUDI,A3,WHITE,Petrol,3,10200,54656,65,03/09/2021,TradeZone,AUTO
10031,TOYOTA,AYGO,GREEN,Petrol,3,3500,54322,108,30/09/2021,TradeZone,AUTO
72564,ABARTH,124 SPIDER,RED,Petrol,3,13200,41695,82,06/12/2021,OTHER,AUTO
9817,MERCEDES-BENZ,CLA,WHITE,Petrol,2,21700,26124,62,01/09/2018,TradeZone,MANUAL
62356,MERCEDES-BENZ,CLA,GREY,Petrol,1,18050,62234,62,30/09/2020,TradeZone,SEMI-AUTO
73686,MERCEDES-BENZ,CLA,SILVER,Petrol,1,23450,20768,38,14/05/2018,TradeZone,AUTO
61099,MERCEDES-BENZ,CLA,GREY,Petrol,1,21800,32084,41,31/03/2022,TradeZone,AUTO
96747,MINI,CLUBMAN,GREY,Petrol,2,8850,46379,89,14/11/2022,TradeZone,AUTO
96756,LAND ROVER,RANGE ROVER EVOQUE,YELLOW,Diesel,1,20300,18629,38,24/12/2020,PARTEX,MANUAL
13110,LAND ROVER,RANGE ROVER EVOQUE,BLUE,Diesel,1,18500,29983,49,25/09/2018,TradeZone,MANUAL
79295,LAND ROVER,RANGE ROVER EVOQUE,GREY,Diesel,2,17100,48574,50,23/07/2021,TradeZone,SEMI-AUTO
46184,LAND ROVER,RANGE ROVER EVOQUE,GREEN,Diesel,1,18200,33409,50,01/03/2016,PARTEX,AUTO
45052,LAND ROVER,RANGE ROVER EVOQUE,SILVER,Diesel,1,17700,40953,50,01/04/2021,TradeZone,AUTO
89277,VAUXHALL,ZAFIRA,BLUE,Petrol,4,5050,63474,92,28/09/2021,TradeZone,AUTO
30831,VOLKSWAGEN,CARAVELLE,GREY,Diesel,3,39400,45926,53,31/10/2019,TradeZone,AUTO
69388,VOLKSWAGEN,TOUAREG,RED,Diesel,3,30100,29440,68,12/08/2016,TradeZone,MANUAL
19556,FORD,FOCUS,WHITE,Diesel,2,6175,62000,100,18/08/2020,TradeZone,MANUAL
16034,SEAT,IBIZA,GREY,Petrol,2,6050,52914,95,09/08/2021,TradeZone,AUTO
28426,SEAT,ARONA,GREY,Petrol,1,12200,39775,39,27/01/2020,TradeZone,MANUAL
85418,SEAT,MII,SILVER,Petrol,2,3350,83347,95,31/03/2022,TradeZone,MANUAL
71833,FORD,ECOSPORT,GREY,Diesel,2,8250,33628,80,20/12/2019,TradeZone,MANUAL
44091,HYUNDAI,I20,GREY,Petrol,1,12350,13230,31,30/09/2020,TradeZone,MANUAL
49969,VAUXHALL,CORSA,WHITE,Petrol,3,4150,66200,77,29/09/2020,TradeZone,SEMI-AUTO
63767,VAUXHALL,CORSA,UNKNOWN,Petrol,2,5900,32161,76,27/01/2022,OTHER,MANUAL
49341,VAUXHALL,CORSA,RED,Petrol,1,6500,24773,74,06/07/2020,TradeZone,AUTO
13843,VAUXHALL,CORSA,BLACK,Petrol,2,5000,50000,72,18/12/2018,TradeZone,MANUAL
7117,SKODA,KAMIQ,BLACK,Petrol,1,16650,26786,50,31/03/2016,TradeZone,MANUAL
21869,SKODA,KAMIQ,BLACK,Petrol,1,14950,46423,50,10/09/2020,TradeZone,MANUAL
88494,SKODA,KAMIQ,WHITE,Petrol,1,15700,31219,53,24/09/2018,TradeZone,MANUAL
94010,SKODA,KAMIQ,GREY,Petrol,1,16950,22496,50,30/09/2021,OTHER,MANUAL
41570,VAUXHALL,MERIVA,BEIGE,Diesel,2,1175,158012,121,31/01/2020,TradeZone,MANUAL
97207,MERCEDES-BENZ,A-CLASS,BLACK,Petrol,2,10650,44063,84,30/04/2018,TradeZone,MANUAL
71413,AUDI,Q2,BLACK,Diesel,2,12450,50828,72,30/06/2020,OTHER,AUTO
44714,MINI,COUNTRYMAN,BLACK,Hybrid,2,11300,57132,77,31/03/2021,TradeZone,AUTO
96717,VOLVO,XC40,BRONZE,Hybrid,1,18850,37018,37,23/10/2018,TradeZone,MANUAL
91921,VOLVO,XC40,BLACK,Hybrid,1,16700,54529,41,06/09/2019,TradeZone,MANUAL
83707,SMART,FORFOUR,WHITE,Petrol,4,6075,47700,99,16/01/2018,TradeZone,MANUAL
78967,LAND ROVER,RANGE ROVER EVOQUE,BLUE,Diesel,1,15100,51251,47,28/05/2021,TradeZone,AUTO
84574,LAND ROVER,RANGE ROVER EVOQUE,BLACK,Diesel,1,16200,33912,50,21/08/2020,TradeZone,SEMI-AUTO
21978,LAND ROVER,RANGE ROVER EVOQUE,WHITE,Diesel,1,15600,43251,48,31/03/2017,TradeZone,MANUAL
40178,LAND ROVER,RANGE ROVER EVOQUE,BLACK,Diesel,1,15800,40000,50,31/03/2021,TradeZone,MANUAL
6385,MINI,CONVERTIBLE,GREY,Petrol,3,5300,37750,122,17/09/2021,TradeZone,MANUAL
14156,VAUXHALL,GRANDLAND X,GREY,Diesel,1,9450,59157,53,13/10/2022,TradeZone,AUTO
18392,VAUXHALL,GRANDLAND X,RED,Diesel,1,10750,36841,51,21/11/2022,OTHER,AUTO
14320,MERCEDES-BENZ,C-CLASS,GREY,Petrol,1,21250,25370,50,10/03/2017,TradeZone,SEMI-AUTO
44514,MERCEDES-BENZ,CLA,SILVER,Petrol,2,13950,26874,74,09/02/2022,TradeZone,AUTO
71302,BMW,3 SERIES GT,YELLOW,Diesel,4,10450,64362,95,09/09/2017,TradeZone,MANUAL
45227,FORD,FOCUS,WHITE,Petrol,3,1500,76845,173,11/09/2017,PARTEX,MANUAL
62602,FORD,FOCUS,BLUE,Petrol,3,1150,83000,198,12/08/2021,TradeZone,SEMI-AUTO
7234,VOLVO,XC60,WHITE,Diesel,4,6350,75458,151,21/12/2021,TradeZone,AUTO
740,VOLKSWAGEN,ID.4,BLACK,Electric,3,14550,36161,44,24/02/2020,TradeZone,SEMI-AUTO
50665,AUDI,A3,SILVER,Petrol,1,18350,13109,50,09/03/2018,TradeZone,AUTO
29706,AUDI,A3,SILVER,Petrol,1,18450,12878,50,31/05/2022,OTHER,MANUAL
27738,VAUXHALL,GRANDLAND X,GREY,Petrol,1,14550,9269,41,27/09/2021,TradeZone,MANUAL
58070,VOLKSWAGEN,POLO,BLUE,Petrol,3,3975,45187,169,27/06/2019,TradeZone,SEMI-AUTO
77474,RENAULT,KADJAR,RED,Petrol,2,11100,33800,68,13/12/2019,TradeZone,MANUAL
28316,NISSAN,X-TRAIL,BLUE,Diesel,3,5650,99315,98,31/07/2018,TradeZone,MANUAL
43988,RENAULT,CAPTUR,WHITE,Diesel,1,4175,51809,110,27/05/2018,TradeZone,AUTO
40749,RENAULT,CAPTUR,WHITE,Diesel,4,2500,107000,120,20/09/2019,TradeZone,MANUAL
86703,RENAULT,CAPTUR,GREEN,Diesel,3,3400,68902,119,27/11/2019,OTHER,AUTO
51596,BMW,3 SERIES,WHITE,Diesel,3,9125,83170,104,30/09/2018,TradeZone,MANUAL
32579,VOLKSWAGEN,T-CROSS,WHITE,Petrol,,15750,32657,25,19/03/2021,TradeZone,SEMI-AUTO
21265,SKODA,FABIA,SILVER,Petrol,3,1100,80000,197,07/02/2020,TradeZone,AUTO
29766,SEAT,TOLEDO,GREEN,Petrol,3,3275,68004,126,16/11/2020,TradeZone,MANUAL
83107,FORD,FIESTA,BLACK,Petrol,1,10300,15073,49,01/03/2019,TradeZone,MANUAL
58334,LAND ROVER,DISCOVERY SPORT,WHITE,Diesel,2,6450,76368,73,28/09/2017,PARTEX,MANUAL
96645,DACIA,SANDERO STEPWAY,BLACK,Petrol,2,4800,30455,92,20/04/2021,TradeZone,MANUAL
90663,SKODA,FABIA,WHITE,Petrol,1,16300,13480,12,11/09/2017,TradeZone,AUTO
45677,PEUGEOT,E-208,GREY,Electric,2,8225,60452,47,13/06/2017,PARTEX,MANUAL
28371,PEUGEOT,E-208,RED,Electric,1,11250,21709,39,31/03/2018,TradeZone,MANUAL
65333,PEUGEOT,E-208,BLUE,Electric,1,12200,17561,27,27/09/2018,TradeZone,MANUAL
61721,PEUGEOT,E-208,BLACK,Electric,2,10800,25737,41,31/05/2018,PARTEX,MANUAL
44076,SEAT,IBIZA,WHITE,Petrol,2,9250,31870,69,31/03/2017,TradeZone,AUTO
94025,PEUGEOT,2008,BLUE,Petrol,3,6650,24711,82,02/08/2021,TradeZone,AUTO
79462,PEUGEOT,2008,BLACK,Petrol,2,5450,50799,86,16/09/2019,TradeZone,AUTO
13143,RENAULT,CAPTUR,GREY,Petrol,3,8125,18640,72,21/10/2022,TradeZone,MANUAL
48765,RENAULT,CAPTUR,BLACK,Petrol,1,7225,35291,72,26/06/2018,TradeZone,SEMI-AUTO
51506,MINI,HATCHBACK,WHITE,Petrol,1,10800,37202,49,26/11/2021,TradeZone,AUTO
22304,MINI,COUNTRYMAN,BLACK,Petrol,2,12400,45784,74,30/11/2021,TradeZone,SEMI-AUTO
22851,MINI,COUNTRYMAN,BLACK,Petrol,2,12250,41274,78,30/12/2020,TradeZone,MANUAL
22250,AUDI,A1,BLACK,Petrol,1,22400,3182,9,22/09/2021,TradeZone,AUTO
28950,AUDI,A1,BLACK,Petrol,2,15500,24546,76,25/05/2018,PARTEX,MANUAL
40863,AUDI,A1,WHITE,Petrol,1,22200,5203,10,03/06/2019,TradeZone,MANUAL
25449,BMW,X1,SILVER,Diesel,2,9350,52000,80,13/12/2018,OTHER,MANUAL
31958,HONDA,HR-V,GREY,Diesel,2,7900,72200,81,20/03/2019,TradeZone,MANUAL
13469,PEUGEOT,3008,GREEN,Diesel,2,11100,33546,71,28/09/2017,TradeZone,MANUAL
52614,PEUGEOT,3008,GREEN,Petrol,2,12300,38200,59,21/09/2020,TradeZone,SEMI-AUTO
34955,LAND ROVER,RANGE ROVER VELAR,BLUE,Diesel,1,23750,28359,49,28/05/2021,TradeZone,AUTO
66076,PEUGEOT,108,WHITE,Petrol,3,3475,47555,93,30/11/2020,TradeZone,MANUAL
54808,JAGUAR,XE,GREY,Petrol,2,11200,38245,83,13/05/2021,TradeZone,SEMI-AUTO
6829,TOYOTA,C-HR,BLACK,Hybrid,3,12200,59486,78,17/10/2018,TradeZone,MANUAL
30969,KIA,SPORTAGE,RED,Diesel,2,16100,45000,52,15/12/2020,PARTEX,SEMI-AUTO
16992,VOLKSWAGEN,PASSAT,BLACK,Petrol,1,17250,21578,52,18/04/2019,TradeZone,MANUAL
21259,FORD,FIESTA,WHITE,Diesel,2,7850,48213,66,01/03/2019,TradeZone,MANUAL
31364,AUDI,SQ5,GREY,Diesel,5,9575,119373,121,27/03/2018,TradeZone,MANUAL
63452,FORD,ECOSPORT,RED,Diesel,3,5325,104500,79,05/09/2019,TradeZone,MANUAL
71368,KIA,STONIC,RED,Petrol,2,13750,9054,35,10/07/2017,TradeZone,MANUAL
76790,CITROEN,C1,GREY,Petrol,7,250,144600,206,19/02/2021,TradeZone,SEMI-AUTO
42576,PEUGEOT,2008,RED,Petrol,1,12000,23125,47,13/09/2017,PARTEX,MANUAL
62137,PEUGEOT,2008,BLUE,Petrol,2,11400,47970,36,08/04/2019,TradeZone,SEMI-AUTO
1588,PEUGEOT,2008,WHITE,Petrol,1,12450,30914,38,29/09/2018,TradeZone,SEMI-AUTO
75300,SKODA,SUPERB,BLUE,Diesel,2,13650,50506,81,30/03/2021,TradeZone,MANUAL
3741,VOLKSWAGEN,ID.3,BLUE,Electric,4,12350,35628,53,01/03/2018,TradeZone,MANUAL
88859,JAGUAR,I-PACE,BLACK,Electric,1,18000,22250,53,30/06/2021,PARTEX,MANUAL
62900,JAGUAR,I-PACE,GREY,Electric,2,17150,31427,55,26/09/2019,TradeZone,MANUAL
94425,JAGUAR,I-PACE,WHITE,Electric,1,16300,41265,53,02/09/2022,TradeZone,MANUAL
2565,JAGUAR,I-PACE,WHITE,Electric,1,18050,27510,50,16/06/2021,TradeZone,MANUAL
33325,JAGUAR,I-PACE,GREY,Electric,1,14650,62238,53,25/01/2019,TradeZone,MANUAL
69872,JAGUAR,I-PACE,GREY,Electric,1,14050,76525,50,30/11/2020,TradeZone,MANUAL
69440,JAGUAR,I-PACE,SILVER,Electric,1,15100,62956,50,26/01/2022,TradeZone,SEMI-AUTO
51078,JAGUAR,I-PACE,MAUVE/PURPLE,Electric,1,17750,34301,44,21/07/2018,TradeZone,MANUAL
79569,BMW,X3,BLACK,Petrol,2,20500,38000,75,07/01/2019,OTHER,MANUAL
99774,SEAT,ARONA,BLACK,Petrol,1,10700,40500,62,31/10/2018,TradeZone,SEMI-AUTO
73896,PEUGEOT,3008,BLUE,Hybrid,1,17350,24269,37,09/11/2018,TradeZone,SEMI-AUTO
98481,VOLKSWAGEN,GOLF,WHITE,Diesel,1,11700,66938,54,18/03/2020,TradeZone,MANUAL
83270,AUDI,A1,WHITE,Petrol,1,16600,37981,23,30/11/2021,TradeZone,AUTO
55312,MAZDA,MAZDA2,GREY,Petrol,2,3300,53562,134,30/11/2020,TradeZone,MANUAL
77015,FORD,FOCUS,GREY,Diesel,3,1250,132000,140,11/05/2021,TradeZone,SEMI-AUTO
80817,AUDI,A3,BLACK,Petrol,1,13900,30000,69,29/12/2020,TradeZone,MANUAL
28314,MERCEDES-BENZ,E-CLASS,WHITE,Diesel,3,6275,93500,125,26/05/2021,TradeZone,MANUAL
30392,VAUXHALL,MOKKA,RED,Petrol,2,12850,20152,50,17/12/2020,TradeZone,AUTO
14162,KIA,STONIC,BLACK,Petrol,2,16800,21751,18,30/12/2020,TradeZone,AUTO
25081,VAUXHALL,GRANDLAND X,BLACK,Diesel,2,9675,39965,56,30/10/2020,TradeZone,MANUAL
64953,FORD,FIESTA,BLACK,Petrol,1,8000,72516,50,31/10/2018,TradeZone,MANUAL
2474,FORD,FIESTA,BLACK,Petrol,2,10650,33317,47,29/03/2021,TradeZone,SEMI-AUTO
24804,SKODA,FABIA,YELLOW,Petrol,3,8625,27421,92,22/03/2017,PARTEX,MANUAL
46516,VAUXHALL,CORSA,ORANGE,Petrol,2,9225,35567,60,30/09/2020,TradeZone,MANUAL
80577,NISSAN,QASHQAI,WHITE,Petrol,2,18250,5472,32,09/07/2020,TradeZone,SEMI-AUTO
60391,LAND ROVER,RANGE ROVER SPORT,WHITE,Hybrid,1,30000,57241,62,30/11/2021,TradeZone,MANUAL
7250,BMW,1 SERIES,WHITE,Petrol,2,7000,52248,120,30/10/2021,TradeZone,MANUAL
86137,AUDI,E-TRON,BLACK,Electric,4,22000,35814,48,01/07/2019,TradeZone,MANUAL
41871,FORD,FUSION,GREY,Petrol,2,2025,53000,189,31/03/2021,TradeZone,MANUAL
80216,FORD,FOCUS,BLACK,Petrol,1,9500,39672,63,30/06/2020,TradeZone,MANUAL
12749,FORD,FOCUS,BLUE,Petrol,3,8850,40572,77,22/07/2019,OTHER,SEMI-AUTO
38305,FORD,FOCUS,GREY,Petrol,3,8725,47355,74,16/03/2020,TradeZone,SEMI-AUTO
81930,FORD,FOCUS,RED,Petrol,3,9300,32088,78,12/09/2019,TradeZone,MANUAL
27552,NISSAN,JUKE,WHITE,Diesel,2,8025,20995,80,29/04/2022,TradeZone,MANUAL
44900,MINI,HATCHBACK,ORANGE,Petrol,2,8450,57543,84,12/11/2021,OTHER,MANUAL
75666,BMW,X2,RED,Diesel,1,13100,65875,54,01/03/2018,TradeZone,MANUAL
17689,KIA,CEED,GREY,Petrol,1,11300,14937,35,08/04/2019,OTHER,MANUAL
3490,KIA,CEED,GREY,Petrol,2,6750,78958,67,26/04/2022,TradeZone,AUTO
60603,MERCEDES-BENZ,E-CLASS,WHITE,Diesel,3,25850,72981,48,02/05/2023,TradeZone,AUTO
33940,PEUGEOT,3008,BLUE,Petrol,1,18600,30895,38,06/09/2019,TradeZone,SEMI-AUTO
74709,PEUGEOT,3008,WHITE,Petrol,1,19300,24104,38,23/09/2021,TradeZone,AUTO
435,PEUGEOT,3008,WHITE,Petrol,1,20150,17661,38,07/03/2017,TradeZone,MANUAL
16697,MITSUBISHI,ASX,GREY,Petrol,3,2800,84249,122,16/10/2019,TradeZone,MANUAL
73497,NISSAN,JUKE,WHITE,Hybrid,1,20100,1422,15,26/08/2021,TradeZone,AUTO
68881,FORD,FIESTA,BLUE,Petrol,2,4375,44303,98,31/12/2019,TradeZone,MANUAL
11441,VAUXHALL,CORSA,WHITE,Petrol,1,9350,24710,37,29/09/2020,TradeZone,AUTO
98078,VAUXHALL,CORSA,BLUE,Petrol,1,9575,20894,38,29/11/2021,TradeZone,AUTO
28690,VAUXHALL,CORSA,BLACK,Petrol,1,9750,13703,39,14/03/2018,OTHER,MANUAL
97451,VAUXHALL,CORSA,WHITE,Petrol,1,9575,16565,39,24/03/2017,PARTEX,MANUAL
24154,VAUXHALL,CORSA,BLACK,Petrol,1,9125,28100,38,13/09/2018,TradeZone,AUTO
58482,VAUXHALL,CORSA,WHITE,Petrol,1,10100,12004,35,26/06/2020,TradeZone,AUTO
6293,VAUXHALL,CORSA,WHITE,Petrol,1,9625,15057,39,29/01/2019,PARTEX,MANUAL
20102,VAUXHALL,CORSA,GREY,Petrol,1,9900,15145,38,12/09/2019,TradeZone,SEMI-AUTO
16768,VAUXHALL,CORSA,BLACK,Petrol,1,9925,10569,40,15/04/2016,TradeZone,MANUAL
7815,VAUXHALL,CORSA,BLUE,Petrol,1,10050,8684,39,27/12/2018,TradeZone,SEMI-AUTO
52074,VAUXHALL,CORSA,BLACK,Petrol,1,9500,17832,39,17/06/2017,PARTEX,SEMI-AUTO
78453,VAUXHALL,CORSA,BLACK,Petrol,1,9900,15216,38,02/03/2017,TradeZone,MANUAL
78180,FORD,KUGA,GREY,Diesel,2,8075,73265,89,28/09/2017,TradeZone,MANUAL
35846,FORD,KUGA,BLUE,Diesel,3,8300,70201,90,16/01/2023,TradeZone,SEMI-AUTO
83127,FORD,KUGA,BLUE,Diesel,2,9650,52648,90,29/06/2017,PARTEX,MANUAL
14172,VAUXHALL,ASTRA,BLUE,Petrol,3,7075,40200,96,31/05/2019,TradeZone,MANUAL
48242,FORD,FOCUS,BLUE,Petrol,1,17550,2429,5,25/02/2019,TradeZone,MANUAL
12723,FORD,FOCUS,BLACK,Petrol,1,14850,27547,11,21/12/2017,OTHER,AUTO
69332,MERCEDES-BENZ,CLA,WHITE,Petrol,,12950,50638,74,24/03/2020,OTHER,MANUAL
23846,PEUGEOT,208,WHITE,Petrol,1,11700,42438,37,03/09/2020,TradeZone,AUTO
28048,PEUGEOT,208,GREY,Petrol,1,14000,17183,38,24/09/2020,TradeZone,MANUAL
87932,PEUGEOT,208,RED,Petrol,1,14850,9783,38,15/08/2019,PARTEX,MANUAL
19283,PEUGEOT,208,BLACK,Petrol,1,13700,20174,38,17/07/2020,TradeZone,MANUAL
19081,TOYOTA,PRIUS+,WHITE,Hybrid,2,15950,47500,72,17/03/2016,TradeZone,MANUAL
76267,BMW,2 SERIES GRAN TOURER,BLACK,Diesel,2,10850,47000,84,16/12/2019,TradeZone,SEMI-AUTO
49940,AUDI,A3,GREY,Petrol,1,18550,26079,50,20/03/2019,TradeZone,AUTO
65237,VOLVO,XC60,BLUE,Hybrid,1,26300,25728,50,18/06/2021,TradeZone,MANUAL
24362,VOLVO,XC60,SILVER,Hybrid,1,23500,47963,49,16/03/2020,TradeZone,SEMI-AUTO
67184,VOLVO,XC60,WHITE,Hybrid,1,21250,61365,51,16/12/2016,TradeZone,SEMI-AUTO
76037,BMW,3 SERIES,SILVER,Hybrid,2,19400,23119,59,26/03/2021,TradeZone,AUTO
98309,CITROEN,GRAND C4 SPACETOURER,RED,Diesel,1,10950,64926,74,08/01/2019,PARTEX,MANUAL
80749,SKODA,KAROQ,WHITE,Petrol,1,27600,8182,12,20/03/2020,TradeZone,SEMI-AUTO
2533,SKODA,KAROQ,GREY,Petrol,1,27600,4612,16,22/03/2021,TradeZone,MANUAL
17199,SKODA,KAROQ,BLUE,Petrol,1,25200,20555,20,11/08/2021,OTHER,AUTO
24316,BMW,4 SERIES,WHITE,Petrol,1,11300,68983,84,17/05/2021,TradeZone,AUTO
28158,BMW,4 SERIES,BLUE,Petrol,2,14000,39574,80,21/05/2021,OTHER,SEMI-AUTO
46816,KIA,RIO,WHITE,Petrol,1,8625,23800,62,17/01/2020,TradeZone,MANUAL
93437,MINI,HATCHBACK,BLACK,Petrol,4,6250,47181,103,21/12/2016,TradeZone,AUTO
13998,MG,MG3,BLACK,Petrol,3,2875,65000,86,30/12/2021,TradeZone,AUTO
80885,BMW,X1,BLACK,Petrol,3,15000,28374,76,16/12/2020,TradeZone,AUTO
61923,ALFA ROMEO,MITO,SILVER,Petrol,2,4475,40000,94,05/05/2021,TradeZone,AUTO
22430,VAUXHALL,ASTRA,WHITE,Petrol,2,1300,105250,146,28/09/2021,TradeZone,MANUAL
92073,DS,DS 4,BLACK,Diesel,3,5025,23520,95,28/06/2019,TradeZone,MANUAL
97035,AUDI,A3,BLACK,Petrol,1,11550,71966,86,16/09/2020,TradeZone,AUTO
44304,MERCEDES-BENZ,A-CLASS,SILVER,Diesel,4,7300,79866,104,22/01/2018,TradeZone,AUTO
66301,CITROEN,DS3,BLACK,Petrol,2,4300,16000,126,14/05/2021,TradeZone,AUTO
48484,KIA,SPORTAGE,BLACK,Diesel,1,14500,28212,51,30/04/2021,TradeZone,MANUAL
76219,DACIA,SANDERO STEPWAY,GREY,Petrol,1,2400,51812,121,30/09/2019,TradeZone,SEMI-AUTO
9904,FORD,FOCUS,RED,Petrol,3,9300,49579,74,08/11/2019,TradeZone,AUTO
10925,VOLVO,V40,GREY,Diesel,3,3225,142000,104,12/10/2020,TradeZone,AUTO
24529,CUPRA,TERRAMAR,BLACK,Hybrid,1,40300,1705,4,24/11/2020,TradeZone,SEMI-AUTO
70260,VOLKSWAGEN,GOLF,SILVER,Diesel,2,6250,84100,99,13/02/2017,TradeZone,AUTO
93340,AUDI,A1,BLUE,Petrol,3,3975,81960,124,26/04/2021,TradeZone,MANUAL
95785,BMW,2 SERIES GRAN COUPE,BLUE,Diesel,1,17800,28445,50,29/06/2017,TradeZone,MANUAL
89466,BMW,2 SERIES GRAN COUPE,WHITE,Diesel,1,16750,40211,50,07/05/2019,TradeZone,MANUAL
48048,MAZDA,CX-5,TURQUOISE,Petrol,1,5575,80500,124,13/07/2021,OTHER,MANUAL
2102,FORD,FIESTA,SILVER,Petrol,1,10150,25702,54,13/11/2019,TradeZone,AUTO
79719,FORD,FIESTA,RED,Petrol,1,9600,32425,53,09/11/2020,TradeZone,AUTO
258,FORD,KUGA,BLACK,Petrol,1,21500,11536,19,27/10/2021,TradeZone,MANUAL
67706,FORD,KUGA,GREY,Petrol,1,19250,18159,36,12/03/2019,TradeZone,AUTO
4849,AUDI,Q5,BLACK,Diesel,2,21850,32782,62,15/05/2021,OTHER,MANUAL
37329,AUDI,Q5,RED,Diesel,2,19550,47144,74,24/05/2021,TradeZone,SEMI-AUTO
31306,TOYOTA,AYGO FUNROOF,RED,Petrol,1,8375,34574,55,06/08/2019,TradeZone,MANUAL
48086,VAUXHALL,ASTRA GTC,BLACK,Petrol,2,1475,106000,151,19/01/2023,TradeZone,AUTO
1460,BMW,2 SERIES GRAN COUPE,BLACK,Petrol,1,19500,17000,49,08/08/2017,TradeZone,AUTO
12055,ALFA ROMEO,GIULIETTA,GREY,Petrol,2,2825,101000,128,11/07/2019,TradeZone,AUTO
51383,FORD,FOCUS,WHITE,Diesel,2,9750,32274,64,23/03/2018,PARTEX,MANUAL
2070,MINI,COUNTRYMAN,SILVER,Diesel,2,11000,29241,89,24/07/2020,TradeZone,AUTO
30436,SEAT,LEON,BLUE,Petrol,2,10700,34800,68,22/10/2021,TradeZone,AUTO
15583,SEAT,LEON,BLUE,Petrol,2,10150,39800,70,27/03/2018,TradeZone,MANUAL
41729,SEAT,LEON,RED,Petrol,3,11500,30520,58,19/03/2020,OTHER,SEMI-AUTO
41886,PEUGEOT,3008,BLACK,Diesel,3,10750,75122,49,19/05/2020,TradeZone,MANUAL
33366,MERCEDES-BENZ,E-CLASS,RED,Petrol,1,25900,36935,52,14/09/2018,TradeZone,AUTO
52045,MERCEDES-BENZ,A-CLASS,GREY,Diesel,2,6325,100000,110,01/02/2022,TradeZone,AUTO
83447,BMW,2 SERIES GRAN TOURER,RED,Diesel,2,5250,123200,104,30/06/2018,TradeZone,MANUAL
91832,CUPRA,FORMENTOR,GREY,Hybrid,2,14850,61275,44,27/05/2016,TradeZone,MANUAL
96631,CUPRA,FORMENTOR,BLACK,Hybrid,1,17400,25920,40,22/05/2021,TradeZone,MANUAL
90324,SEAT,ALTEA XL,WHITE,Diesel,5,560,126620,212,11/05/2022,TradeZone,MANUAL
46885,NISSAN,JUKE,BLACK,Petrol,3,2825,97000,146,10/12/2019,TradeZone,MANUAL
16969,HONDA,CIVIC,RED,Petrol,3,10500,41532,84,23/04/2018,TradeZone,AUTO
52138,VAUXHALL,CORSA,WHITE,Petrol,3,7625,20327,107,01/03/2019,TradeZone,AUTO
73915,VAUXHALL,CORSA,GREY,Petrol,2,6775,33000,107,23/09/2019,TradeZone,AUTO
28325,AUDI,Q5,SILVER,Petrol,1,37900,10580,47,30/09/2020,OTHER,SEMI-AUTO
97223,VOLKSWAGEN,MULTIVAN,BLUE,Diesel,1,50300,6434,14,24/11/2020,TradeZone,SEMI-AUTO
20275,VOLKSWAGEN,MULTIVAN,BLACK,Diesel,1,48300,16965,12,06/02/2019,TradeZone,AUTO
9899,VOLKSWAGEN,MULTIVAN,RED,Diesel,1,49300,11878,14,18/03/2019,TradeZone,MANUAL
13828,FORD,FIESTA,BLACK,Petrol,3,9925,33737,72,12/09/2019,TradeZone,AUTO
6420,CITROEN,C4,BLACK,Petrol,1,12850,15600,47,23/09/2020,PARTEX,SEMI-AUTO
67247,RENAULT,CAPTUR,WHITE,Petrol,1,11550,18483,38,29/12/2020,TradeZone,AUTO
68647,HYUNDAI,I40,WHITE,Diesel,4,1250,149500,126,08/09/2021,TradeZone,MANUAL
49226,MINI,HATCHBACK,ORANGE,Petrol,1,12450,47748,38,16/12/2019,TradeZone,AUTO
13991,ALFA ROMEO,GIULIA,RED,Petrol,2,12750,51598,57,20/10/2016,TradeZone,MANUAL
10307,SAAB,09-Mar,BLACK,Other,5,660,123500,206,29/03/2019,TradeZone,AUTO
17360,PEUGEOT,208,WHITE,Petrol,2,5625,35104,68,29/11/2018,TradeZone,MANUAL
91190,RENAULT,CAPTUR,GREY,Petrol,2,6600,53868,66,02/08/2019,TradeZone,MANUAL
59263,RENAULT,CAPTUR,BLACK,Petrol,4,7400,26156,78,01/03/2017,OTHER,AUTO
86890,RENAULT,CAPTUR,BLUE,Petrol,2,6875,43527,74,30/03/2018,TradeZone,MANUAL
98800,LAND ROVER,RANGE ROVER EVOQUE,RED,Diesel,3,16000,34195,58,27/03/2019,TradeZone,MANUAL
26501,SKODA,KAROQ,WHITE,Petrol,1,15900,26030,48,01/08/2020,TradeZone,MANUAL
28126,KIA,PICANTO,BLACK,Petrol,3,1900,72000,152,17/01/2022,TradeZone,MANUAL
58682,VAUXHALL,INSIGNIA,BROWN,Petrol,6,460,142727,193,28/09/2017,TradeZone,MANUAL
16524,MINI,COUNTRYMAN,BLUE,Petrol,2,22000,43622,50,09/09/2021,TradeZone,AUTO
31546,VOLVO,XC40,BLUE,Petrol,2,17800,24696,56,31/03/2018,TradeZone,AUTO
13044,VOLVO,XC40,RED,Petrol,2,16900,34653,56,20/08/2020,TradeZone,AUTO
58438,VOLVO,XC40,GREY,Petrol,1,16050,46553,51,30/10/2018,TradeZone,MANUAL
42394,VOLVO,XC40,BLACK,Petrol,1,18150,26096,48,13/02/2019,TradeZone,MANUAL
26437,VOLVO,XC40,BLUE,Petrol,2,17000,33435,56,13/01/2021,TradeZone,AUTO
12751,SUZUKI,SWIFT,WHITE,Petrol,2,7025,41578,72,26/10/2021,TradeZone,AUTO
35128,SUZUKI,SWIFT,BLACK,Petrol,2,6850,40720,76,10/01/2024,TradeZone,MANUAL
91767,LAND ROVER,RANGE ROVER VELAR,SILVER,Diesel,4,20400,65121,83,31/03/2018,PARTEX,MANUAL
53348,LAND ROVER,RANGE ROVER VELAR,BLACK,Diesel,4,19300,71899,89,30/09/2019,OTHER,SEMI-AUTO
70863,NISSAN,JUKE,BLUE,Petrol,4,1500,120463,164,07/09/2020,TradeZone,AUTO
8096,NISSAN,JUKE,GREY,Petrol,6,2300,85841,139,22/11/2018,TradeZone,MANUAL
17505,FORD,C-MAX,BLACK,Diesel,5,1975,125000,133,25/05/2021,TradeZone,MANUAL
87860,RENAULT,ZOE,SILVER,Electric,1,7725,42285,49,19/01/2018,TradeZone,SEMI-AUTO
93664,LAND ROVER,RANGE ROVER EVOQUE,BLACK,Hybrid,1,21950,29573,49,17/01/2022,TradeZone,MANUAL
90096,LAND ROVER,RANGE ROVER EVOQUE,BLACK,Hybrid,1,19850,54053,50,30/04/2019,TradeZone,SEMI-AUTO
51125,RENAULT,CLIO,BLACK,Petrol,3,5800,42407,101,01/03/2019,TradeZone,AUTO
23759,RENAULT,CLIO,BLACK,Petrol,4,6075,44707,89,30/01/2020,TradeZone,SEMI-AUTO
3461,BMW,X1,GREY,Diesel,1,10350,50522,87,30/01/2019,TradeZone,AUTO
41769,SUZUKI,VITARA,SILVER,Petrol,2,8550,29963,74,13/02/2019,TradeZone,MANUAL
43927,BMW,5 SERIES,GREY,Petrol,1,22150,32158,38,24/03/2021,TradeZone,AUTO
74780,PEUGEOT,208,BLUE,Petrol,3,5200,42251,96,05/03/2022,TradeZone,MANUAL
66477,PEUGEOT,208,SILVER,Petrol,2,4700,44925,108,28/02/2017,TradeZone,MANUAL
58320,AUDI,Q2,BLUE,Petrol,2,25100,5177,20,04/11/2020,TradeZone,MANUAL
1288,HYUNDAI,KONA,BLUE,Electric,2,10700,44000,55,16/09/2020,PARTEX,MANUAL
24180,VOLKSWAGEN,POLO,BLACK,Petrol,1,9600,26349,74,31/07/2018,PARTEX,MANUAL
50414,AUDI,TT,BLUE,Petrol,2,11100,67775,110,22/08/2018,TradeZone,SEMI-AUTO
30994,BMW,1 SERIES,WHITE,Diesel,2,7525,74781,84,16/07/2020,TradeZone,MANUAL
91967,SEAT,ALHAMBRA,BLACK,Diesel,2,9475,73214,106,29/07/2020,TradeZone,SEMI-AUTO
25477,VOLVO,XC40,RED,Diesel,2,16050,57309,67,12/10/2017,TradeZone,AUTO
16901,CITROEN,DS3,BLACK,Petrol,4,1250,96039,146,15/10/2019,TradeZone,AUTO
54034,CITROEN,C3 AIRCROSS,GREY,Petrol,2,5325,39188,86,22/10/2019,TradeZone,AUTO
88287,MERCEDES-BENZ,GLC,BLACK,Hybrid,1,24250,60165,53,30/10/2020,TradeZone,MANUAL
8381,VOLKSWAGEN,POLO,GREY,Petrol,4,6250,77496,89,16/08/2019,TradeZone,SEMI-AUTO
93619,BMW,3 SERIES,WHITE,Petrol,1,21600,34003,46,02/03/2021,TradeZone,AUTO
54042,MINI,COUNTRYMAN,GREY,Diesel,1,14900,24013,71,30/09/2018,TradeZone,SEMI-AUTO
47859,BMW,1 SERIES,WHITE,Diesel,3,4050,74000,124,07/09/2020,TradeZone,MANUAL
70897,SKODA,CITIGO,GREY,Petrol,2,5175,46364,79,16/09/2019,TradeZone,AUTO
25340,SKODA,CITIGO,BLUE,Petrol,3,4600,68948,74,31/03/2017,TradeZone,MANUAL
2864,BMW,2 SERIES,BLACK,Petrol,3,10800,43000,90,16/08/2019,TradeZone,SEMI-AUTO
3858,BMW,2 SERIES,WHITE,Petrol,1,14050,25000,62,26/03/2019,TradeZone,MANUAL
95650,BMW,2 SERIES,GREY,Petrol,4,11750,34355,86,31/05/2019,TradeZone,MANUAL
82688,BMW,2 SERIES,BLACK,Petrol,1,13300,30030,63,30/07/2020,TradeZone,AUTO
78989,BMW,2 SERIES,BLACK,Petrol,1,12250,47000,63,27/11/2018,PARTEX,MANUAL
63884,AUDI,A3,GREY,Petrol,3,10350,64788,84,03/09/2021,OTHER,MANUAL
65992,HYUNDAI,I10,RED,Petrol,1,12300,5363,12,22/06/2018,TradeZone,MANUAL
52931,RENAULT,MEGANE R.S.,BLUE,Petrol,2,12600,67216,68,05/08/2020,TradeZone,SEMI-AUTO
97883,BMW,2 SERIES GRAN COUPE,BLACK,Diesel,1,13950,74010,43,31/07/2020,TradeZone,AUTO
48782,KIA,SPORTAGE,GREY,Diesel,2,8300,59660,90,15/10/2021,TradeZone,AUTO
4091,MERCEDES-BENZ,E-CLASS,WHITE,Hybrid,1,22500,59222,53,26/07/2017,PARTEX,MANUAL
57550,KIA,XCEED,BLUE,Petrol,1,14650,24241,37,01/03/2017,TradeZone,AUTO
59002,KIA,XCEED,WHITE,Petrol,1,12800,46539,38,01/03/2018,TradeZone,AUTO
33052,VOLKSWAGEN,PASSAT,RED,Diesel,1,7225,73053,112,20/04/2017,TradeZone,MANUAL
61549,VOLVO,XC60,SILVER,Diesel,1,20600,34843,57,01/03/2018,TradeZone,MANUAL
60951,AUDI,A1,WHITE,Petrol,3,8050,44851,92,21/05/2018,PARTEX,SEMI-AUTO
16685,AUDI,A1,WHITE,Petrol,3,7400,51756,93,28/05/2021,TradeZone,MANUAL
38279,VOLKSWAGEN,GOLF,RED,Diesel,3,11600,39918,68,27/03/2018,TradeZone,MANUAL
27500,VOLKSWAGEN,GOLF,GREY,Diesel,1,8375,79301,69,31/05/2021,TradeZone,MANUAL
11219,VOLKSWAGEN,ARTEON,GREY,Diesel,2,17950,27691,72,30/03/2018,TradeZone,MANUAL
45871,SUZUKI,SWIFT,SILVER,Petrol,3,670,84000,191,01/03/2019,TradeZone,MANUAL
53261,SKODA,CITIGO,RED,Petrol,1,6625,41879,82,28/04/2021,OTHER,SEMI-AUTO
18202,NISSAN,QASHQAI,GREY,Diesel,4,5925,90135,110,29/09/2020,TradeZone,AUTO
83686,CITROEN,C3,WHITE,Petrol,2,5175,46131,93,20/10/2021,TradeZone,AUTO
27319,CITROEN,C3,GREY,Petrol,2,5625,42238,85,22/10/2021,TradeZone,AUTO
98777,PEUGEOT,2008,BLACK,Petrol,3,2300,74761,131,31/07/2019,TradeZone,AUTO
86967,VOLVO,XC90,BLACK,Hybrid,1,53400,9995,11,31/07/2020,TradeZone,MANUAL
4520,VOLVO,XC90,SILVER,Hybrid,1,52100,14949,13,05/03/2020,TradeZone,AUTO
34285,TOYOTA,COROLLA,GREEN,Hybrid,1,14700,34779,50,21/09/2020,TradeZone,MANUAL
5193,TOYOTA,COROLLA,BLUE,Hybrid,3,13350,34914,71,05/03/2019,TradeZone,MANUAL
8403,TOYOTA,COROLLA,GREY,Hybrid,3,10500,77495,75,03/09/2019,TradeZone,MANUAL
61031,MERCEDES-BENZ,GLA,WHITE,Diesel,4,11900,57195,92,29/03/2018,TradeZone,MANUAL
2584,MINI,HATCHBACK,BLUE,Petrol,2,14900,54140,44,30/01/2021,TradeZone,MANUAL
59478,JAGUAR,F-PACE,GREY,Diesel,2,11000,63248,92,24/04/2017,TradeZone,SEMI-AUTO
17454,KIA,XCEED,BLACK,Petrol,1,13650,34000,62,09/01/2018,TradeZone,MANUAL
44792,MINI,HATCHBACK,SILVER,Petrol,2,9200,24766,80,30/06/2017,TradeZone,AUTO
49724,MERCEDES-BENZ,A-CLASS,WHITE,Petrol,3,6125,91028,100,29/07/2021,TradeZone,MANUAL
99793,MERCEDES-BENZ,A-CLASS,SILVER,Petrol,2,8150,46000,91,26/10/2019,TradeZone,SEMI-AUTO
65698,BMW,X2,GREY,Petrol,2,17300,30277,73,06/03/2018,OTHER,MANUAL
40542,AUDI,SQ2,RED,Petrol,1,25100,16388,38,09/03/2018,TradeZone,MANUAL
35542,RENAULT,CAPTUR,WHITE,Petrol,2,5725,76780,86,29/06/2020,TradeZone,MANUAL
85017,MAZDA,CX-3,BLUE,Diesel,3,5000,69000,84,28/10/2021,OTHER,SEMI-AUTO
26266,KIA,PICANTO,BEIGE,Petrol,3,3550,53244,104,24/09/2022,TradeZone,MANUAL
41298,FORD,FOCUS,BLACK,Petrol,1,4075,69045,103,22/12/2020,TradeZone,MANUAL
96990,SEAT,LEON,BLACK,Petrol,2,14950,47069,69,31/12/2021,TradeZone,MANUAL
61858,TESLA,MODEL 3,RED,Electric,1,20700,14751,41,27/05/2022,TradeZone,MANUAL
70149,TESLA,MODEL 3,GREY,Electric,1,16600,57943,44,07/12/2020,TradeZone,SEMI-AUTO
96769,TESLA,MODEL 3,SILVER,Electric,1,17000,43098,50,31/05/2018,TradeZone,SEMI-AUTO
62513,TESLA,MODEL 3,GREY,Electric,1,16900,44435,50,14/06/2021,TradeZone,SEMI-AUTO
80945,TESLA,MODEL 3,GREY,Electric,1,19450,26283,41,30/04/2021,TradeZone,SEMI-AUTO
68207,TESLA,MODEL 3,GREY,Electric,1,17850,49956,38,29/04/2022,TradeZone,SEMI-AUTO
54851,TESLA,MODEL 3,WHITE,Electric,1,18500,36229,41,30/06/2018,TradeZone,MANUAL
94722,TESLA,MODEL 3,BLACK,Electric,1,18000,41405,41,30/07/2021,TradeZone,MANUAL
62728,TESLA,MODEL 3,RED,Electric,1,19250,28895,41,25/09/2020,TradeZone,SEMI-AUTO
21541,TESLA,MODEL 3,BLUE,Electric,1,17350,39396,50,08/07/2020,TradeZone,SEMI-AUTO
32529,TESLA,MODEL 3,BLACK,Electric,1,17400,54263,38,22/09/2021,OTHER,MANUAL
49950,TESLA,MODEL 3,RED,Electric,1,20150,19500,41,30/06/2022,TradeZone,AUTO
44631,TESLA,MODEL 3,ORANGE,Electric,1,17600,46284,44,19/11/2021,OTHER,SEMI-AUTO
58525,TESLA,MODEL 3,BLACK,Electric,1,16300,67171,38,15/04/2021,TradeZone,MANUAL
19339,TESLA,MODEL 3,WHITE,Electric,1,17250,40000,50,25/04/2019,TradeZone,SEMI-AUTO
82440,TESLA,MODEL 3,RED,Electric,1,19200,29010,41,31/10/2018,OTHER,MANUAL
77327,TESLA,MODEL 3,BLUE,Electric,1,16300,34397,56,02/07/2021,TradeZone,MANUAL
29255,TESLA,MODEL 3,GREY,Electric,1,15950,55887,50,22/03/2019,TradeZone,SEMI-AUTO
55327,TESLA,MODEL 3,BLACK,Electric,1,17500,47404,41,07/07/2020,TradeZone,SEMI-AUTO
77602,TESLA,MODEL 3,BLUE,Electric,1,22450,23762,14,16/12/2019,TradeZone,SEMI-AUTO
77609,TESLA,MODEL 3,SILVER,Electric,3,18900,32320,41,02/07/2021,TradeZone,MANUAL
13568,TESLA,MODEL 3,BLUE,Electric,1,15750,41340,53,17/09/2020,TradeZone,MANUAL
17410,TESLA,MODEL 3,WHITE,Electric,1,18800,33862,41,27/03/2018,TradeZone,MANUAL
71746,TESLA,MODEL 3,GREY,Electric,1,17500,53550,38,05/10/2020,OTHER,MANUAL
85338,TESLA,MODEL 3,BLACK,Electric,2,20650,26385,27,31/03/2019,TradeZone,MANUAL
39072,TESLA,MODEL 3,GREY,Electric,1,19950,21000,44,08/12/2020,TradeZone,MANUAL
17395,TESLA,MODEL 3,SILVER,Electric,1,17100,57243,38,27/03/2018,TradeZone,MANUAL
86899,TESLA,MODEL 3,GREY,Electric,1,20250,18524,41,24/10/2019,TradeZone,MANUAL
1334,VAUXHALL,INSIGNIA,BLACK,Diesel,3,2925,68412,127,31/01/2020,TradeZone,MANUAL
90614,SKODA,OCTAVIA,BLUE,Diesel,1,20800,25353,17,24/05/2021,OTHER,MANUAL
70294,BMW,1 SERIES,GREY,Petrol,1,19150,25188,28,16/04/2021,PARTEX,MANUAL
27379,BMW,1 SERIES,BLUE,Petrol,1,18850,32946,26,02/03/2020,TradeZone,SEMI-AUTO
11631,BMW,1 SERIES,BLUE,Petrol,1,20850,12577,24,05/11/2019,TradeZone,MANUAL
82665,BMW,1 SERIES,SILVER,Petrol,1,19900,21534,23,09/07/2019,OTHER,SEMI-AUTO
15452,RENAULT,ARKANA,SILVER,Hybrid,1,14750,25595,36,25/05/2021,TradeZone,AUTO
4318,MERCEDES-BENZ,CLA,WHITE,Petrol,2,10300,36303,84,29/10/2021,OTHER,MANUAL
86922,MAZDA,MAZDA2,SILVER,Petrol,4,1800,88000,142,30/06/2021,TradeZone,SEMI-AUTO
98999,VOLKSWAGEN,GOLF,SILVER,Diesel,3,14050,40493,55,30/06/2021,TradeZone,SEMI-AUTO
46108,VOLKSWAGEN,GOLF,GREY,Diesel,1,12850,70325,35,30/10/2020,TradeZone,MANUAL
82513,TOYOTA,C-HR,BLUE,Hybrid,2,11800,51365,78,13/07/2016,TradeZone,SEMI-AUTO
87017,TOYOTA,C-HR,GREY,Hybrid,1,13750,28667,69,11/05/2018,TradeZone,SEMI-AUTO
35097,TOYOTA,C-HR,GREY,Hybrid,2,10850,64120,85,20/04/2021,TradeZone,SEMI-AUTO
14038,BMW,X5,GREY,Diesel,9,4200,127056,170,01/09/2017,TradeZone,SEMI-AUTO
82912,LAND ROVER,DISCOVERY SPORT,SILVER,Hybrid,1,21300,60174,44,13/05/2021,TradeZone,MANUAL
75038,LAND ROVER,DISCOVERY SPORT,WHITE,Hybrid,1,20500,65902,45,31/01/2020,TradeZone,MANUAL
31905,LAND ROVER,DISCOVERY SPORT,RED,Hybrid,1,24100,33799,45,03/03/2020,TradeZone,MANUAL
80152,LAND ROVER,DISCOVERY SPORT,BLUE,Hybrid,1,22750,52634,34,29/05/2021,TradeZone,MANUAL
91748,LAND ROVER,DISCOVERY SPORT,WHITE,Hybrid,1,21950,51152,48,04/09/2021,TradeZone,MANUAL
25655,MERCEDES-BENZ,A-CLASS,SILVER,Petrol,3,20800,22923,66,25/05/2021,TradeZone,MANUAL
31402,TOYOTA,C-HR,GREY,Petrol,3,10450,54306,96,06/05/2021,TradeZone,MANUAL
42565,DS,DS 7 CROSSBACK,GREY,Hybrid,1,16400,47927,32,11/12/2019,TradeZone,MANUAL
10259,DS,DS 7 CROSSBACK,SILVER,Hybrid,1,19000,14532,35,30/12/2020,TradeZone,MANUAL
3598,NISSAN,NOTE,GREY,Diesel,5,1250,120818,146,01/07/2018,TradeZone,MANUAL
22327,MERCEDES-BENZ,CLA,WHITE,Hybrid,1,21050,38617,38,27/09/2019,TradeZone,AUTO
22779,MERCEDES-BENZ,CLA,GREY,Hybrid,1,18350,60851,41,30/04/2021,TradeZone,MANUAL
91644,HYUNDAI,I30,RED,Petrol,3,1275,115000,161,16/07/2019,TradeZone,MANUAL
29074,CITROEN,GRAND C4 PICASSO,WHITE,Diesel,3,2575,98500,122,28/09/2019,TradeZone,MANUAL
71449,HYUNDAI,TUCSON,SILVER,Petrol,1,18600,39592,37,30/04/2019,TradeZone,SEMI-AUTO
81041,BMW,1 SERIES,WHITE,Diesel,3,7200,52919,101,14/05/2021,TradeZone,MANUAL
98459,VOLKSWAGEN,GOLF,GREY,Petrol,2,12750,36134,65,01/12/2020,TradeZone,SEMI-AUTO
18510,HYUNDAI,I10,BLACK,Petrol,3,8950,17751,80,23/11/2022,TradeZone,SEMI-AUTO
77685,HYUNDAI,I10,GREY,Petrol,3,6225,57800,92,01/01/2020,TradeZone,MANUAL
39235,AUDI,A1,BLACK,Petrol,3,9225,66995,84,24/03/2021,TradeZone,SEMI-AUTO
74738,BMW,I4 GRAN COUPE,GREY,Electric,1,33800,10755,14,16/04/2021,TradeZone,SEMI-AUTO
27394,CUPRA,BORN,BLACK,Electric,1,16800,22995,25,12/09/2020,TradeZone,AUTO
43049,CUPRA,BORN,WHITE,Electric,1,16550,19685,29,05/07/2021,TradeZone,MANUAL
28834,PEUGEOT,2008,BLUE,Petrol,1,14500,22729,41,31/03/2019,TradeZone,SEMI-AUTO
86067,VAUXHALL,MOKKA X,BLACK,Petrol,1,5075,54027,92,23/06/2021,TradeZone,SEMI-AUTO
61251,MG,ZS,GREY,Petrol,2,8450,27712,62,30/07/2021,TradeZone,MANUAL
67347,ALFA ROMEO,MITO,BLACK,Petrol,3,1200,53334,193,10/09/2020,TradeZone,MANUAL
56303,FORD,FIESTA,RED,Petrol,2,8600,42455,80,13/11/2020,OTHER,SEMI-AUTO
35361,MERCEDES-BENZ,C-CLASS,GREY,Diesel,1,15650,72534,50,21/03/2020,TradeZone,MANUAL
27782,BMW,2 SERIES,PURPLE,Diesel,3,9300,43000,95,27/04/2016,TradeZone,MANUAL
96505,MERCEDES-BENZ,C-CLASS,BLUE,Diesel,3,20500,39664,62,12/02/2020,TradeZone,SEMI-AUTO
8749,RENAULT,CAPTUR,WHITE,Petrol,1,8175,49201,67,11/03/2019,TradeZone,AUTO
89684,SKODA,KODIAQ,BLACK,Diesel,1,18000,37203,50,31/03/2022,TradeZone,SEMI-AUTO
30564,JAGUAR,XE,GREY,Petrol,1,17450,35000,50,15/07/2020,OTHER,AUTO
29836,CITROEN,C4,BLACK,Diesel,1,12550,16398,38,11/04/2019,TradeZone,SEMI-AUTO
22687,MERCEDES-BENZ,CLA,BLACK,Petrol,3,12800,60837,80,23/09/2020,TradeZone,MANUAL
26744,JAGUAR,E-PACE,GREY,Diesel,1,15800,48000,68,27/10/2016,TradeZone,MANUAL
89608,JAGUAR,E-PACE,BLUE,Diesel,3,15850,47109,66,28/09/2020,TradeZone,SEMI-AUTO
53386,AUDI,Q2,BLUE,Diesel,1,15700,28085,67,27/03/2018,TradeZone,MANUAL
97785,SEAT,ATECA,BLUE,Petrol,1,16550,25929,48,13/11/2017,TradeZone,MANUAL
98907,SEAT,ATECA,SILVER,Petrol,1,15650,39193,49,01/09/2020,TradeZone,MANUAL
77489,SEAT,ATECA,GREY,Petrol,2,16450,27429,48,23/11/2017,TradeZone,SEMI-AUTO
8188,VAUXHALL,CORSA-E,WHITE,Electric,2,11450,16584,30,19/05/2021,TradeZone,MANUAL
6385,NISSAN,QASHQAI,WHITE,Petrol,2,7600,50999,89,31/10/2019,TradeZone,AUTO
17381,FIAT,PANDA,GREY,Petrol,1,8475,8476,44,17/09/2019,TradeZone,AUTO
93776,FORD,FIESTA,GREEN,Petrol,1,8450,22532,80,20/12/2019,OTHER,SEMI-AUTO
28897,FORD,FIESTA,WHITE,Petrol,2,8025,26738,84,30/06/2022,TradeZone,SEMI-AUTO
228,FORD,FIESTA,BLUE,Petrol,2,9075,24789,62,20/04/2019,TradeZone,MANUAL
80705,RENAULT,CLIO,GREY,Diesel,2,5775,42929,92,13/04/2021,OTHER,SEMI-AUTO
65415,RENAULT,CLIO,WHITE,Diesel,4,3125,109700,98,30/11/2018,OTHER,MANUAL
61509,FORD,FIESTA,BLUE,Petrol,3,4000,50755,109,17/09/2018,TradeZone,MANUAL
95295,FORD,FIESTA,BLACK,Petrol,2,5575,18707,104,14/10/2019,TradeZone,AUTO
95938,KIA,SPORTAGE,BLACK,Petrol,1,14050,44000,62,03/08/2018,PARTEX,MANUAL
47305,VAUXHALL,CROSSLAND X,BLACK,Diesel,2,5250,57903,76,28/08/2020,TradeZone,SEMI-AUTO
5580,VOLVO,XC90,BLACK,Diesel,17,30600,28974,55,16/12/2021,TradeZone,SEMI-AUTO
6905,BMW,X4,BLACK,Diesel,5,12050,84000,89,19/07/2021,TradeZone,SEMI-AUTO
69658,SEAT,ATECA,BLACK,Diesel,2,8125,62823,91,19/08/2021,TradeZone,SEMI-AUTO
50630,MINI,COUNTRYMAN,SILVER,Hybrid,1,15750,48000,51,21/12/2023,OTHER,AUTO
63139,NISSAN,JUKE,BLACK,Petrol,1,13850,19068,35,30/09/2017,PARTEX,MANUAL
64306,NISSAN,JUKE,BLACK,Petrol,1,13550,23404,38,19/10/2022,PARTEX,AUTO
8052,CITROEN,C4 X,GREY,Petrol,1,14800,23296,14,31/07/2020,TradeZone,SEMI-AUTO
9145,FORD,FOCUS,SILVER,Diesel,3,1975,86181,162,31/10/2019,TradeZone,MANUAL
72352,FORD,KUGA,WHITE,Petrol,3,10000,49275,68,12/11/2020,TradeZone,SEMI-AUTO
91152,VOLVO,XC40,GREY,Petrol,2,22300,19873,50,09/08/2021,TradeZone,MANUAL
56714,SKODA,KAMIQ,SILVER,Petrol,1,17000,7199,16,02/12/2019,OTHER,SEMI-AUTO
15262,NISSAN,QASHQAI,BLACK,Petrol,4,5150,51969,112,04/07/2018,TradeZone,MANUAL
47912,FIAT,500,BLACK,Petrol,2,8900,19433,23,17/11/2017,TradeZone,MANUAL
14410,FIAT,500,WHITE,Petrol,2,9900,4486,18,15/10/2018,PARTEX,MANUAL
68868,VAUXHALL,CORSA,BRONZE,Petrol,2,4125,54000,88,15/09/2020,PARTEX,SEMI-AUTO
69001,VOLKSWAGEN,GOLF,WHITE,Petrol,1,14650,75949,38,29/09/2020,TradeZone,MANUAL
38557,VOLKSWAGEN,GOLF,BLACK,Petrol,1,19200,27893,39,19/01/2021,TradeZone,SEMI-AUTO
89024,VOLKSWAGEN,GOLF,RED,Petrol,1,17800,39197,40,12/06/2020,TradeZone,MANUAL
30907,VOLKSWAGEN,GOLF,BLACK,Petrol,1,16250,49629,45,02/07/2020,TradeZone,MANUAL
65,VOLKSWAGEN,POLO,BLACK,Diesel,4,2050,110000,140,10/05/2021,TradeZone,SEMI-AUTO
66078,MITSUBISHI,OUTLANDER,SILVER,Petrol,1,14800,44564,61,29/03/2023,TradeZone,AUTO
87092,LAND ROVER,DISCOVERY SPORT,GREY,Hybrid,1,35800,6555,7,25/05/2021,OTHER,AUTO
39240,VOLVO,XC60,GREY,Diesel,2,22250,50693,47,21/03/2018,TradeZone,AUTO
34414,SKODA,KAMIQ,BLACK,Petrol,1,13550,18627,49,28/07/2020,TradeZone,AUTO
50832,SKODA,KAMIQ,WHITE,Petrol,1,13700,16500,50,25/10/2021,TradeZone,SEMI-AUTO
32547,FORD,FIESTA,BLUE,Petrol,1,8800,52391,52,23/07/2020,TradeZone,AUTO
74466,FIAT,500C,BLACK,Petrol,4,2175,55314,162,12/08/2020,TradeZone,AUTO
13811,SKODA,KODIAQ,WHITE,Petrol,1,20300,43000,49,27/09/2017,TradeZone,SEMI-AUTO
15180,SKODA,KODIAQ,BLACK,Petrol,1,21650,30000,50,22/11/2020,TradeZone,AUTO
7879,BMW,5 SERIES,WHITE,Petrol,2,,168138,266,18/02/2020,TradeZone,SEMI-AUTO
76970,RENAULT,CAPTUR,GREY,Diesel,3,6450,47462,90,28/01/2021,TradeZone,MANUAL
12678,TOYOTA,AYGO,BLACK,Petrol,4,5725,55000,125,26/10/2017,TradeZone,MANUAL
20950,MERCEDES-BENZ,C-CLASS,BLACK,Petrol,2,11850,52950,78,14/07/2020,TradeZone,SEMI-AUTO
24104,AUDI,A4 AVANT,SILVER,Diesel,2,8375,75782,89,21/06/2022,TradeZone,MANUAL
19574,FORD,KUGA,GREY,Petrol,3,10450,42000,71,15/03/2023,TradeZone,SEMI-AUTO
28947,LAND ROVER,RANGE ROVER SPORT,GREY,Hybrid,1,84000,1356,26,12/10/2018,OTHER,MANUAL
89320,VAUXHALL,ASTRA,BLUE,Petrol,2,16050,15187,24,29/09/2020,TradeZone,MANUAL
81858,HONDA,CIVIC,WHITE,Petrol,3,10550,40123,64,28/02/2019,TradeZone,MANUAL
12303,HONDA,CIVIC,WHITE,Petrol,3,10200,42312,74,01/09/2019,TradeZone,AUTO
79970,SKODA,KODIAQ,WHITE,Petrol,1,19600,31000,48,19/03/2019,TradeZone,MANUAL
9117,VOLKSWAGEN,GOLF,GREY,Diesel,1,10550,23046,98,11/03/2019,TradeZone,SEMI-AUTO
2393,PEUGEOT,2008,RED,Diesel,3,3250,46887,116,26/09/2018,TradeZone,MANUAL
71085,TOYOTA,YARIS,BLACK,Petrol,2,7775,49986,80,03/09/2019,TradeZone,SEMI-AUTO
37203,AUDI,A5,WHITE,Petrol,1,23100,6566,29,08/01/2020,PARTEX,AUTO
94924,MINI,HATCHBACK,WHITE,Electric,1,9050,25751,37,11/03/2017,TradeZone,AUTO
48872,VAUXHALL,MOKKA X,RED,Petrol,3,8375,36000,92,22/09/2018,TradeZone,AUTO
3179,MERCEDES-BENZ,GLA,SILVER,Hybrid,1,18300,75167,50,24/10/2020,TradeZone,MANUAL
1586,MERCEDES-BENZ,GLA,GREY,Hybrid,1,20600,50718,44,01/09/2021,OTHER,AUTO
73708,MERCEDES-BENZ,GLA,WHITE,Hybrid,1,20100,51782,49,10/12/2018,TradeZone,SEMI-AUTO
23551,MERCEDES-BENZ,GLA,WHITE,Hybrid,1,18900,67998,49,27/09/2017,TradeZone,MANUAL
56571,VAUXHALL,CORSA,SILVER,Petrol,2,6025,35702,86,03/05/2018,TradeZone,AUTO
10027,VAUXHALL,CORSA,GREY,Petrol,2,6950,19966,86,28/07/2021,TradeZone,AUTO
27651,VAUXHALL,CORSA,GREY,Petrol,2,5150,44770,95,30/04/2021,TradeZone,SEMI-AUTO
88576,VAUXHALL,CORSA,WHITE,Petrol,2,5675,41200,85,27/10/2020,OTHER,SEMI-AUTO
30376,VOLVO,V60,BLUE,Hybrid,5,18000,69203,50,30/12/2020,TradeZone,SEMI-AUTO
54778,PEUGEOT,208,BLACK,Petrol,1,2800,38000,119,24/06/2021,TradeZone,SEMI-AUTO
94821,FORD,FOCUS,RED,Petrol,1,12250,28262,34,30/11/2017,TradeZone,MANUAL
96401,SKODA,OCTAVIA,WHITE,Petrol,1,12400,43714,41,29/06/2017,TradeZone,MANUAL
57984,PEUGEOT,208,BLUE,Petrol,3,1175,81920,143,08/05/2018,TradeZone,SEMI-AUTO
49318,LAND ROVER,RANGE ROVER VELAR,BLACK,Diesel,1,23350,55754,50,01/03/2021,TradeZone,MANUAL
49014,LAND ROVER,RANGE ROVER VELAR,GREY,Diesel,2,21150,59019,68,24/07/2020,TradeZone,SEMI-AUTO
1798,LAND ROVER,RANGE ROVER VELAR,BLACK,Diesel,3,19400,69080,78,03/09/2020,TradeZone,SEMI-AUTO
442,SKODA,FABIA,BLUE,Petrol,1,14550,4496,37,27/10/2016,PARTEX,MANUAL
31750,HYUNDAI,I40,BLACK,Diesel,2,3600,84000,92,16/11/2020,TradeZone,AUTO
86262,JAGUAR,I-PACE,BLUE,Electric,3,14700,23241,68,31/07/2017,TradeZone,MANUAL
21323,JAGUAR,I-PACE,BLACK,Electric,2,13150,45000,65,31/03/2017,PARTEX,AUTO
91427,JAGUAR,I-PACE,BLACK,Electric,3,15050,24834,57,07/07/2018,TradeZone,MANUAL
16036,JAGUAR,I-PACE,BLUE,Electric,1,10750,79143,74,30/09/2020,TradeZone,AUTO
91407,MAZDA,MAZDA3,SILVER,Petrol,2,7800,61500,93,30/12/2020,TradeZone,SEMI-AUTO
14918,TOYOTA,YARIS CROSS,SILVER,Hybrid,1,15850,38157,38,06/11/2020,TradeZone,AUTO
84568,VOLKSWAGEN,TIGUAN ALLSPACE,WHITE,Petrol,1,29950,4240,21,28/10/2022,TradeZone,MANUAL
808,CITROEN,DS5,GREY,Diesel,4,3175,68000,146,30/09/2017,TradeZone,MANUAL
74618,BMW,M5,WHITE,Petrol,8,10350,101200,232,17/10/2017,TradeZone,MANUAL
27286,NISSAN,QASHQAI,WHITE,Diesel,4,1300,124664,164,09/10/2020,TradeZone,SEMI-AUTO
32837,FORD,MONDEO,BLUE,Petrol,5,1200,80148,188,13/02/2018,TradeZone,MANUAL
43080,KIA,PICANTO,WHITE,Petrol,2,4075,25000,104,29/03/2018,PARTEX,MANUAL
82374,SKODA,SUPERB,GREY,Diesel,1,18050,43115,34,04/09/2020,TradeZone,SEMI-AUTO
5024,RENAULT,CLIO,RED,Petrol,2,520,105000,182,17/09/2020,TradeZone,MANUAL
84406,LAND ROVER,RANGE ROVER SPORT,BLACK,Diesel,2,26650,49325,72,14/12/2020,OTHER,MANUAL
76483,NISSAN,X-TRAIL,SILVER,Petrol,2,25600,10128,31,06/08/2021,TradeZone,SEMI-AUTO
46997,VOLVO,V90,BLACK,Diesel,2,12700,48587,98,28/07/2021,TradeZone,SEMI-AUTO
50609,CITROEN,C3,BLUE,Petrol,1,8550,20616,53,28/06/2018,TradeZone,MANUAL
97046,MAZDA,MAZDA3,BLUE,Petrol,1,13200,25675,57,01/07/2021,TradeZone,SEMI-AUTO
4410,SKODA,FABIA,WHITE,Petrol,2,4150,73544,114,19/09/2016,PARTEX,MANUAL
40058,VAUXHALL,CROSSLAND X,BLACK,Petrol,3,7475,13951,74,17/11/2020,TradeZone,SEMI-AUTO
12792,VAUXHALL,CROSSLAND X,GREY,Petrol,2,4925,64563,77,14/12/2016,TradeZone,SEMI-AUTO
67767,VAUXHALL,CROSSLAND X,GREY,Petrol,2,6300,27760,86,25/01/2017,TradeZone,AUTO
91821,BMW,2 SERIES GRAN TOURER,SILVER,Petrol,3,12750,31777,79,23/12/2016,TradeZone,MANUAL
18606,SKODA,OCTAVIA,BLACK,Petrol,1,14300,23028,50,29/09/2018,TradeZone,MANUAL
66696,HYUNDAI,TUCSON,ORANGE,Petrol,3,6100,64747,110,28/05/2021,OTHER,MANUAL
5003,VOLKSWAGEN,PASSAT,RED,Diesel,3,10500,75920,83,29/12/2017,TradeZone,AUTO
24776,VAUXHALL,CORSA,RED,Petrol,2,10850,34699,49,25/09/2018,TradeZone,MANUAL
36159,VAUXHALL,CORSA,GREY,Petrol,1,11700,22077,49,30/09/2017,PARTEX,SEMI-AUTO
51433,KIA,SPORTAGE,WHITE,Diesel,2,8225,72000,89,04/05/2019,TradeZone,SEMI-AUTO
53920,CITROEN,E-C4,GREY,Electric,1,11100,18845,40,19/02/2019,TradeZone,MANUAL
71817,CITROEN,E-C4,BLUE,Electric,2,12000,9742,36,30/06/2020,TradeZone,SEMI-AUTO
23615,CITROEN,E-C4,BLACK,Electric,1,9475,44394,39,28/10/2019,TradeZone,MANUAL
46089,FORD,FIESTA,BLUE,Petrol,4,4425,58500,95,23/11/2020,TradeZone,SEMI-AUTO
90289,MERCEDES-BENZ,GLC,SILVER,Diesel,2,23600,27874,66,30/12/2020,TradeZone,SEMI-AUTO
22801,MERCEDES-BENZ,GLC,GREY,Diesel,3,25950,20710,52,17/06/2020,TradeZone,AUTO
92040,ALFA ROMEO,GIULIETTA,GREY,Petrol,3,6650,65490,110,05/05/2021,TradeZone,MANUAL
30719,MERCEDES-BENZ,C-CLASS,GREY,Petrol,1,20150,39116,52,28/11/2019,TradeZone,MANUAL
71605,VOLKSWAGEN,POLO,GREY,Petrol,3,6475,64668,93,30/09/2020,TradeZone,MANUAL
75479,VAUXHALL,CROSSLAND X,WHITE,Petrol,4,5475,52126,74,30/10/2021,TradeZone,MANUAL
23305,VOLVO,C30 SPORTS,GREY,Petrol,3,1425,66000,199,13/07/2017,PARTEX,MANUAL
256,ABARTH,595C,BLACK,Petrol,1,12900,11025,43,08/11/2016,TradeZone,MANUAL
12254,MAZDA,MAZDA3,GREY,Petrol,2,14400,2617,56,18/10/2021,OTHER,SEMI-AUTO
17366,VAUXHALL,ASTRA,GREY,Petrol,1,4775,42300,114,18/07/2019,TradeZone,SEMI-AUTO
71454,JEEP,RENEGADE,RED,Petrol,3,9025,63821,80,23/03/2018,TradeZone,MANUAL
12637,FORD,FOCUS,GREY,Petrol,1,20100,8801,7,29/07/2017,PARTEX,MANUAL
48660,KIA,XCEED,GREY,Petrol,1,12450,35232,32,20/02/2021,TradeZone,MANUAL
90549,MERCEDES-BENZ,GLB,BLACK,Diesel,2,25650,35571,46,15/08/2016,PARTEX,MANUAL
7995,KIA,SPORTAGE,BLUE,Diesel,4,14400,45269,65,30/06/2020,TradeZone,SEMI-AUTO
85797,LAND ROVER,DISCOVERY SPORT,GREY,Diesel,1,37600,18141,12,28/05/2021,TradeZone,SEMI-AUTO
60224,LAND ROVER,DISCOVERY SPORT,WHITE,Diesel,1,38800,3821,17,23/12/2020,TradeZone,MANUAL
49504,LAND ROVER,DISCOVERY SPORT,SILVER,Diesel,1,38000,8921,19,30/12/2020,TradeZone,SEMI-AUTO
12894,RENAULT,CLIO,SILVER,Diesel,2,8075,23967,71,30/12/2020,TradeZone,SEMI-AUTO
16716,RENAULT,CLIO,WHITE,Diesel,1,5600,62475,80,28/01/2021,TradeZone,SEMI-AUTO
80884,RENAULT,CAPTUR,WHITE,Petrol,4,3100,71602,134,13/01/2022,TradeZone,SEMI-AUTO
48542,FORD,GRAND TOURNEO CONNECT,BLUE,Diesel,2,6950,60078,106,21/09/2021,OTHER,SEMI-AUTO
83169,NISSAN,QASHQAI,RED,Petrol,1,18100,15371,37,17/04/2019,TradeZone,MANUAL
84529,MERCEDES-BENZ,CLC CLASS,ORANGE,Petrol,8,1450,103000,188,11/05/2018,TradeZone,SEMI-AUTO
82475,VOLKSWAGEN,TIGUAN,WHITE,Diesel,2,13250,35575,83,17/07/2020,TradeZone,SEMI-AUTO
24565,SEAT,MII,BLACK,Petrol,3,3275,59543,107,31/07/2020,TradeZone,MANUAL
89467,VOLKSWAGEN,POLO,WHITE,Petrol,2,14050,24938,47,30/01/2020,TradeZone,AUTO
62246,SMART,FORFOUR,WHITE,Petrol,4,7500,64024,92,27/01/2020,TradeZone,AUTO
22735,PEUGEOT,208,SILVER,Diesel,1,13250,17871,37,01/03/2016,TradeZone,SEMI-AUTO
91738,FORD,GRAND C-MAX,GREY,Diesel,1,6275,72000,103,31/05/2018,TradeZone,SEMI-AUTO
35034,FORD,GRAND C-MAX,RED,Diesel,4,7475,61792,88,09/06/2021,TradeZone,AUTO
56477,FORD,FIESTA,RED,Petrol,1,13650,3321,38,31/05/2022,TradeZone,MANUAL
44778,FORD,FIESTA,SILVER,Petrol,1,11700,28218,38,30/12/2020,TradeZone,SEMI-AUTO
52961,JEEP,CHEROKEE,GREY,Diesel,8,1100,95616,218,30/09/2018,TradeZone,MANUAL
70236,VOLKSWAGEN,T-CROSS,BLACK,Petrol,1,13250,31826,50,19/11/2018,PARTEX,MANUAL
28574,BMW,2 SERIES GRAN COUPE,BLACK,Petrol,1,21550,7200,21,23/03/2016,TradeZone,AUTO
36703,MERCEDES-BENZ,GLC,SILVER,Diesel,2,16850,77345,74,30/03/2021,TradeZone,MANUAL
1882,SEAT,ATECA,GREY,Diesel,1,10200,66296,77,08/12/2017,OTHER,SEMI-AUTO
80282,VOLKSWAGEN,POLO,RED,Petrol,1,12600,23590,50,26/11/2019,TradeZone,MANUAL
41391,AUDI,Q5,SILVER,Diesel,4,10950,64000,115,13/07/2018,TradeZone,AUTO
60887,VOLKSWAGEN,POLO,BROWN,Petrol,3,4350,61016,158,16/05/2017,TradeZone,SEMI-AUTO
20240,VOLKSWAGEN,POLO,BLUE,Petrol,3,4275,63015,154,04/12/2018,TradeZone,MANUAL
69143,VAUXHALL,ASTRA,BLUE,Diesel,5,2350,130579,104,27/11/2020,TradeZone,AUTO
83761,VAUXHALL,ASTRA,WHITE,Diesel,3,4650,62258,66,24/06/2021,OTHER,AUTO
36725,SEAT,LEON,BLACK,Petrol,2,8550,62357,74,01/10/2021,TradeZone,MANUAL
24922,FORD,ECOSPORT,GREY,Petrol,2,9100,48544,48,09/01/2020,TradeZone,SEMI-AUTO
23989,MAZDA,MAZDA6,BLACK,Petrol,2,10100,60500,73,30/12/2020,TradeZone,MANUAL
76479,NISSAN,QASHQAI,BLUE,Petrol,1,11700,32125,67,31/03/2018,TradeZone,SEMI-AUTO
45717,NISSAN,QASHQAI,BLACK,Petrol,2,10350,52950,71,19/04/2021,TradeZone,MANUAL
50014,NISSAN,QASHQAI,BLACK,Petrol,3,12500,15772,71,05/11/2019,TradeZone,MANUAL
14856,NISSAN,QASHQAI,WHITE,Petrol,3,12650,23094,59,30/09/2017,TradeZone,MANUAL
42886,NISSAN,QASHQAI,SILVER,Petrol,1,12450,16926,73,18/08/2020,TradeZone,MANUAL
28385,NISSAN,QASHQAI,BLACK,Petrol,3,9775,43000,80,22/11/2022,TradeZone,SEMI-AUTO
57802,SEAT,LEON,GREY,Diesel,3,3850,98100,132,18/03/2019,TradeZone,SEMI-AUTO
56552,SEAT,LEON,GREY,Petrol,1,11250,35129,49,23/12/2020,TradeZone,MANUAL
6986,KIA,PICANTO,GREY,Petrol,2,8850,27351,40,30/11/2022,TradeZone,MANUAL
34678,VAUXHALL,GTC,BLACK,Petrol,3,3250,41463,115,17/03/2017,TradeZone,MANUAL
53089,AUDI,Q2,RED,Diesel,1,17950,19591,58,20/03/2018,TradeZone,MANUAL
38712,SKODA,OCTAVIA,RED,Petrol,2,14550,20897,31,30/06/2021,TradeZone,SEMI-AUTO
16190,FORD,B-MAX,GREY,Petrol,2,2600,59863,142,08/12/2020,TradeZone,MANUAL
88321,FORD,B-MAX,BLUE,Petrol,3,3500,56536,103,30/06/2021,TradeZone,MANUAL
18252,MITSUBISHI,OUTLANDER,RED,Hybrid,4,8100,72393,101,25/07/2018,TradeZone,MANUAL
39305,MINI,HATCHBACK,BLACK,Petrol,2,5025,75859,116,11/04/2017,PARTEX,MANUAL
53585,MERCEDES-BENZ,A-CLASS,SILVER,Petrol,3,6825,71000,104,13/05/2021,TradeZone,MANUAL
72981,VOLKSWAGEN,GOLF,SILVER,Petrol,2,7925,64006,86,05/03/2019,OTHER,MANUAL
88759,VOLKSWAGEN,GOLF,RED,Petrol,2,5900,93500,96,16/09/2020,PARTEX,SEMI-AUTO
12847,VOLKSWAGEN,GOLF,WHITE,Petrol,2,9150,45433,82,05/10/2020,TradeZone,SEMI-AUTO
99672,TOYOTA,COROLLA TOURING SPORT,BLACK,Hybrid,1,13600,45700,57,14/09/2021,TradeZone,SEMI-AUTO
64866,TOYOTA,COROLLA TOURING SPORT,BLACK,Hybrid,2,17250,21693,29,07/06/2019,TradeZone,MANUAL
92063,SEAT,ARONA,GREY,Petrol,2,7400,60977,78,31/12/2019,TradeZone,MANUAL
9896,SEAT,ARONA,GREY,Petrol,4,8425,37771,76,15/01/2021,TradeZone,SEMI-AUTO
88415,SEAT,ARONA,BLACK,Petrol,2,9350,29106,62,27/01/2021,TradeZone,SEMI-AUTO
13054,SEAT,ARONA,WHITE,Petrol,1,9475,36440,50,20/10/2017,TradeZone,MANUAL
75166,SEAT,ARONA,BLUE,Petrol,1,9500,26867,57,09/10/2019,OTHER,AUTO
60588,SEAT,ARONA,BLUE,Petrol,1,9825,29745,46,03/03/2021,TradeZone,MANUAL
61099,FORD,FOCUS,SILVER,Diesel,4,2900,148000,122,28/03/2022,TradeZone,MANUAL
43462,VOLVO,V60,RED,Diesel,3,2550,132600,160,29/09/2018,OTHER,AUTO
46321,MINI,HATCHBACK,WHITE,Petrol,2,9700,30196,83,30/11/2020,TradeZone,MANUAL
5829,FORD,KUGA,RED,Diesel,1,14700,44199,51,04/10/2021,TradeZone,MANUAL
32017,FORD,FOCUS,RED,Petrol,3,5750,40493,110,11/12/2020,TradeZone,MANUAL
50943,VAUXHALL,CROSSLAND X,WHITE,Petrol,3,5700,40142,70,30/12/2020,TradeZone,SEMI-AUTO
57991,VAUXHALL,CROSSLAND X,BLUE,Petrol,3,5800,38984,72,29/12/2020,TradeZone,MANUAL
79369,FORD,FIESTA,BLACK,Petrol,2,7000,40196,69,11/02/2021,TradeZone,SEMI-AUTO
83838,MAZDA,CX-30,GREY,Petrol,1,11400,69853,62,11/01/2021,TradeZone,SEMI-AUTO
76036,NISSAN,QASHQAI,SILVER,Petrol,1,21700,9014,14,31/12/2020,TradeZone,SEMI-AUTO
27187,NISSAN,QASHQAI,BLACK,Petrol,2,20950,10299,20,22/05/2020,TradeZone,SEMI-AUTO
73750,VOLKSWAGEN,MULTIVAN,GREY,Hybrid,1,54100,3871,5,08/06/2020,TradeZone,MANUAL
60090,VOLKSWAGEN,MULTIVAN,WHITE,Hybrid,1,51300,6482,15,13/03/2021,TradeZone,MANUAL
24132,CITROEN,C3 AIRCROSS,SILVER,Petrol,3,6975,62376,79,11/03/2021,TradeZone,AUTO
46602,INFINITI,Q30,BLACK,Petrol,3,6350,53149,90,24/10/2018,TradeZone,AUTO
28196,MAZDA,CX-3,SILVER,Petrol,3,6075,88750,88,01/09/2018,TradeZone,AUTO
32061,MERCEDES-BENZ,C-CLASS,WHITE,Diesel,3,17250,47574,71,24/09/2019,TradeZone,MANUAL
99301,AUDI,Q3,WHITE,Petrol,1,28800,20000,41,11/09/2020,TradeZone,SEMI-AUTO
22287,AUDI,A1,GREY,Petrol,1,18850,12105,41,27/08/2021,TradeZone,SEMI-AUTO
22618,KIA,CEED,GREY,Diesel,2,6175,50134,82,01/09/2021,TradeZone,SEMI-AUTO
97761,TOYOTA,AYGO,GREY,Petrol,2,4300,50000,90,28/02/2023,TradeZone,MANUAL
27274,TOYOTA,AYGO,GREY,Petrol,1,4575,42334,87,30/06/2019,TradeZone,MANUAL
4359,TOYOTA,AYGO,BLUE,Petrol,1,4475,43269,89,24/06/2021,TradeZone,MANUAL
93938,TOYOTA,AYGO,SILVER,Petrol,1,4525,41072,89,29/10/2021,OTHER,AUTO
32809,SKODA,ENYAQ IV,RED,Electric,1,15850,44644,41,26/10/2021,TradeZone,SEMI-AUTO
82017,AUDI,Q5,SILVER,Diesel,1,25350,30041,50,03/06/2021,TradeZone,MANUAL
31769,VAUXHALL,CORSA,SILVER,Petrol,5,1100,97750,187,17/12/2020,TradeZone,MANUAL
52857,TOYOTA,AYGO,WHITE,Petrol,2,5025,49048,112,30/12/2020,TradeZone,SEMI-AUTO
69995,HYUNDAI,IONIQ,GREY,Hybrid,1,11950,25822,63,17/04/2018,TradeZone,SEMI-AUTO
68906,VAUXHALL,CORSA-E,GREY,Electric,1,8175,26385,56,30/01/2020,TradeZone,MANUAL
42956,MERCEDES-BENZ,A-CLASS,GREY,Petrol,1,19700,19529,35,13/08/2021,TradeZone,MANUAL
27881,MERCEDES-BENZ,A-CLASS,BLUE,Petrol,1,19800,18352,37,29/07/2022,TradeZone,AUTO
33418,DS,DS 7 CROSSBACK,BLACK,Diesel,2,13100,44649,71,31/10/2019,TradeZone,SEMI-AUTO
34307,AUDI,Q3,GREY,Petrol,1,19050,50810,40,31/12/2020,TradeZone,MANUAL
50951,VAUXHALL,CORSA,RED,Petrol,2,7025,29560,74,31/03/2017,OTHER,MANUAL
68569,VOLKSWAGEN,GOLF,BLUE,Petrol,2,10000,77523,54,13/07/2021,TradeZone,AUTO
83893,VOLKSWAGEN,GOLF,RED,Petrol,1,12950,40362,50,01/11/2021,TradeZone,SEMI-AUTO
62873,VAUXHALL,CORSA,WHITE,Petrol,2,1525,80846,142,19/07/2017,TradeZone,SEMI-AUTO
45494,VAUXHALL,CORSA,BLACK,Petrol,5,1375,100000,132,17/05/2021,TradeZone,MANUAL
57232,SUZUKI,VITARA,GREY,Diesel,2,5425,55000,96,19/06/2023,TradeZone,MANUAL
53048,VAUXHALL,CORSA,BLACK,Petrol,1,10950,19988,38,26/03/2018,TradeZone,MANUAL
53711,VAUXHALL,CORSA,GREY,Petrol,1,10700,18295,43,09/03/2020,TradeZone,MANUAL
30755,VAUXHALL,CORSA,BLUE,Petrol,1,11600,6865,40,13/11/2018,TradeZone,MANUAL
84838,RENAULT,CLIO,BLACK,Diesel,3,510,167450,158,17/09/2020,TradeZone,MANUAL
82163,POLESTAR,2,WHITE,Electric,1,16850,67214,49,30/06/2019,TradeZone,MANUAL
86818,TOYOTA,AYGO,WHITE,Petrol,3,8650,13699,56,01/03/2019,TradeZone,AUTO
16683,TOYOTA,AYGO,BLACK,Petrol,2,9050,14000,44,13/11/2020,TradeZone,AUTO
86552,NISSAN,NOTE,GREY,Petrol,5,2100,75530,181,30/06/2018,PARTEX,AUTO
54994,NISSAN,X-TRAIL,WHITE,Diesel,2,12800,71407,68,31/07/2017,PARTEX,MANUAL
77070,PEUGEOT,108,WHITE,Petrol,4,5150,38000,109,29/03/2019,OTHER,MANUAL
21110,FORD,FOCUS,WHITE,Diesel,1,9900,66845,56,30/11/2017,TradeZone,MANUAL
78708,MERCEDES-BENZ,A-CLASS,BLACK,Diesel,3,5875,66458,117,12/10/2021,TradeZone,SEMI-AUTO
53067,MAZDA,MAZDA2,GOLD,Petrol,3,7125,27044,72,11/06/2018,TradeZone,MANUAL
84134,MAZDA,CX-3,BLACK,Petrol,2,12050,27064,71,27/06/2019,TradeZone,SEMI-AUTO
29585,FIAT,500,RED,Petrol,4,7350,20601,92,05/08/2020,TradeZone,AUTO
95021,FORD,MONDEO,GREY,Diesel,5,1000,132176,158,30/11/2016,TradeZone,AUTO
87333,LAND ROVER,RANGE ROVER VELAR,SILVER,Diesel,1,29800,38941,38,31/12/2020,OTHER,MANUAL
33526,MAZDA,CX-5,GREY,Diesel,1,5125,48000,106,10/06/2021,TradeZone,MANUAL
1824,CITROEN,C3 AIRCROSS,GREEN,Petrol,2,9525,53883,50,06/10/2016,PARTEX,AUTO
6655,JEEP,GRAND CHEROKEE,RED,Diesel,2,6600,113000,121,31/12/2019,TradeZone,MANUAL
9700,NISSAN,ARIYA,WHITE,Electric,1,25250,21547,32,02/11/2020,TradeZone,MANUAL
93629,VAUXHALL,ASTRA,BLUE,Petrol,4,1375,56103,158,12/07/2019,TradeZone,MANUAL
10288,BMW,2 SERIES ACTIVE TOURER,BLACK,Hybrid,2,10750,37000,77,15/06/2020,TradeZone,MANUAL
5525,MAZDA,CX-5,GREY,Diesel,2,8125,74859,83,11/06/2021,OTHER,AUTO
2162,HYUNDAI,TUCSON,BLUE,Petrol,2,15800,21870,66,31/12/2020,TradeZone,MANUAL
31443,CITROEN,C3,GREY,Petrol,1,8400,42211,58,30/06/2019,TradeZone,SEMI-AUTO
31790,SEAT,ATECA,WHITE,Petrol,1,17100,27142,38,29/04/2021,TradeZone,MANUAL
46595,SEAT,ATECA,RED,Petrol,1,15900,30389,49,15/09/2021,TradeZone,SEMI-AUTO
91761,SEAT,ATECA,BLACK,Petrol,1,14650,56663,44,04/01/2021,TradeZone,MANUAL
57690,BMW,X1,SILVER,Diesel,4,2575,117067,132,23/12/2020,TradeZone,SEMI-AUTO
98105,FORD,FOCUS,RED,Diesel,1,2025,147008,112,01/03/2018,TradeZone,MANUAL
23378,FORD,GALAXY,GREY,Diesel,2,1950,138862,140,17/06/2020,TradeZone,SEMI-AUTO
33766,AUDI,Q2,GREY,Petrol,1,21150,42915,38,31/03/2020,TradeZone,MANUAL
55387,PEUGEOT,5008,WHITE,Petrol,2,20750,23350,41,18/03/2022,TradeZone,SEMI-AUTO
85700,PEUGEOT,5008,BLACK,Petrol,,17900,48977,48,21/09/2020,TradeZone,MANUAL
45009,PEUGEOT,5008,GREY,Petrol,1,21150,21750,40,03/09/2021,TradeZone,MANUAL
27939,PEUGEOT,5008,WHITE,Petrol,1,20550,31287,38,31/03/2018,TradeZone,SEMI-AUTO
10239,VOLKSWAGEN,TIGUAN,GREY,Diesel,3,15450,34865,56,30/06/2020,TradeZone,AUTO
61784,VOLKSWAGEN,TIGUAN,BLUE,Diesel,1,13600,49142,63,30/03/2023,TradeZone,MANUAL
96851,PEUGEOT,5008,BLACK,Diesel,3,13050,34800,86,21/12/2017,TradeZone,MANUAL
81003,AUDI,A1,RED,Diesel,2,6750,52787,103,06/12/2019,TradeZone,MANUAL
98063,AUDI,A1,GREY,Diesel,2,6075,59316,113,29/12/2022,TradeZone,AUTO
73443,AUDI,A1,SILVER,Diesel,2,5100,84000,104,03/03/2021,TradeZone,AUTO
26392,LAND ROVER,DISCOVERY SPORT,GREY,Diesel,1,25200,26592,37,20/09/2019,TradeZone,MANUAL
88873,SKODA,OCTAVIA,GREY,Petrol,1,19950,8152,13,10/09/2021,TradeZone,MANUAL
40473,KIA,SPORTAGE,BLACK,Petrol,1,16500,41131,49,01/03/2018,PARTEX,MANUAL
93860,FIAT,500,SILVER,Petrol,7,4100,57394,142,08/12/2020,TradeZone,MANUAL
82834,VOLKSWAGEN,GOLF,GREY,Diesel,3,,133052,261,31/05/2021,TradeZone,AUTO
61392,HYUNDAI,I10,BLACK,Petrol,3,970,50780,174,18/11/2020,TradeZone,AUTO
24356,SKODA,KODIAQ,SILVER,Petrol,2,16750,49807,74,15/12/2020,OTHER,SEMI-AUTO
31040,SKODA,KAROQ,BLUE,Petrol,1,17200,11294,44,27/04/2021,TradeZone,AUTO
27084,SKODA,KAROQ,GREY,Petrol,2,13250,43600,68,17/06/2022,TradeZone,SEMI-AUTO
77482,SKODA,KAROQ,BLACK,Petrol,1,14200,44560,49,01/11/2021,TradeZone,MANUAL
57251,HYUNDAI,TUCSON,ORANGE,Diesel,1,15400,40741,66,24/04/2019,TradeZone,MANUAL
60852,HYUNDAI,TUCSON,BLACK,Diesel,1,13800,56822,71,29/07/2021,TradeZone,AUTO
25067,MERCEDES-BENZ,A-CLASS,BLUE,Petrol,2,17650,29852,45,27/02/2018,TradeZone,SEMI-AUTO
934,RENAULT,KADJAR,BLACK,Diesel,3,6550,54030,109,27/04/2021,TradeZone,MANUAL
11539,VAUXHALL,CORSA,YELLOW,Petrol,3,12050,5071,27,25/05/2022,PARTEX,AUTO
16216,VAUXHALL,CORSA,RED,Petrol,2,12050,9549,23,26/09/2018,TradeZone,MANUAL
81924,SKODA,KAROQ,BLUE,Petrol,1,14400,22575,49,30/03/2021,TradeZone,MANUAL
99774,FORD,FIESTA,BLUE,Petrol,3,4475,47383,112,28/02/2018,OTHER,MANUAL
15627,MAZDA,MX-5 RF,WHITE,Petrol,3,12700,38000,86,18/12/2020,TradeZone,MANUAL
52884,KIA,SPORTAGE,WHITE,Diesel,3,8725,78500,88,24/06/2020,TradeZone,SEMI-AUTO
80691,BMW,8 SERIES GRAN COUPE,GREY,Petrol,1,32000,46064,37,26/08/2020,TradeZone,SEMI-AUTO
17002,HYUNDAI,I10,GREY,Petrol,4,1275,79657,157,27/04/2021,TradeZone,MANUAL
63455,HYUNDAI,I10,BLUE,Petrol,4,660,152660,155,14/04/2021,TradeZone,AUTO
68148,KIA,SORENTO,GREY,Diesel,4,1425,112539,182,24/05/2021,OTHER,AUTO
40908,PEUGEOT,2008,BLACK,Petrol,2,5100,48212,86,26/10/2017,PARTEX,MANUAL
53066,PEUGEOT,2008,RED,Petrol,3,4775,56501,86,16/07/2019,TradeZone,AUTO
69490,PEUGEOT,2008,GREY,Petrol,2,4000,73897,90,30/06/2017,TradeZone,AUTO
16269,PEUGEOT,2008,WHITE,Petrol,4,5250,40579,88,11/01/2019,TradeZone,MANUAL
81640,RENAULT,KADJAR,GREY,Petrol,3,11000,32292,69,06/08/2020,TradeZone,MANUAL
90117,DACIA,SANDERO STEPWAY,BLACK,Petrol,2,5325,34690,80,30/09/2019,PARTEX,SEMI-AUTO
56445,LAND ROVER,RANGE ROVER EVOQUE,BLACK,Diesel,1,34100,11481,17,28/12/2021,OTHER,MANUAL
28767,LAND ROVER,RANGE ROVER EVOQUE,WHITE,Diesel,1,34800,6391,18,18/08/2021,OTHER,SEMI-AUTO
14739,LAND ROVER,RANGE ROVER EVOQUE,SILVER,Diesel,1,33700,14794,18,01/06/2018,TradeZone,MANUAL
80155,MINI,COUNTRYMAN,SILVER,Diesel,3,6475,58070,98,29/06/2021,TradeZone,SEMI-AUTO
47374,VAUXHALL,ASTRA,GREEN,Petrol,2,8075,19749,74,13/02/2020,TradeZone,AUTO
18129,VAUXHALL,MOKKA-E,GREY,Electric,2,9850,29000,44,18/12/2017,TradeZone,MANUAL
10650,VOLKSWAGEN,POLO,WHITE,Petrol,4,2725,74686,146,19/12/2019,TradeZone,MANUAL
46504,KIA,SPORTAGE,GREY,Diesel,2,12750,51752,47,23/12/2021,TradeZone,MANUAL
67639,KIA,SPORTAGE,GREY,Diesel,1,13400,33000,62,01/03/2019,TradeZone,AUTO
19207,PEUGEOT,3008,BLACK,Petrol,3,12950,28205,55,23/03/2021,TradeZone,MANUAL
16058,FORD,FOCUS,BLUE,Petrol,2,3725,58348,100,15/12/2017,TradeZone,MANUAL
89970,PEUGEOT,208,BLUE,Petrol,2,3225,67427,110,06/09/2018,TradeZone,AUTO
16069,TOYOTA,AYGO,BLACK,Petrol,2,7925,24881,78,12/09/2018,TradeZone,AUTO
44235,CUPRA,BORN,GREY,Electric,1,18300,26999,28,30/09/2018,TradeZone,MANUAL
91059,PEUGEOT,2008,WHITE,Diesel,3,3025,62132,109,01/10/2019,TradeZone,MANUAL
38287,MERCEDES-BENZ,CLA,WHITE,Diesel,2,12750,36386,100,17/09/2020,TradeZone,MANUAL
83119,KIA,STONIC,GREY,Diesel,2,6700,56199,72,10/09/2020,TradeZone,MANUAL
15593,MERCEDES-BENZ,C-CLASS,WHITE,Diesel,3,1550,171421,167,31/03/2020,TradeZone,MANUAL
49127,MINI,COUNTRYMAN,BLACK,Petrol,2,15100,53076,72,05/08/2020,TradeZone,AUTO
85501,VOLVO,XC60,WHITE,Diesel,1,26700,44426,39,31/03/2021,TradeZone,MANUAL
45355,FORD,KUGA,BLUE,Petrol,2,7050,62885,71,26/03/2021,TradeZone,SEMI-AUTO
62446,FORD,KUGA,BLACK,Diesel,3,4125,112000,107,12/04/2021,TradeZone,MANUAL
8781,JAGUAR,XE,GREY,Diesel,4,5775,68131,104,27/09/2019,TradeZone,AUTO
38849,CITROEN,C1,RED,Petrol,3,4250,30558,92,08/03/2018,TradeZone,AUTO
40559,CITROEN,C1,RED,Petrol,3,2675,66000,127,01/03/2020,PARTEX,MANUAL
42739,VOLVO,XC40,GREY,Petrol,2,17800,61128,70,22/10/2019,TradeZone,MANUAL
80618,PEUGEOT,2008,PINK,Petrol,1,15650,25959,41,28/09/2020,TradeZone,MANUAL
89142,CUPRA,FORMENTOR,BLACK,Petrol,1,24600,34746,48,02/09/2021,TradeZone,SEMI-AUTO
94031,CUPRA,FORMENTOR,RED,Petrol,1,30700,9918,17,27/08/2019,TradeZone,SEMI-AUTO
24119,VOLKSWAGEN,T-ROC,BLUE,Petrol,2,15250,23695,59,29/07/2019,TradeZone,MANUAL
37929,NISSAN,QASHQAI,WHITE,Petrol,3,3575,50000,144,25/03/2021,TradeZone,AUTO
9582,NISSAN,QASHQAI,YELLOW,Petrol,2,2900,81056,146,22/06/2022,TradeZone,MANUAL
44788,NISSAN,QASHQAI,BLUE,Petrol,2,2950,83478,137,16/12/2017,TradeZone,SEMI-AUTO
4333,HONDA,HONDA E,GREEN,Electric,1,14600,7561,50,19/01/2018,TradeZone,MANUAL
81428,PEUGEOT,3008,GREEN,Petrol,1,19650,8499,25,30/12/2020,PARTEX,SEMI-AUTO
1228,FORD,FIESTA,ORANGE,Petrol,2,8900,29771,76,30/12/2020,TradeZone,MANUAL
8349,FORD,FIESTA,SILVER,Petrol,3,9075,18500,87,09/01/2023,TradeZone,MANUAL
81026,FORD,FIESTA,GREY,Petrol,3,7875,38000,87,09/11/2020,TradeZone,MANUAL
88263,FORD,FIESTA,GREY,Petrol,3,8400,37459,76,28/03/2017,PARTEX,MANUAL
26516,BMW,3 SERIES,RED,Diesel,2,15600,70260,74,14/10/2020,TradeZone,SEMI-AUTO
6860,LAND ROVER,RANGE ROVER EVOQUE,WHITE,Petrol,1,16000,42083,55,19/11/2021,TradeZone,AUTO
79226,DS,DS 3,RED,Petrol,2,3675,69140,95,21/09/2021,OTHER,SEMI-AUTO
32331,MINI,HATCHBACK,BLACK,Petrol,3,5375,73310,96,20/03/2018,TradeZone,SEMI-AUTO
21205,MINI,HATCHBACK,BLUE,Petrol,2,7075,43131,86,01/03/2020,TradeZone,MANUAL
42717,MINI,HATCHBACK,BLACK,Petrol,4,6000,56110,95,26/03/2021,OTHER,AUTO
52720,MERCEDES-BENZ,CLS,BLACK,Diesel,4,18950,76447,86,26/09/2018,TradeZone,AUTO
8902,VOLKSWAGEN,GOLF,GREY,Petrol,3,11900,52343,82,15/09/2020,TradeZone,MANUAL
1315,AUDI,A3,BLUE,Hybrid,1,16900,47588,41,02/09/2021,TradeZone,SEMI-AUTO
51756,VAUXHALL,ASTRA,SILVER,Petrol,2,4200,85553,72,29/06/2021,TradeZone,MANUAL
66933,MERCEDES-BENZ,A-CLASS,BLACK,Diesel,2,15550,39588,48,02/03/2018,PARTEX,MANUAL
27107,MERCEDES-BENZ,A-CLASS,WHITE,Diesel,2,14050,43478,74,30/06/2018,TradeZone,SEMI-AUTO
93332,AUDI,A3,BLACK,Petrol,2,25250,13506,36,10/02/2021,TradeZone,AUTO
61528,AUDI,A3,GREY,Petrol,1,25000,15697,38,25/02/2021,TradeZone,SEMI-AUTO
35295,AUDI,A3,GREY,Petrol,1,18000,66385,51,13/01/2022,TradeZone,SEMI-AUTO
91554,FIAT,500 CABRIO,BLACK,Electric,1,13300,22497,40,12/03/2020,TradeZone,MANUAL
52150,VAUXHALL,CORSA,BLUE,Petrol,4,1800,54000,140,30/09/2018,TradeZone,AUTO
98545,AUDI,A5,BLUE,Petrol,2,16650,33312,72,04/11/2020,TradeZone,SEMI-AUTO
76709,FORD,MONDEO,GREY,Diesel,1,8925,60303,73,01/09/2020,TradeZone,SEMI-AUTO
38018,MINI,HATCHBACK,BLACK,Petrol,2,7800,54649,83,02/09/2021,TradeZone,SEMI-AUTO
807,MINI,HATCHBACK,BLACK,Petrol,3,8050,52988,80,29/04/2021,TradeZone,SEMI-AUTO
56342,SKODA,OCTAVIA,YELLOW,Petrol,1,15050,25102,48,15/03/2023,TradeZone,MANUAL
38659,MG,ZS EV,BLACK,Electric,2,13700,13801,34,26/09/2019,TradeZone,SEMI-AUTO
55868,MG,ZS EV,BLUE,Electric,2,12800,30781,32,09/01/2020,OTHER,MANUAL
9372,MG,ZS EV,PURPLE,Electric,1,13500,16667,38,22/10/2020,TradeZone,AUTO
70394,MG,ZS EV,BLUE,Electric,1,12350,33164,36,19/12/2023,TradeZone,SEMI-AUTO
41965,MG,ZS EV,GREY,Electric,2,13200,20784,37,31/03/2019,TradeZone,MANUAL
55681,HYUNDAI,I30,GREY,Petrol,2,20500,17400,68,31/10/2022,TradeZone,MANUAL
96013,VOLKSWAGEN,GOLF,SILVER,Petrol,2,12500,38757,74,30/06/2017,TradeZone,MANUAL
51165,FORD,FIESTA,BLACK,Petrol,4,3025,62322,107,29/06/2021,TradeZone,AUTO
72138,MERCEDES-BENZ,A-CLASS,BLUE,Diesel,1,15400,57959,50,28/03/2019,TradeZone,AUTO
31395,NISSAN,JUKE,WHITE,Petrol,2,4375,53200,98,08/04/2021,OTHER,SEMI-AUTO
95242,LAND ROVER,DISCOVERY SPORT,BLACK,Diesel,3,12150,60200,64,17/03/2021,TradeZone,AUTO
72120,RENAULT,KOLEOS,GREY,Diesel,2,13900,44988,65,21/01/2022,TradeZone,MANUAL
48584,VOLKSWAGEN,POLO,BLUE,Petrol,1,15700,5106,16,06/03/2018,TradeZone,SEMI-AUTO
28800,KIA,CEED,BLACK,Petrol,2,10000,46531,74,11/09/2015,PARTEX,MANUAL
22141,NISSAN,QASHQAI,GREY,Petrol,1,12200,40120,54,30/07/2020,TradeZone,SEMI-AUTO
6007,SKODA,FABIA,RED,Petrol,1,11800,38685,28,30/11/2017,TradeZone,SEMI-AUTO
40767,BMW,1 SERIES,WHITE,Petrol,1,15050,32040,62,15/10/2019,OTHER,MANUAL
19033,PEUGEOT,3008,GREY,Diesel,3,9975,37800,83,12/10/2020,TradeZone,SEMI-AUTO
71381,AUDI,Q2,BLUE,Petrol,2,14200,48392,83,10/11/2022,TradeZone,SEMI-AUTO
65247,FIAT,500,GREY,Petrol,2,8000,5349,56,28/09/2018,TradeZone,AUTO
51546,FIAT,500,BLACK,Petrol,1,7425,20778,56,29/03/2017,TradeZone,AUTO
28233,FIAT,500,BLACK,Petrol,1,8125,10889,48,16/07/2019,TradeZone,SEMI-AUTO
75139,FIAT,500,SILVER,Petrol,2,7525,25929,50,01/03/2022,OTHER,MANUAL
76020,FIAT,500,BLUE,Petrol,3,5900,59000,62,30/09/2019,OTHER,SEMI-AUTO
38983,MERCEDES-BENZ,GLC COUPE,SILVER,Diesel,3,17800,64872,86,12/09/2020,TradeZone,MANUAL
92935,PEUGEOT,308,BLACK,Diesel,3,5575,70000,107,31/03/2021,TradeZone,MANUAL
20660,SKODA,RAPID SPACEBACK,BLUE,Diesel,3,4225,63099,120,20/04/2021,OTHER,MANUAL
66606,VAUXHALL,MOKKA X,GREY,Petrol,3,7900,42673,74,02/07/2018,TradeZone,MANUAL
30956,PEUGEOT,108,WHITE,Petrol,2,6250,11962,74,15/08/2020,PARTEX,MANUAL
86575,NISSAN,JUKE,BLACK,Petrol,5,1525,130000,152,29/01/2020,TradeZone,AUTO
15227,VOLVO,XC40,WHITE,Petrol,1,19500,36655,37,08/03/2018,TradeZone,MANUAL
10800,VOLVO,XC40,GREY,Petrol,1,18000,42061,48,06/03/2018,TradeZone,MANUAL
41512,VOLVO,XC40,GREY,Petrol,1,20400,18227,50,31/07/2019,TradeZone,AUTO
91440,VOLVO,XC40,BLUE,Petrol,1,14750,75249,53,02/09/2021,TradeZone,SEMI-AUTO
87487,VOLVO,XC40,BLUE,Petrol,1,16250,56628,53,04/01/2023,TradeZone,AUTO
87519,VOLVO,XC40,GREY,Petrol,1,20400,18348,50,30/09/2018,TradeZone,MANUAL
89341,VOLVO,XC40,BLACK,Petrol,1,20000,22139,49,05/10/2021,TradeZone,AUTO
32703,VOLVO,XC40,WHITE,Petrol,1,18950,32148,50,08/09/2022,TradeZone,SEMI-AUTO
48705,VOLVO,XC40,BLACK,Petrol,1,17600,33908,64,16/06/2020,TradeZone,AUTO
94816,SKODA,SUPERB,BLUE,Petrol,1,13250,70348,37,30/09/2017,TradeZone,MANUAL
50376,SKODA,SUPERB,BLUE,Petrol,1,18350,29073,29,28/09/2018,TradeZone,SEMI-AUTO
39986,FORD,FIESTA,BLACK,Petrol,3,6850,50859,90,28/10/2022,TradeZone,MANUAL
88959,JAGUAR,XE,WHITE,Diesel,1,18200,8686,62,08/06/2021,TradeZone,SEMI-AUTO
44750,RENAULT,GRAND SCENIC,BLACK,Diesel,3,900,99558,176,29/06/2021,TradeZone,MANUAL
5623,RENAULT,CLIO,WHITE,Petrol,3,7175,33200,73,29/01/2020,PARTEX,MANUAL
62551,VOLKSWAGEN,T-ROC,RED,Petrol,2,11450,47044,52,06/07/2018,TradeZone,MANUAL
96976,CITROEN,C3,WHITE,Petrol,4,430,52000,230,27/01/2020,TradeZone,MANUAL
23874,KIA,PICANTO,BLUE,Petrol,3,7075,48124,86,30/12/2020,TradeZone,SEMI-AUTO
1170,MAZDA,MAZDA3,GREY,Petrol,1,11600,33556,62,30/12/2020,TradeZone,SEMI-AUTO
47550,MAZDA,MAZDA3,GREY,Petrol,2,9900,54800,66,24/03/2021,TradeZone,MANUAL
58210,SSANGYONG,KORANDO,BLUE,Diesel,4,2100,53770,116,29/04/2022,TradeZone,MANUAL
16167,LAND ROVER,DISCOVERY SPORT,GREY,Diesel,3,9950,67946,88,27/06/2019,TradeZone,MANUAL
63516,LAND ROVER,DISCOVERY SPORT,WHITE,Diesel,2,10750,55996,89,31/03/2020,TradeZone,MANUAL
48914,LAND ROVER,DISCOVERY SPORT,WHITE,Diesel,3,9450,72898,92,19/03/2022,TradeZone,MANUAL
22868,LAND ROVER,DISCOVERY SPORT,GREY,Diesel,3,10850,51216,98,27/09/2018,TradeZone,MANUAL
37316,LAND ROVER,DISCOVERY SPORT,GREY,Diesel,3,9725,66283,98,27/10/2018,TradeZone,SEMI-AUTO
35430,LAND ROVER,DISCOVERY SPORT,GREEN,Diesel,2,9400,74309,88,20/10/2022,TradeZone,AUTO
11649,NISSAN,JUKE,WHITE,Petrol,2,3800,52913,102,07/01/2021,TradeZone,AUTO
98539,NISSAN,JUKE,RED,Petrol,2,4550,37796,98,21/05/2019,TradeZone,MANUAL
67601,MERCEDES-BENZ,A-CLASS,WHITE,Hybrid,1,13500,68291,51,08/08/2020,OTHER,SEMI-AUTO
47851,MERCEDES-BENZ,A-CLASS,BLACK,Hybrid,1,16650,32191,56,11/06/2021,TradeZone,SEMI-AUTO
37908,MERCEDES-BENZ,A-CLASS,GREY,Hybrid,1,13600,67301,51,12/11/2016,TradeZone,SEMI-AUTO
83034,AUDI,A3,GREY,Hybrid,1,16900,45950,50,22/11/2016,TradeZone,MANUAL
61376,AUDI,A3,RED,Hybrid,1,14850,75633,41,30/01/2021,TradeZone,MANUAL
3325,NISSAN,QASHQAI,BLUE,Diesel,3,9200,71254,84,05/01/2022,TradeZone,MANUAL
78744,MERCEDES-BENZ,A-CLASS,BLACK,Petrol,1,14900,27778,47,27/03/2019,TradeZone,SEMI-AUTO
40757,MERCEDES-BENZ,A-CLASS,BLUE,Petrol,1,13950,40409,42,23/03/2020,TradeZone,AUTO
72241,MERCEDES-BENZ,A-CLASS,GREY,Petrol,2,13500,37026,62,09/03/2020,TradeZone,MANUAL
90571,LAND ROVER,RANGE ROVER EVOQUE,BLUE,Diesel,1,18150,28000,50,14/09/2018,TradeZone,MANUAL
68680,LAND ROVER,RANGE ROVER EVOQUE,GREY,Diesel,1,18350,26188,49,10/09/2018,PARTEX,MANUAL
28573,LAND ROVER,RANGE ROVER EVOQUE,BLUE,Diesel,1,18150,28371,50,22/09/2020,TradeZone,AUTO
23362,LAND ROVER,RANGE ROVER EVOQUE,GREY,Diesel,1,17750,46406,37,27/09/2020,TradeZone,SEMI-AUTO
60026,LAND ROVER,RANGE ROVER EVOQUE,BLACK,Diesel,2,19700,13000,44,31/07/2019,TradeZone,SEMI-AUTO
88365,SKODA,SUPERB,BLUE,Hybrid,1,14300,64493,44,19/04/2021,TradeZone,SEMI-AUTO
52080,MINI,HATCHBACK,GREY,Petrol,3,13050,51636,71,15/03/2022,TradeZone,AUTO
67238,MERCEDES-BENZ,A-CLASS,BLACK,Diesel,5,8400,72500,104,23/09/2020,TradeZone,SEMI-AUTO
45035,BMW,3 SERIES,WHITE,Diesel,3,16250,64000,80,30/09/2021,TradeZone,AUTO
49881,KIA,PICANTO,BLACK,Petrol,2,7075,16628,102,23/03/2022,TradeZone,SEMI-AUTO
55602,VAUXHALL,ASTRA,RED,Petrol,1,17050,14085,19,12/09/2018,TradeZone,MANUAL
20114,MERCEDES-BENZ,EQC,GREY,Electric,1,21050,67832,53,19/10/2018,TradeZone,SEMI-AUTO
82912,KIA,SPORTAGE,BLACK,Petrol,2,19950,30790,34,02/09/2019,TradeZone,AUTO
65918,MERCEDES-BENZ,CLA,WHITE,Petrol,4,11050,59354,97,16/10/2019,TradeZone,AUTO
72907,MERCEDES-BENZ,CLA,GREY,Petrol,3,11700,52000,90,10/11/2020,TradeZone,AUTO
17355,BMW,1 SERIES,SILVER,Petrol,3,7025,45181,116,25/07/2018,PARTEX,MANUAL
83146,VOLKSWAGEN,GOLF,BLACK,Hybrid,4,10400,44076,104,15/06/2021,TradeZone,MANUAL
59047,AUDI,A1,GREY,Petrol,2,8600,43174,92,20/06/2019,TradeZone,SEMI-AUTO
17948,BMW,3 SERIES,BLACK,Diesel,1,15000,51258,62,31/12/2020,TradeZone,SEMI-AUTO
22022,AUDI,A4,RED,Petrol,1,17250,38023,50,11/03/2016,PARTEX,MANUAL
33404,VOLKSWAGEN,SCIROCCO,WHITE,Petrol,5,2575,117000,152,30/03/2021,TradeZone,AUTO
76245,RENAULT,CLIO,SILVER,Diesel,2,5150,73293,84,04/03/2022,TradeZone,SEMI-AUTO
82276,RENAULT,CLIO,GREY,Diesel,3,5950,56831,84,25/04/2022,TradeZone,MANUAL
20676,CITROEN,GRAND C4 PICASSO,BLUE,Diesel,3,2200,116833,123,05/01/2021,TradeZone,MANUAL
79943,MAZDA,CX-30,SILVER,Petrol,2,16300,24174,43,13/09/2021,TradeZone,MANUAL
45750,SEAT,LEON,WHITE,Petrol,2,11650,44000,71,15/09/2022,TradeZone,MANUAL
33876,SEAT,LEON,WHITE,Petrol,3,11500,52787,68,13/11/2018,PARTEX,SEMI-AUTO
33223,NISSAN,QASHQAI,BLACK,Diesel,2,9275,47070,78,31/07/2020,TradeZone,SEMI-AUTO
75307,VOLKSWAGEN,POLO,GREY,Petrol,3,2100,117000,184,31/08/2020,TradeZone,MANUAL
90365,VOLKSWAGEN,POLO,SILVER,Petrol,3,2775,100271,162,31/05/2021,TradeZone,AUTO
38910,BMW,3 SERIES,BLUE,Hybrid,1,15650,66221,50,31/12/2018,TradeZone,MANUAL
2463,BMW,3 SERIES,BLUE,Hybrid,1,15350,74033,44,11/12/2020,TradeZone,MANUAL
68667,BMW,3 SERIES,BLACK,Hybrid,1,16350,59351,50,30/06/2020,TradeZone,SEMI-AUTO
80793,BMW,3 SERIES,RED,Hybrid,1,17850,39630,54,30/04/2023,TradeZone,MANUAL
9775,VOLKSWAGEN,SCIROCCO,BLACK,Diesel,2,5850,83350,113,25/06/2021,TradeZone,MANUAL
18112,VOLKSWAGEN,SCIROCCO,BLACK,Diesel,2,8800,33000,112,20/10/2021,TradeZone,MANUAL
66949,HONDA,JAZZ,RED,Petrol,3,8425,29465,94,01/03/2019,TradeZone,SEMI-AUTO
19078,SKODA,KAMIQ,GREY,Petrol,2,11850,20000,38,30/06/2021,TradeZone,SEMI-AUTO
15182,SKODA,KAMIQ,GREY,Petrol,1,11700,23330,38,11/06/2021,TradeZone,SEMI-AUTO
50835,SKODA,KAMIQ,SILVER,Petrol,1,11550,10000,53,27/10/2021,OTHER,MANUAL
12458,SKODA,KAMIQ,SILVER,Petrol,1,12100,16865,38,11/06/2021,TradeZone,MANUAL
19808,MITSUBISHI,OUTLANDER,BLACK,Hybrid,2,11800,58890,72,15/02/2018,PARTEX,MANUAL
17509,MITSUBISHI,OUTLANDER,BLACK,Hybrid,2,11200,58116,78,30/06/2019,TradeZone,MANUAL
94353,MITSUBISHI,OUTLANDER,WHITE,Hybrid,4,11050,71657,74,22/07/2020,TradeZone,MANUAL
62476,MITSUBISHI,OUTLANDER,BLUE,Hybrid,3,10100,78020,79,31/05/2021,OTHER,MANUAL
79923,MERCEDES-BENZ,GLA,WHITE,Petrol,1,13700,43803,64,31/12/2020,TradeZone,SEMI-AUTO
6772,MERCEDES-BENZ,GLA,GREY,Petrol,4,12650,48406,79,09/06/2021,TradeZone,SEMI-AUTO
89643,MERCEDES-BENZ,GLA,WHITE,Petrol,2,12700,49296,75,06/09/2017,TradeZone,SEMI-AUTO
66309,MERCEDES-BENZ,GLA,GREY,Petrol,2,12700,59000,68,28/12/2016,TradeZone,MANUAL
34365,NISSAN,QASHQAI,GREY,Diesel,4,2725,122202,136,21/06/2021,TradeZone,MANUAL
66075,NISSAN,QASHQAI,BLUE,Diesel,3,3250,106028,134,30/09/2020,TradeZone,MANUAL
57076,BMW,X1,WHITE,Diesel,3,10250,57000,113,30/04/2019,TradeZone,MANUAL
18332,FORD,FIESTA,GREY,Diesel,4,520,146250,194,22/02/2017,PARTEX,MANUAL
48874,MERCEDES-BENZ,C-CLASS,WHITE,Diesel,1,17550,20190,80,31/01/2020,PARTEX,MANUAL
1352,MERCEDES-BENZ,GLA,BLACK,Diesel,2,10550,72254,80,30/11/2019,TradeZone,MANUAL
39591,SEAT,IBIZA,SILVER,Petrol,5,1975,95000,145,11/01/2020,TradeZone,AUTO
67361,NISSAN,X-TRAIL,GREY,Diesel,3,5350,66671,120,30/09/2020,TradeZone,SEMI-AUTO
29772,VAUXHALL,CORSA,BLACK,Petrol,6,370,101872,210,25/02/2021,TradeZone,MANUAL
30398,MERCEDES-BENZ,A-CLASS,GREY,Diesel,1,14100,49310,50,23/12/2020,TradeZone,AUTO
5370,PEUGEOT,208,RED,Petrol,1,8800,51129,56,28/02/2023,TradeZone,MANUAL
87378,BMW,5 SERIES,RED,Diesel,2,9650,118000,95,17/07/2020,OTHER,MANUAL
24996,LAND ROVER,RANGE ROVER VELAR,BLACK,Diesel,1,23050,55183,50,28/05/2021,TradeZone,MANUAL
19023,LAND ROVER,RANGE ROVER VELAR,SILVER,Diesel,1,25500,30779,50,15/10/2020,TradeZone,MANUAL
47611,HYUNDAI,I30,BLACK,Diesel,2,7500,28255,104,31/10/2020,TradeZone,MANUAL
48115,MINI,COUNTRYMAN,BLUE,Petrol,3,9525,59538,90,28/09/2020,TradeZone,MANUAL
15156,RENAULT,CAPTUR,GREY,Diesel,2,5525,73000,86,04/02/2017,TradeZone,SEMI-AUTO
72569,FIAT,500E,WHITE,Electric,1,14550,6224,32,31/01/2020,TradeZone,MANUAL
15630,BMW,5 SERIES,BLUE,Diesel,2,15850,63246,72,10/02/2021,TradeZone,MANUAL
60652,BMW,5 SERIES,GREY,Diesel,3,14800,58145,89,31/07/2018,TradeZone,MANUAL
34269,VOLVO,V90,WHITE,Diesel,1,17950,51345,49,30/04/2018,TradeZone,MANUAL
3298,BMW,2 SERIES,SILVER,Petrol,1,11250,32555,91,13/03/2020,TradeZone,MANUAL
45459,VAUXHALL,MOKKA X,RED,Petrol,4,6550,55500,71,30/04/2022,TradeZone,MANUAL
11893,VOLVO,XC40,BLACK,Diesel,1,18100,32364,54,12/09/2022,TradeZone,MANUAL
8658,FORD,FIESTA,BLACK,Petrol,3,7675,40314,70,30/06/2017,TradeZone,MANUAL
57831,SUZUKI,SX4 S-CROSS,GREY,Petrol,2,5775,57644,99,30/04/2018,TradeZone,MANUAL
33346,AUDI,A1,GREY,Petrol,1,15650,21752,33,29/03/2019,TradeZone,SEMI-AUTO
87577,HYUNDAI,I40,BLUE,Diesel,3,4400,82760,92,10/11/2020,TradeZone,AUTO
25753,PEUGEOT,5008,WHITE,Diesel,2,16650,31719,55,23/12/2021,TradeZone,SEMI-AUTO
63817,BMW,1 SERIES,BLUE,Diesel,1,15800,26265,66,30/06/2017,TradeZone,MANUAL
89002,FIAT,500X,SILVER,Diesel,4,3375,64944,113,30/11/2020,TradeZone,SEMI-AUTO
16178,FORD,FOCUS,GREY,Petrol,3,5000,48976,84,25/12/2020,TradeZone,MANUAL
20094,FORD,FOCUS,WHITE,Petrol,2,3300,64875,118,30/06/2020,TradeZone,MANUAL
48787,HYUNDAI,IONIQ 5,GREY,Electric,3,18800,7500,32,17/08/2020,TradeZone,SEMI-AUTO
45299,VAUXHALL,CORSA,WHITE,Petrol,2,4925,23331,92,26/10/2020,TradeZone,AUTO
89863,VAUXHALL,CORSA,SILVER,Petrol,2,5225,13165,97,23/02/2022,TradeZone,MANUAL
7297,NISSAN,LEAF,BLACK,Electric,1,13550,18235,25,31/07/2018,TradeZone,MANUAL
47858,VOLKSWAGEN,T-CROSS,BLACK,Petrol,1,13750,38817,37,31/05/2019,TradeZone,MANUAL
40127,NISSAN,JUKE,BLUE,Petrol,3,6475,29719,80,30/07/2021,TradeZone,SEMI-AUTO
6022,AUDI,A5,RED,Diesel,8,1800,129511,191,30/09/2018,TradeZone,MANUAL
53770,FORD,FIESTA VIGNALE,GREY,Petrol,2,10250,29635,72,30/09/2020,TradeZone,MANUAL
9822,VOLVO,XC60,GREY,Diesel,1,20950,43693,55,31/10/2020,TradeZone,MANUAL
77219,KIA,XCEED,GREY,Petrol,1,12800,24000,62,17/07/2018,TradeZone,MANUAL
59507,FORD,KA,SILVER,Petrol,3,2700,35000,122,30/04/2019,TradeZone,MANUAL
4375,AUDI,Q3,BLACK,Petrol,3,11050,75300,112,08/07/2019,TradeZone,SEMI-AUTO
79654,LAND ROVER,RANGE ROVER EVOQUE,BLACK,Petrol,2,15800,57804,86,12/11/2019,TradeZone,AUTO
26444,FORD,KUGA,RED,Petrol,1,21550,22460,16,24/01/2020,TradeZone,MANUAL
104,VAUXHALL,ZAFIRA,BLACK,Petrol,2,6725,52312,92,30/11/2019,TradeZone,MANUAL
7712,FORD,FOCUS,BLUE,Petrol,3,12750,13917,67,22/01/2020,TradeZone,MANUAL
19244,CITROEN,C3,GREY,Petrol,2,5675,44294,83,04/01/2021,TradeZone,MANUAL
4580,LAND ROVER,DISCOVERY SPORT,GREY,Petrol,1,25100,34910,49,26/04/2021,TradeZone,MANUAL
34513,LAND ROVER,DISCOVERY SPORT,BLACK,Petrol,2,24900,29787,56,31/03/2021,OTHER,AUTO
37055,PEUGEOT,3008,WHITE,Diesel,2,11600,44750,68,18/10/2016,TradeZone,MANUAL
26005,KIA,SPORTAGE,WHITE,Diesel,2,5500,67172,96,31/01/2020,TradeZone,MANUAL
6029,KIA,SPORTAGE,WHITE,Diesel,2,5950,64000,82,31/01/2020,TradeZone,MANUAL
69641,KIA,SPORTAGE,GREY,Diesel,2,5950,64334,83,19/03/2020,TradeZone,MANUAL
23330,HYUNDAI,I20,WHITE,Petrol,2,1500,65074,169,30/06/2021,TradeZone,AUTO
18761,FIAT,500E,GREY,Electric,1,11000,9162,38,30/09/2019,TradeZone,MANUAL
69068,FIAT,500E,BLACK,Electric,1,11350,4248,38,25/07/2018,TradeZone,MANUAL
12475,MG,HS,BLACK,Hybrid,1,19750,10383,15,31/10/2022,TradeZone,AUTO
77430,VAUXHALL,CORSA,BLUE,Petrol,3,5750,28419,79,30/11/2020,TradeZone,SEMI-AUTO
75323,VAUXHALL,CORSA,GREY,Petrol,1,4075,56457,92,31/03/2019,TradeZone,MANUAL
98042,VAUXHALL,CORSA,BLACK,Petrol,3,5575,31499,80,17/04/2019,TradeZone,MANUAL
17166,VAUXHALL,CORSA,RED,Petrol,2,4075,65692,76,30/04/2023,TradeZone,MANUAL
49428,VAUXHALL,CORSA,BLUE,Petrol,3,5000,40366,83,18/01/2019,TradeZone,MANUAL
64842,VAUXHALL,CORSA,BLUE,Petrol,2,3725,70498,83,27/11/2020,TradeZone,AUTO
64097,VAUXHALL,CORSA,GREY,Petrol,1,4325,54251,83,09/02/2022,TradeZone,AUTO
11011,VAUXHALL,CORSA,WHITE,Petrol,1,5550,29314,86,31/01/2020,TradeZone,MANUAL
47362,FORD,FOCUS,WHITE,Petrol,2,8725,26508,71,31/01/2020,TradeZone,MANUAL
49313,MERCEDES-BENZ,GLA,BLACK,Petrol,2,12700,39527,74,01/03/2018,TradeZone,MANUAL
66603,MERCEDES-BENZ,GLA,BLUE,Petrol,1,13750,24117,68,06/03/2020,TradeZone,MANUAL
34641,MERCEDES-BENZ,GLA,BLUE,Petrol,2,12900,40526,68,12/03/2021,TradeZone,MANUAL
30906,PEUGEOT,5008,SILVER,Petrol,2,11500,64553,88,01/09/2018,TradeZone,AUTO
33224,PEUGEOT,5008,BLUE,Petrol,4,10650,83500,86,27/03/2020,TradeZone,MANUAL
82748,NISSAN,QASHQAI,BLACK,Petrol,5,470,172658,218,23/09/2019,TradeZone,MANUAL
17221,SEAT,IBIZA,RED,Petrol,3,9250,37541,50,18/01/2022,TradeZone,SEMI-AUTO
42059,SEAT,IBIZA,BLUE,Petrol,2,7550,47703,77,31/05/2019,PARTEX,MANUAL
95994,RENAULT,MEGANE,BLACK,Petrol,4,1325,70000,163,20/08/2019,TradeZone,MANUAL
91580,VOLKSWAGEN,GOLF,RED,Hybrid,1,15100,64595,50,27/05/2019,TradeZone,AUTO
96965,VOLKSWAGEN,GOLF,RED,Hybrid,1,17900,30649,48,31/08/2020,TradeZone,AUTO
43395,VOLKSWAGEN,GOLF,BLUE,Hybrid,1,20350,11317,40,14/11/2017,TradeZone,MANUAL
34138,VOLKSWAGEN,GOLF,WHITE,Hybrid,1,17100,43920,43,31/12/2018,TradeZone,AUTO
7996,NISSAN,QASHQAI,ORANGE,Diesel,2,10850,44590,74,30/09/2019,TradeZone,SEMI-AUTO
45529,VOLKSWAGEN,UP!,BLACK,Petrol,2,2450,78500,147,27/09/2019,TradeZone,SEMI-AUTO
31628,NISSAN,QASHQAI,RED,Petrol,2,14700,15799,37,23/10/2020,TradeZone,SEMI-AUTO
29603,NISSAN,QASHQAI,YELLOW,Petrol,1,14550,13962,40,24/02/2022,TradeZone,MANUAL
1438,NISSAN,QASHQAI,GREY,Petrol,2,14350,16352,40,23/08/2016,TradeZone,MANUAL
22176,NISSAN,QASHQAI,SILVER,Petrol,2,13350,38454,30,31/07/2019,TradeZone,MANUAL
69803,NISSAN,QASHQAI,GREY,Petrol,1,14400,19438,38,31/07/2023,TradeZone,AUTO
96876,NISSAN,QASHQAI,BLACK,Petrol,1,16750,9967,14,31/01/2020,TradeZone,MANUAL
74640,PEUGEOT,208,RED,Petrol,3,2375,70200,139,31/12/2020,TradeZone,SEMI-AUTO
17279,PEUGEOT,5008,BLACK,Diesel,2,19200,20190,39,26/03/2019,TradeZone,MANUAL
37066,NISSAN,QASHQAI,WHITE,Petrol,3,15100,17000,56,04/06/2021,TradeZone,AUTO
15295,AUDI,A3,GREY,Petrol,1,19850,25989,37,13/09/2021,OTHER,MANUAL
78480,AUDI,A3,RED,Petrol,1,19100,33381,37,08/09/2021,TradeZone,AUTO
61804,AUDI,A3,GREY,Petrol,1,20150,22909,37,31/03/2018,PARTEX,MANUAL
46028,HYUNDAI,IONIQ,WHITE,Hybrid,4,8550,61076,93,03/08/2018,PARTEX,MANUAL
3726,HYUNDAI,IONIQ,GREY,Hybrid,1,11000,32037,78,30/09/2020,OTHER,MANUAL
54670,VOLKSWAGEN,POLO,PURPLE,Petrol,2,15350,18000,66,31/08/2017,TradeZone,MANUAL
53844,VOLKSWAGEN,POLO,GREY,Petrol,3,12350,53529,65,30/06/2018,TradeZone,MANUAL
62971,PEUGEOT,3008,RED,Diesel,4,870,110000,177,04/08/2021,TradeZone,AUTO
70401,PEUGEOT,2008,WHITE,Petrol,2,6850,52832,68,30/06/2023,TradeZone,AUTO
64558,PORSCHE,TAYCAN,RED,Electric,1,29800,60565,55,30/11/2019,TradeZone,MANUAL
67904,FORD,MONDEO,GREY,Diesel,2,6775,74527,88,30/03/2017,TradeZone,MANUAL
64610,VAUXHALL,GRANDLAND X,RED,Petrol,2,12750,16190,53,26/01/2018,PARTEX,AUTO
41641,NISSAN,JUKE,WHITE,Diesel,5,1125,133750,174,31/01/2020,PARTEX,MANUAL
84845,LAND ROVER,RANGE ROVER EVOQUE,SILVER,Hybrid,1,21950,9579,50,28/02/2022,TradeZone,AUTO
80508,FORD,FOCUS,GREY,Diesel,,1925,93656,150,31/10/2023,OTHER,MANUAL
72979,FORD,FOCUS,GREY,Diesel,4,1550,111507,150,31/07/2018,TradeZone,SEMI-AUTO
26102,FORD,FOCUS,GREY,Diesel,3,2525,70072,142,14/03/2019,OTHER,MANUAL
30734,FORD,FOCUS,WHITE,Diesel,3,2350,75000,147,12/03/2020,TradeZone,AUTO
62253,FORD,FOCUS,GREY,Diesel,3,2050,95000,137,26/11/2019,TradeZone,AUTO
7527,FORD,FOCUS,BLACK,Diesel,3,1675,95334,167,24/03/2017,TradeZone,MANUAL
8083,FORD,FOCUS,WHITE,Diesel,2,2975,49450,151,30/09/2020,PARTEX,MANUAL
92037,LAND ROVER,RANGE ROVER EVOQUE,GREY,Diesel,4,5250,94250,109,14/05/2019,TradeZone,MANUAL
98502,LAND ROVER,RANGE ROVER EVOQUE,BLUE,Diesel,2,6575,71000,92,09/01/2017,PARTEX,MANUAL
68343,BMW,2 SERIES,GREY,Petrol,4,11150,45000,68,31/12/2018,TradeZone,AUTO
96927,NISSAN,QASHQAI,RED,Diesel,4,8050,68094,82,30/11/2019,TradeZone,MANUAL
23637,NISSAN,QASHQAI,GREY,Diesel,3,5975,93500,94,31/10/2020,TradeZone,AUTO
19301,NISSAN,QASHQAI,WHITE,Diesel,2,9600,47930,86,18/08/2018,TradeZone,AUTO
73194,PEUGEOT,2008,BLACK,Petrol,2,9625,9000,82,19/01/2021,TradeZone,MANUAL
96858,VAUXHALL,CROSSLAND,BLACK,Petrol,2,11250,32939,41,14/09/2020,TradeZone,MANUAL
64897,SMART,FORTWO COUPE,BLACK,Electric,3,6475,21948,76,29/11/2021,TradeZone,SEMI-AUTO
73725,AUDI,A4,GREY,Diesel,4,820,133800,230,31/12/2021,TradeZone,AUTO
71052,AUDI,A3,GREY,Petrol,2,5450,52906,140,16/12/2019,TradeZone,MANUAL
90967,VAUXHALL,ASTRA,SILVER,Petrol,3,1900,91000,117,04/03/2019,PARTEX,SEMI-AUTO
74029,DACIA,DUSTER,BLACK,Petrol,1,12300,29768,30,31/07/2020,TradeZone,MANUAL
16674,SUZUKI,SWIFT,GREY,Petrol,3,1925,90664,152,29/04/2021,TradeZone,MANUAL
91642,SUZUKI,SWIFT,GREY,Petrol,2,3650,49966,116,29/04/2021,TradeZone,MANUAL
15321,MERCEDES-BENZ,GLC,WHITE,Petrol,3,16300,63887,76,12/06/2019,TradeZone,MANUAL
54230,LAND ROVER,RANGE ROVER EVOQUE,BLUE,Hybrid,1,27600,7349,26,29/06/2021,TradeZone,AUTO
25308,LAND ROVER,RANGE ROVER EVOQUE,SILVER,Hybrid,1,26900,13575,26,31/12/2018,TradeZone,SEMI-AUTO
45116,FORD,KA+,GREY,Petrol,2,6000,40559,75,28/03/2019,TradeZone,SEMI-AUTO
48426,VAUXHALL,CORSA,WHITE,Diesel,1,4600,34990,89,09/06/2022,TradeZone,MANUAL
6057,VAUXHALL,INSIGNIA,WHITE,Diesel,5,2350,103000,106,28/10/2022,TradeZone,MANUAL
77327,MAZDA,CX-30,WHITE,Petrol,2,14150,40884,42,21/09/2017,TradeZone,MANUAL
13199,NISSAN,QASHQAI,BLUE,Diesel,3,1850,73805,151,28/09/2018,TradeZone,MANUAL
59380,SKODA,YETI OUTDOOR,BLACK,Petrol,2,6100,94687,106,28/08/2019,TradeZone,SEMI-AUTO
65988,MAZDA,CX-5,BLACK,Petrol,2,18100,27642,30,23/06/2020,TradeZone,SEMI-AUTO
54813,LEXUS,NX,WHITE,Hybrid,2,15800,61936,80,14/05/2021,TradeZone,SEMI-AUTO
58526,KIA,SORENTO,WHITE,Diesel,1,24800,44544,50,15/10/2020,TradeZone,MANUAL
50868,KIA,SORENTO,WHITE,Diesel,1,27200,30000,41,19/11/2021,TradeZone,AUTO
30845,MERCEDES-BENZ,B-CLASS,SILVER,Diesel,3,10650,31000,92,25/09/2017,TradeZone,MANUAL
53657,PEUGEOT,RIFTER,ORANGE,Diesel,2,12950,6432,53,31/05/2023,OTHER,SEMI-AUTO
6933,MERCEDES-BENZ,C-CLASS,WHITE,Petrol,2,12300,72403,72,28/10/2022,TradeZone,MANUAL
76233,MERCEDES-BENZ,CLA,BLACK,Petrol,3,20300,28588,62,27/09/2019,TradeZone,MANUAL
70621,NISSAN,QASHQAI,SILVER,Hybrid,1,18250,30271,17,21/04/2017,OTHER,MANUAL
33495,AUDI,A4,BLACK,Petrol,1,21750,23893,49,30/12/2021,TradeZone,SEMI-AUTO
60032,AUDI,Q5,WHITE,Hybrid,2,29250,26000,38,03/10/2018,TradeZone,MANUAL
90980,VOLVO,XC40,BLACK,Electric,1,26800,17343,49,02/09/2021,TradeZone,SEMI-AUTO
12164,VOLKSWAGEN,GOLF,GREY,Petrol,3,19750,32550,72,18/10/2019,TradeZone,SEMI-AUTO
51790,VOLKSWAGEN,GOLF,WHITE,Petrol,3,19050,39958,74,15/03/2016,PARTEX,MANUAL
83025,VOLKSWAGEN,GOLF,BLACK,Petrol,2,16550,65650,74,19/07/2022,TradeZone,SEMI-AUTO
82355,JAGUAR,XF,WHITE,Diesel,3,8100,59812,81,22/10/2020,TradeZone,AUTO
66297,NISSAN,QASHQAI,WHITE,Diesel,3,6375,72836,98,23/09/2019,TradeZone,SEMI-AUTO
57619,NISSAN,QASHQAI,WHITE,Diesel,3,3650,107000,131,01/03/2019,TradeZone,AUTO
82590,BMW,4 SERIES,GREY,Diesel,3,14050,76661,68,25/03/2019,TradeZone,AUTO
2902,PEUGEOT,208,BLACK,Petrol,1,13200,36303,24,14/10/2019,OTHER,SEMI-AUTO
5291,CITROEN,C3 AIRCROSS,GREY,Petrol,2,6725,39180,68,28/09/2018,TradeZone,SEMI-AUTO
47923,DACIA,DUSTER,BLACK,Petrol,2,10650,28767,62,04/05/2021,TradeZone,MANUAL
65388,PEUGEOT,108 TOP,BLUE,Petrol,4,2400,92000,128,19/10/2018,PARTEX,MANUAL
99351,PEUGEOT,3008,BLUE,Diesel,3,8500,63000,97,27/09/2018,PARTEX,MANUAL
61613,PEUGEOT,3008,GREY,Diesel,2,9000,51948,97,26/09/2018,TradeZone,MANUAL
61852,PEUGEOT,3008,BLUE,Diesel,2,7850,88487,86,12/10/2019,TradeZone,MANUAL
50342,JAGUAR,XJ,GREY,Diesel,4,3600,181000,140,26/06/2018,TradeZone,AUTO
70455,SKODA,FABIA,BLACK,Petrol,1,17350,8364,7,27/02/2020,OTHER,AUTO
25614,KIA,STONIC,BLACK,Petrol,2,9100,49487,71,07/12/2020,TradeZone,SEMI-AUTO
24204,VOLKSWAGEN,T-ROC,WHITE,Petrol,1,20200,26991,47,11/12/2020,TradeZone,SEMI-AUTO
67048,VOLKSWAGEN,T-ROC,BLUE,Petrol,1,18950,33521,54,25/07/2018,PARTEX,MANUAL
62264,VOLKSWAGEN,T-ROC,GREY,Petrol,1,18800,35155,54,09/12/2016,PARTEX,SEMI-AUTO
18416,VOLKSWAGEN,T-ROC,GOLD,Petrol,1,18500,34900,58,26/10/2017,TradeZone,MANUAL
31720,VOLKSWAGEN,T-ROC,BLUE,Petrol,1,18950,29813,59,27/10/2017,TradeZone,SEMI-AUTO
93380,VOLKSWAGEN,T-ROC,BLACK,Petrol,1,20850,20064,49,17/01/2019,TradeZone,MANUAL
66073,VOLKSWAGEN,T-ROC,BLACK,Petrol,1,19500,24597,58,06/02/2019,PARTEX,MANUAL
86603,MINI,COUNTRYMAN,WHITE,Petrol,2,18450,23261,40,24/09/2018,TradeZone,SEMI-AUTO
63111,CITROEN,C3,BLUE,Petrol,3,4175,67000,95,30/07/2018,TradeZone,MANUAL
26540,CITROEN,C3,WHITE,Petrol,2,3575,92000,98,19/11/2021,TradeZone,AUTO
24264,CITROEN,C3,BLACK,Petrol,3,3975,78056,92,29/01/2019,PARTEX,SEMI-AUTO
24939,CITROEN,C3,SILVER,Petrol,4,4350,69720,86,03/05/2019,TradeZone,MANUAL
3459,CITROEN,C3,WHITE,Petrol,2,5350,30581,90,04/03/2021,TradeZone,AUTO
25279,AUDI,Q8 E-TRON,WHITE,Electric,1,39300,12053,18,31/03/2022,TradeZone,AUTO
38230,BMW,2 SERIES ACTIVE TOURER,BLACK,Diesel,3,7625,59500,97,03/09/2021,OTHER,MANUAL
40367,TOYOTA,C-HR,BLUE,Hybrid,2,21550,14699,36,29/10/2015,PARTEX,MANUAL
16420,BMW,1 SERIES,BRONZE,Petrol,3,7375,45234,84,29/01/2022,OTHER,SEMI-AUTO
44860,CITROEN,C5 AIRCROSS,BLUE,Petrol,2,12450,21775,51,30/09/2019,TradeZone,MANUAL
4813,POLESTAR,2,WHITE,Electric,1,19100,36648,43,16/11/2021,TradeZone,AUTO
4383,JAGUAR,XE,GREY,Diesel,3,12500,79259,48,16/06/2017,TradeZone,MANUAL
60115,TOYOTA,AURIS TOURING SPORT,BLACK,Petrol,4,3450,103000,133,15/07/2021,TradeZone,SEMI-AUTO
40664,AUDI,Q7,WHITE,Diesel,4,6600,89093,167,30/09/2020,TradeZone,AUTO
26838,PEUGEOT,208,WHITE,Petrol,3,7600,72424,53,31/03/2021,TradeZone,AUTO
36256,PEUGEOT,208,BLUE,Petrol,1,11750,19079,40,14/03/2022,OTHER,SEMI-AUTO
51044,PEUGEOT,208,GREY,Petrol,1,11000,25172,50,01/03/2019,TradeZone,MANUAL
98437,PEUGEOT,208,GREY,Petrol,2,11200,18293,54,14/09/2021,TradeZone,MANUAL
52842,LAND ROVER,RANGE ROVER EVOQUE,RED,Diesel,1,17950,39567,46,16/11/2021,TradeZone,AUTO
32259,NISSAN,QASHQAI,GREY,Petrol,2,9250,65769,78,12/06/2019,PARTEX,MANUAL
1574,ALFA ROMEO,MITO,GREY,Diesel,5,1100,108000,151,31/05/2021,OTHER,MANUAL
27462,SKODA,KAMIQ,BLUE,Petrol,1,18850,4118,6,08/09/2021,TradeZone,MANUAL
49935,SKODA,KAMIQ,GREY,Petrol,1,18550,3888,10,27/01/2021,TradeZone,MANUAL
16272,RENAULT,CAPTUR,GREY,Petrol,1,14700,30636,38,23/06/2021,TradeZone,MANUAL
70672,PEUGEOT,3008,BLACK,Petrol,1,9150,38629,82,28/07/2022,TradeZone,MANUAL
43562,PEUGEOT,3008,YELLOW,Petrol,2,8150,59099,79,16/08/2022,TradeZone,MANUAL
31723,PEUGEOT,3008,RED,Petrol,1,9800,37187,68,25/03/2016,TradeZone,MANUAL
2278,PEUGEOT,3008,RED,Petrol,2,8375,62600,68,09/10/2020,PARTEX,MANUAL
45226,PEUGEOT,3008,WHITE,Petrol,2,8300,64823,67,17/06/2019,TradeZone,AUTO
59803,PEUGEOT,3008,GREY,Petrol,5,8500,49635,85,26/07/2019,TradeZone,AUTO
63347,PEUGEOT,3008,WHITE,Petrol,1,11800,15011,53,25/09/2020,TradeZone,MANUAL
81821,VOLKSWAGEN,POLO,BLUE,Petrol,2,3175,96484,120,14/03/2017,TradeZone,MANUAL
25324,LAND ROVER,RANGE ROVER SPORT,BLACK,Diesel,1,71300,8107,11,04/03/2019,TradeZone,AUTO
58560,LAND ROVER,RANGE ROVER SPORT,BLUE,Diesel,2,62500,31950,26,30/09/2019,TradeZone,SEMI-AUTO
47659,LAND ROVER,RANGE ROVER SPORT,GREY,Diesel,1,68000,10319,23,30/06/2019,TradeZone,AUTO
57058,BMW,3 SERIES,BLACK,Diesel,4,2500,134000,164,20/08/2021,TradeZone,MANUAL
70268,CITROEN,C3,WHITE,Petrol,2,7500,27864,82,24/03/2023,TradeZone,AUTO
25967,CITROEN,C3,BLACK,Petrol,2,6000,66569,80,16/09/2017,PARTEX,MANUAL
8152,CITROEN,C3,BLUE,Petrol,2,7075,42291,75,12/09/2018,TradeZone,MANUAL
83690,FIAT,500X,BLUE,Petrol,3,11300,13531,56,05/02/2021,TradeZone,AUTO
65842,FIAT,500X,BLACK,Petrol,3,9850,39282,56,30/11/2020,TradeZone,AUTO
87121,MERCEDES-BENZ,A-CLASS,BLACK,Petrol,3,18200,62109,65,28/01/2021,TradeZone,AUTO
56595,BMW,3 SERIES,GREY,Diesel,2,8675,55752,77,20/07/2021,TradeZone,MANUAL
41160,BMW,5 SERIES,BLACK,Diesel,3,14200,62304,90,31/01/2018,PARTEX,MANUAL
87806,AUDI,A4 AVANT,WHITE,Petrol,1,20800,22955,32,20/09/2021,TradeZone,MANUAL
37086,VOLKSWAGEN,POLO,BLUE,Petrol,1,18550,6704,8,22/06/2018,TradeZone,SEMI-AUTO
6456,MERCEDES-BENZ,A-CLASS,GREY,Petrol,2,12750,41615,68,24/07/2020,TradeZone,AUTO
40183,HYUNDAI,I20,SILVER,Petrol,2,1825,74037,153,20/05/2022,OTHER,MANUAL
10735,HYUNDAI,I20,RED,Petrol,4,1425,100000,154,26/09/2018,PARTEX,MANUAL
81291,FORD,FOCUS,ORANGE,Petrol,2,11550,34490,73,16/08/2019,TradeZone,MANUAL
85873,TOYOTA,RAV4,GREEN,Hybrid,1,19350,71454,49,18/09/2021,TradeZone,AUTO
84393,TOYOTA,RAV4,BLACK,Hybrid,1,19450,70109,49,11/02/2022,PARTEX,SEMI-AUTO
69294,RENAULT,KADJAR,GREY,Petrol,1,14350,14328,35,29/09/2017,TradeZone,MANUAL
11716,RENAULT,KADJAR,ORANGE,Petrol,1,13750,22179,35,29/09/2016,PARTEX,MANUAL
44656,RENAULT,KADJAR,WHITE,Petrol,1,13250,30394,35,22/03/2021,TradeZone,AUTO
9058,VOLVO,XC60,GREY,Diesel,2,16650,66488,79,25/09/2017,PARTEX,MANUAL
9135,FORD,FOCUS,WHITE,Petrol,4,7625,64450,122,28/09/2020,TradeZone,SEMI-AUTO
91240,VAUXHALL,CORSA,RED,Petrol,2,9300,32026,53,26/09/2021,TradeZone,MANUAL
26464,HYUNDAI,IONIQ 5,BLACK,Electric,1,16000,54274,39,08/06/2021,TradeZone,SEMI-AUTO
87529,HYUNDAI,IONIQ 5,GREY,Electric,1,16150,56726,38,03/12/2018,PARTEX,SEMI-AUTO
65023,HYUNDAI,IONIQ 5,BLACK,Electric,1,16250,55995,36,30/04/2018,TradeZone,MANUAL
26277,MERCEDES-BENZ,A-CLASS,WHITE,Diesel,3,14700,41356,69,30/03/2021,PARTEX,AUTO
48487,NISSAN,ALMERA,WHITE,Petrol,4,,153642,248,28/10/2017,TradeZone,MANUAL
51012,FIAT,500,SILVER,Petrol,2,4275,66000,98,12/10/2018,TradeZone,MANUAL
22896,JAGUAR,XE,GREY,Diesel,4,5200,79948,116,29/10/2021,OTHER,SEMI-AUTO
66033,SEAT,TARRACO,WHITE,Petrol,3,14100,45795,75,29/11/2018,TradeZone,MANUAL
82647,VOLKSWAGEN,GOLF,GREY,Petrol,4,17150,56771,85,19/05/2017,TradeZone,SEMI-AUTO
37383,VOLKSWAGEN,GOLF,BLACK,Petrol,3,18100,46293,86,05/04/2019,TradeZone,SEMI-AUTO
42599,KIA,NIRO,BLUE,Hybrid,1,18350,15953,29,31/03/2018,TradeZone,AUTO
15288,VOLVO,XC40,WHITE,Diesel,2,13350,69412,62,24/03/2017,TradeZone,MANUAL
21311,VOLVO,XC40,BLACK,Diesel,1,13450,64789,65,23/03/2018,TradeZone,SEMI-AUTO
80082,SKODA,KAMIQ,GREY,Petrol,3,14600,24837,50,27/09/2017,TradeZone,MANUAL
2906,VOLKSWAGEN,T-CROSS,SILVER,Petrol,,13200,49160,50,30/04/2019,TradeZone,MANUAL
94229,VOLKSWAGEN,T-CROSS,RED,Petrol,1,15050,24226,49,26/11/2021,TradeZone,AUTO
5428,VOLKSWAGEN,T-CROSS,BLUE,Petrol,1,15650,16722,47,11/07/2019,TradeZone,AUTO
55549,VOLKSWAGEN,T-CROSS,WHITE,Petrol,1,14050,31996,53,24/08/2021,TradeZone,AUTO
53323,PEUGEOT,3008,BLACK,Diesel,2,9375,48644,74,05/09/2019,TradeZone,MANUAL
41857,BMW,I3,GREY,Hybrid,3,8100,54895,80,06/09/2021,OTHER,AUTO
19628,DS,DS 3,GREY,Petrol,2,4750,22207,90,19/07/2017,TradeZone,SEMI-AUTO
43642,DS,DS 3,WHITE,Petrol,3,3425,70340,95,13/03/2018,TradeZone,AUTO
35479,MERCEDES-BENZ,A-CLASS,RED,Hybrid,1,17550,30193,50,28/06/2022,TradeZone,AUTO
82122,MERCEDES-BENZ,A-CLASS,GREY,Hybrid,1,15750,43425,56,30/11/2022,OTHER,AUTO
57058,MERCEDES-BENZ,A-CLASS,GREY,Hybrid,2,16750,33960,56,10/03/2020,OTHER,SEMI-AUTO
16205,RENAULT,KADJAR,BLUE,Diesel,3,5750,60999,86,26/05/2021,OTHER,SEMI-AUTO
16421,AUDI,A1,WHITE,Petrol,4,7125,66035,96,30/09/2017,TradeZone,MANUAL
22959,SKODA,ENYAQ IV,BLUE,Electric,1,15400,52134,35,22/10/2020,TradeZone,SEMI-AUTO
51405,SEAT,LEON,BLACK,Petrol,3,6000,81000,98,30/05/2019,TradeZone,MANUAL
95422,SEAT,LEON,GREY,Petrol,2,8475,33497,84,28/01/2022,TradeZone,MANUAL
51168,MERCEDES-BENZ,GLA,WHITE,Petrol,2,14250,43456,84,31/03/2021,TradeZone,MANUAL
20662,SEAT,LEON,ORANGE,Diesel,2,7600,68800,84,28/08/2018,TradeZone,MANUAL
54781,LAND ROVER,DISCOVERY SPORT,RED,Diesel,1,22400,47774,51,15/06/2016,TradeZone,MANUAL
42240,VOLVO,V40,WHITE,Petrol,2,13200,27820,74,11/03/2019,PARTEX,MANUAL
46716,AUDI,A5,RED,Diesel,3,17200,54414,64,21/03/2019,TradeZone,MANUAL
11023,RENAULT,CAPTUR,BLACK,Petrol,3,4375,64000,126,10/02/2017,PARTEX,MANUAL
37527,NISSAN,QASHQAI,RED,Petrol,2,3550,100695,122,30/09/2021,OTHER,AUTO
65813,NISSAN,QASHQAI,GREY,Petrol,2,4675,71000,111,31/10/2017,TradeZone,SEMI-AUTO
49156,NISSAN,QASHQAI,BLUE,Petrol,2,5225,53500,115,28/06/2019,TradeZone,SEMI-AUTO
48455,LAND ROVER,DISCOVERY SPORT,BLUE,Diesel,2,6200,74433,77,17/07/2021,TradeZone,MANUAL
23162,NISSAN,NOTE,GREY,Petrol,3,1950,103641,126,22/09/2020,TradeZone,AUTO
59589,NISSAN,NOTE,WHITE,Petrol,3,2625,68437,122,29/04/2019,TradeZone,MANUAL
38319,SUZUKI,SWACE,WHITE,Hybrid,1,13000,51173,38,31/03/2021,TradeZone,MANUAL
32628,AUDI,A6,BLACK,Petrol,1,16200,62773,39,10/12/2018,TradeZone,MANUAL
65861,BMW,3 SERIES,SILVER,Hybrid,2,17850,54000,47,22/10/2018,TradeZone,MANUAL
25139,SEAT,ATECA,BLUE,Petrol,1,14150,24355,26,15/11/2019,OTHER,AUTO
4399,SEAT,ATECA,GREEN,Petrol,1,14300,21408,26,19/07/2017,TradeZone,SEMI-AUTO
10234,SEAT,ATECA,GREY,Petrol,2,9900,77282,51,31/01/2019,TradeZone,MANUAL
47265,AUDI,A1,WHITE,Petrol,2,8375,53868,89,01/03/2016,PARTEX,MANUAL
40173,AUDI,A1,WHITE,Petrol,2,8750,48982,89,14/03/2017,TradeZone,MANUAL
47090,DACIA,SANDERO STEPWAY,BLUE,Petrol,2,4550,50910,71,01/09/2017,TradeZone,MANUAL
26244,DACIA,SANDERO STEPWAY,WHITE,Petrol,3,5350,35807,63,30/10/2018,TradeZone,AUTO
98024,DACIA,SANDERO STEPWAY,WHITE,Petrol,3,5375,29000,72,30/10/2018,TradeZone,SEMI-AUTO
81640,MINI,COUNTRYMAN,BLACK,Petrol,1,12650,62639,80,30/09/2021,OTHER,MANUAL
39427,VAUXHALL,CORSA,WHITE,Petrol,5,660,74000,167,12/03/2020,TradeZone,AUTO
98792,VOLKSWAGEN,POLO,WHITE,Diesel,1,10700,51520,55,15/12/2017,PARTEX,SEMI-AUTO
77429,MAZDA,MAZDA3,GREY,Petrol,3,7725,48729,104,12/09/2019,TradeZone,MANUAL
28962,MAZDA,MAZDA3,SILVER,Petrol,2,8900,34529,94,24/10/2022,TradeZone,AUTO
59827,MAZDA,MAZDA3,WHITE,Petrol,,7850,53084,94,21/05/2018,TradeZone,MANUAL
48541,VOLVO,XC40,RED,Petrol,1,29800,4635,8,25/10/2019,TradeZone,MANUAL
30626,LEXUS,RX,WHITE,Hybrid,2,2850,92000,228,04/02/2021,TradeZone,SEMI-AUTO
13994,AUDI,A3,WHITE,Petrol,2,10350,73000,77,01/03/2021,TradeZone,MANUAL
40369,AUDI,A3,WHITE,Petrol,2,13100,37321,85,31/12/2018,TradeZone,MANUAL
69214,JEEP,RENEGADE,ORANGE,Diesel,4,4200,77200,98,22/11/2019,OTHER,MANUAL
73096,MERCEDES-BENZ,EQC,GREY,Electric,1,22700,32621,50,31/07/2020,TradeZone,MANUAL
84844,MERCEDES-BENZ,EQC,BLACK,Electric,1,22950,36032,39,31/03/2020,TradeZone,SEMI-AUTO
19646,CITROEN,C3,RED,Petrol,2,6575,30665,76,31/07/2023,TradeZone,SEMI-AUTO
33808,CITROEN,C3,BLUE,Petrol,2,6250,33909,86,01/04/2021,TradeZone,MANUAL
81004,CITROEN,C3,WHITE,Petrol,2,6125,41797,76,14/05/2018,TradeZone,MANUAL
76922,CITROEN,C3,GREY,Petrol,2,6125,44316,74,07/10/2020,TradeZone,MANUAL
53960,CITROEN,C3,BLACK,Petrol,1,6100,45218,69,31/01/2022,TradeZone,MANUAL
3371,DS,DS 3,GREY,Petrol,3,2550,50539,112,31/10/2020,TradeZone,SEMI-AUTO
2891,MERCEDES-BENZ,A-CLASS,WHITE,Petrol,2,15100,30800,64,29/04/2016,TradeZone,MANUAL
37469,MERCEDES-BENZ,A-CLASS,BLACK,Petrol,1,16800,22400,47,21/12/2022,TradeZone,MANUAL
78487,PEUGEOT,3008,RED,Petrol,2,10000,22402,98,31/07/2023,TradeZone,AUTO
6600,JEEP,COMPASS,GREY,Diesel,2,10500,45023,77,09/09/2019,TradeZone,SEMI-AUTO
89473,VAUXHALL,MOKKA X,BLUE,Petrol,3,6825,50698,80,14/03/2019,TradeZone,MANUAL
5020,PEUGEOT,208,BLUE,Petrol,2,2600,43919,128,01/08/2017,TradeZone,AUTO
39003,MITSUBISHI,ECLIPSE CROSS,BLACK,Petrol,2,9625,58156,84,07/10/2016,TradeZone,AUTO
29468,VOLKSWAGEN,GOLF,SILVER,Petrol,2,3825,128213,119,30/03/2019,TradeZone,MANUAL
348,VOLKSWAGEN,GOLF,RED,Petrol,3,5200,90000,120,31/07/2023,TradeZone,AUTO
63348,VAUXHALL,CORSA,BLUE,Petrol,2,5750,20665,97,05/03/2020,TradeZone,MANUAL
46789,VAUXHALL,CORSA,SILVER,Petrol,2,3350,70000,108,31/03/2020,TradeZone,SEMI-AUTO
83550,VAUXHALL,CORSA,BLACK,Petrol,2,2800,83856,113,27/07/2020,TradeZone,SEMI-AUTO
56886,RENAULT,ZOE,BLACK,Electric,2,8075,31149,50,29/03/2023,TradeZone,MANUAL
69898,RENAULT,CAPTUR,GREY,Petrol,2,11450,17050,54,30/09/2017,TradeZone,MANUAL
94984,AUDI,A3,RED,Petrol,1,20500,3922,19,31/01/2021,TradeZone,AUTO
43038,BMW,3 SERIES,BLUE,Hybrid,1,14000,50212,54,21/10/2021,TradeZone,SEMI-AUTO
93521,FORD,KUGA,GREY,Diesel,4,12200,42864,81,10/12/2021,TradeZone,AUTO
49278,LAND ROVER,RANGE ROVER EVOQUE,GREY,Diesel,1,16600,44831,40,16/03/2018,TradeZone,MANUAL
49486,SEAT,IBIZA,GREY,Petrol,2,12200,20981,74,16/03/2018,TradeZone,MANUAL
56728,VAUXHALL,CORSA,GREY,Petrol,2,8950,54299,50,06/04/2018,TradeZone,MANUAL
23326,VAUXHALL,CORSA,GREY,Petrol,4,9425,36313,62,31/03/2020,OTHER,AUTO
59735,VAUXHALL,CORSA,WHITE,Petrol,2,11050,10000,62,30/04/2021,TradeZone,MANUAL
59994,VAUXHALL,CORSA,BLUE,Petrol,2,9125,47190,52,01/03/2022,TradeZone,MANUAL
93549,VAUXHALL,CORSA,BLUE,Petrol,2,10300,22474,62,25/06/2022,OTHER,MANUAL
71073,VAUXHALL,CORSA,BLUE,Petrol,2,10300,22000,62,04/04/2022,TradeZone,AUTO
28699,VAUXHALL,CORSA,BLACK,Petrol,1,10850,17178,54,30/09/2019,PARTEX,MANUAL
90232,VAUXHALL,CORSA,RED,Petrol,2,9975,30273,56,21/09/2020,TradeZone,MANUAL
26563,MERCEDES-BENZ,A-CLASS,GREY,Diesel,2,13300,41856,76,11/11/2021,OTHER,MANUAL
4737,MERCEDES-BENZ,A-CLASS,BLUE,Diesel,2,13550,40246,74,31/07/2020,TradeZone,MANUAL
6812,MERCEDES-BENZ,A-CLASS,BLACK,Diesel,2,11700,61741,75,29/10/2019,TradeZone,MANUAL
52182,MERCEDES-BENZ,A-CLASS,BLUE,Diesel,3,12300,51665,77,21/12/2020,OTHER,AUTO
72797,MERCEDES-BENZ,A-CLASS,GREY,Diesel,4,12700,46543,80,31/03/2020,TradeZone,MANUAL
49847,MERCEDES-BENZ,A-CLASS,WHITE,Diesel,3,13400,38976,78,30/06/2019,TradeZone,MANUAL
53198,VOLKSWAGEN,GOLF,GREY,Petrol,4,,119000,274,31/03/2020,TradeZone,SEMI-AUTO
41942,AUDI,Q3,BLACK,Petrol,2,22850,43238,64,01/09/2017,PARTEX,MANUAL
79287,VOLKSWAGEN,GOLF,SILVER,Diesel,3,10250,63672,86,09/09/2020,TradeZone,SEMI-AUTO
24903,VOLKSWAGEN,GOLF,GREY,Diesel,3,11950,42072,86,20/04/2018,TradeZone,MANUAL
64735,LAND ROVER,RANGE ROVER EVOQUE,GREY,Petrol,2,18650,37664,70,30/04/2021,TradeZone,MANUAL
68685,LAND ROVER,RANGE ROVER EVOQUE,RED,Petrol,1,20650,21700,62,29/03/2023,TradeZone,MANUAL
67840,LAND ROVER,RANGE ROVER EVOQUE,GREY,Diesel,3,9000,46582,78,19/09/2020,TradeZone,MANUAL
98829,RENAULT,CLIO,GREY,Petrol,2,5300,49911,92,31/01/2022,TradeZone,MANUAL
65983,RENAULT,CLIO,GREY,Petrol,2,4750,64387,87,31/10/2018,TradeZone,MANUAL
62750,AUDI,A3,WHITE,Petrol,2,20150,32737,37,12/02/2020,TradeZone,AUTO
87170,AUDI,A3,BLACK,Petrol,2,20150,32663,38,29/10/2019,TradeZone,SEMI-AUTO
53833,AUDI,A3,WHITE,Petrol,2,20950,24616,37,31/10/2020,TradeZone,MANUAL
38947,AUDI,A3,RED,Petrol,1,20350,20000,50,31/03/2020,TradeZone,MANUAL
23750,AUDI,A3,GREY,Petrol,1,19300,30747,50,31/03/2020,TradeZone,MANUAL
33058,AUDI,A3,GREY,Petrol,2,19700,21474,55,31/03/2020,TradeZone,MANUAL
63744,AUDI,A3,BLUE,Petrol,1,19200,35528,43,30/06/2020,TradeZone,AUTO
76050,AUDI,A3,WHITE,Petrol,1,23500,11969,22,31/01/2019,TradeZone,MANUAL
87236,AUDI,A3,GREY,Petrol,1,20150,22300,49,30/09/2020,TradeZone,AUTO
92779,FIAT,124 SPIDER,BLUE,Petrol,2,8800,31897,101,25/10/2021,TradeZone,MANUAL
37798,CUPRA,ATECA,BLUE,Petrol,1,32200,7000,8,30/09/2022,TradeZone,MANUAL
93034,CUPRA,ATECA,SILVER,Petrol,1,34200,25,2,31/07/2019,TradeZone,AUTO
42213,BMW,2 SERIES,GREY,Petrol,1,14800,28075,50,31/03/2020,TradeZone,MANUAL
84871,KIA,SPORTAGE,BLUE,Petrol,1,16650,28913,36,07/04/2021,TradeZone,SEMI-AUTO
14900,VAUXHALL,CORSA,RED,Petrol,2,7750,33890,72,29/03/2023,TradeZone,MANUAL
89867,MERCEDES-BENZ,A-CLASS,GREY,Petrol,2,22900,6459,35,03/09/2020,TradeZone,MANUAL
83353,FORD,FIESTA,GREY,Petrol,8,350,94500,218,30/09/2020,TradeZone,MANUAL
82142,FORD,FIESTA,GREY,Petrol,3,,37287,266,30/11/2020,TradeZone,MANUAL
24936,AUDI,TT,GREY,Petrol,4,3350,119420,190,30/11/2020,TradeZone,MANUAL
3338,MERCEDES-BENZ,GLA,BLUE,Diesel,3,8225,51111,116,30/09/2020,TradeZone,MANUAL
60888,NISSAN,JUKE,BLACK,Petrol,2,5050,41000,92,07/12/2021,TradeZone,SEMI-AUTO
56263,NISSAN,JUKE,GREY,Petrol,2,3675,67000,107,09/12/2021,TradeZone,AUTO
99471,FORD,FOCUS,WHITE,Diesel,2,3775,97000,122,28/03/2018,TradeZone,AUTO
40442,CHEVROLET,SPARK,GREY,Petrol,5,600,91000,167,20/02/2019,OTHER,SEMI-AUTO
58148,KIA,VENGA,WHITE,Petrol,1,8000,27874,79,21/10/2019,PARTEX,SEMI-AUTO
25156,BMW,X3 M,BLACK,Petrol,2,35600,46468,66,29/04/2017,TradeZone,MANUAL
527,SUZUKI,VITARA,GREY,Petrol,2,9450,21500,72,31/03/2020,TradeZone,SEMI-AUTO
37264,SUZUKI,VITARA,GREY,Petrol,2,8375,37841,77,31/03/2020,TradeZone,SEMI-AUTO
48852,AUDI,A1,BLUE,Petrol,1,17950,8000,51,31/03/2020,TradeZone,MANUAL
7256,AUDI,A4 AVANT,BLACK,Petrol,1,21350,26420,49,30/04/2020,TradeZone,MANUAL
97292,SEAT,IBIZA,BLUE,Petrol,2,11750,33000,55,31/03/2021,TradeZone,MANUAL
13990,TOYOTA,YARIS,GREY,Petrol,3,9325,24228,62,11/11/2021,TradeZone,SEMI-AUTO
85424,TOYOTA,YARIS,BLACK,Petrol,4,7000,59599,71,26/08/2016,PARTEX,MANUAL
2912,PEUGEOT,308,CREAM,Petrol,4,4075,51194,100,24/08/2018,TradeZone,MANUAL
26447,MERCEDES-BENZ,CLA,BLACK,Petrol,2,20500,24531,64,30/06/2019,TradeZone,AUTO
34280,MINI,HATCHBACK,GREY,Petrol,1,17700,10290,29,15/08/2019,TradeZone,MANUAL
49288,LAND ROVER,RANGE ROVER VELAR,BLUE,Diesel,4,16800,70283,80,01/11/2016,PARTEX,MANUAL
14482,NISSAN,JUKE,WHITE,Petrol,2,2950,80000,144,20/09/2019,TradeZone,MANUAL
79311,MAZDA,CX-60,BLACK,Hybrid,1,23400,36957,32,10/09/2020,TradeZone,SEMI-AUTO
33922,LEXUS,NX,ORANGE,Hybrid,1,20050,56740,56,29/09/2020,TradeZone,MANUAL
62027,MINI,COUNTRYMAN,WHITE,Petrol,2,12650,41467,87,09/10/2020,OTHER,MANUAL
61690,MINI,COUNTRYMAN,RED,Petrol,3,10250,73547,98,30/07/2020,TradeZone,SEMI-AUTO
44835,RENAULT,CLIO,GREY,Petrol,3,5200,50000,96,20/12/2019,TradeZone,MANUAL
86675,RENAULT,CLIO,SILVER,Petrol,4,6175,38520,84,31/03/2020,TradeZone,MANUAL
29320,RENAULT,CLIO,BLUE,Petrol,4,4050,79100,97,30/09/2018,TradeZone,MANUAL
5541,PEUGEOT,3008,BLUE,Hybrid,1,14400,46293,38,30/09/2019,TradeZone,MANUAL
41800,VAUXHALL,ASTRA,BLACK,Diesel,3,4950,61000,80,20/11/2020,TradeZone,MANUAL
20157,BMW,X3,SILVER,Petrol,2,21550,50371,68,30/09/2020,TradeZone,MANUAL
20632,SKODA,KAROQ,GREY,Petrol,1,12950,40701,53,15/11/2021,OTHER,SEMI-AUTO
87893,SKODA,KAROQ,WHITE,Petrol,1,13850,27175,54,04/11/2021,OTHER,MANUAL
59073,SKODA,KAROQ,SILVER,Petrol,1,13450,32775,53,29/08/2018,TradeZone,MANUAL
14947,MERCEDES-BENZ,GLC,RED,Diesel,1,26600,36000,56,17/10/2022,OTHER,AUTO
37873,BMW,2 SERIES GRAN TOURER,BLACK,Petrol,3,10500,47000,77,07/04/2019,TradeZone,MANUAL
84719,LAND ROVER,DISCOVERY SPORT,BLUE,Diesel,1,20350,39198,50,30/04/2021,TradeZone,MANUAL
59866,AUDI,A1,BLUE,Petrol,2,12100,13805,80,03/03/2022,TradeZone,MANUAL
74394,PEUGEOT,3008,RED,Petrol,1,13150,31576,47,16/09/2020,TradeZone,MANUAL
57797,VOLKSWAGEN,T-ROC,GREY,Petrol,2,10200,77916,74,19/01/2022,TradeZone,SEMI-AUTO
64188,FORD,MONDEO,BLACK,Diesel,2,5000,88936,94,31/10/2022,TradeZone,AUTO
75404,VOLKSWAGEN,GOLF,BLACK,Diesel,2,5775,128500,115,23/03/2019,PARTEX,MANUAL
20669,VOLKSWAGEN,GOLF,GREY,Diesel,2,9750,63776,110,13/07/2020,TradeZone,SEMI-AUTO
5959,VAUXHALL,ASTRA,RED,Petrol,3,3950,52000,110,31/03/2021,TradeZone,MANUAL
71851,AUDI,A3,BLACK,Diesel,6,8275,96000,91,02/12/2021,TradeZone,SEMI-AUTO
67971,FORD,FIESTA,WHITE,Petrol,4,2175,86701,133,25/06/2019,TradeZone,MANUAL
50982,FORD,FIESTA,BLACK,Petrol,2,7175,65030,74,18/08/2016,TradeZone,SEMI-AUTO
24360,AUDI,A3,BLACK,Diesel,3,2075,93000,148,01/03/2021,TradeZone,AUTO
93206,AUDI,A3,WHITE,Diesel,3,1625,123712,148,30/03/2021,TradeZone,SEMI-AUTO
7194,LAND ROVER,DISCOVERY SPORT,BLACK,Diesel,2,17650,52647,62,25/03/2018,TradeZone,SEMI-AUTO
67907,DACIA,DUSTER,BLACK,Petrol,2,9550,25765,59,11/04/2022,OTHER,AUTO
63743,SEAT,IBIZA,RED,Petrol,2,13050,18973,50,29/03/2023,TradeZone,MANUAL
26139,BMW,5 SERIES,WHITE,Diesel,1,19200,59500,53,31/03/2018,TradeZone,MANUAL
91705,BMW,5 SERIES,WHITE,Diesel,1,24350,19700,50,19/06/2020,PARTEX,MANUAL
75255,BMW,5 SERIES,BLACK,Diesel,1,20450,53326,50,19/05/2021,TradeZone,AUTO
83076,BMW,5 SERIES,GREY,Diesel,1,19850,54000,52,09/05/2021,TradeZone,SEMI-AUTO
14891,SEAT,IBIZA,BLUE,Petrol,3,6025,54888,98,09/10/2019,TradeZone,AUTO
89719,RENAULT,ZOE,GREY,Electric,2,10600,19415,29,25/11/2019,TradeZone,SEMI-AUTO
20906,MAZDA,CX-5,WHITE,Diesel,1,20200,43101,38,30/11/2021,TradeZone,SEMI-AUTO
21691,AUDI,A3,ORANGE,Petrol,1,23450,23638,42,30/06/2020,TradeZone,AUTO
91049,LAND ROVER,RANGE ROVER EVOQUE,WHITE,Diesel,3,17550,53000,62,26/03/2021,TradeZone,MANUAL
30816,MINI,HATCHBACK,RED,Petrol,4,2300,48000,186,31/03/2021,TradeZone,SEMI-AUTO
39197,VOLVO,XC40,RED,Hybrid,1,18900,55029,40,30/04/2023,PARTEX,MANUAL
25979,VOLVO,XC40,BLUE,Hybrid,1,17800,60817,49,05/10/2020,TradeZone,SEMI-AUTO
54001,FORD,FIESTA,RED,Petrol,2,4450,76411,80,27/03/2018,TradeZone,MANUAL
55434,FORD,FIESTA,WHITE,Petrol,2,4875,52114,94,13/12/2019,TradeZone,SEMI-AUTO
87206,KIA,CEED,BLACK,Diesel,3,6675,65437,84,10/11/2020,PARTEX,SEMI-AUTO
29372,SUZUKI,CELERIO,WHITE,Petrol,3,2800,57178,92,17/09/2021,TradeZone,MANUAL
41389,SUZUKI,CELERIO,RED,Petrol,2,3475,16565,96,08/11/2021,TradeZone,AUTO
57980,SUZUKI,CELERIO,SILVER,Petrol,2,4050,15841,73,12/04/2018,PARTEX,MANUAL
68526,PEUGEOT,508,BLACK,Diesel,2,2100,130000,120,30/09/2020,TradeZone,AUTO
5834,KIA,SOUL,BLUE,Electric,2,4875,37200,90,09/12/2021,TradeZone,MANUAL
97912,VOLKSWAGEN,TIGUAN,BLUE,Petrol,3,13250,47899,84,30/11/2022,TradeZone,MANUAL
15417,AUDI,Q8 E-TRON,BLACK,Electric,1,42900,15646,18,15/12/2020,TradeZone,SEMI-AUTO
17024,SEAT,ATECA,RED,Petrol,3,12450,50753,74,31/03/2020,TradeZone,MANUAL
10343,TOYOTA,PRIUS,GREY,Hybrid,1,14050,46209,50,26/03/2021,TradeZone,MANUAL
58845,FORD,KUGA,GREY,Diesel,1,13100,50812,45,31/03/2021,TradeZone,MANUAL
68051,FORD,KUGA,GREY,Diesel,2,13150,59390,38,12/10/2017,TradeZone,MANUAL
94557,SKODA,OCTAVIA,BLUE,Petrol,3,13050,38875,79,30/10/2017,TradeZone,AUTO
48896,KIA,SORENTO,BLACK,Hybrid,1,32200,27500,41,29/10/2021,OTHER,AUTO
68268,KIA,SPORTAGE,GREY,Petrol,3,10950,44000,74,31/01/2021,OTHER,AUTO
62006,KIA,SPORTAGE,GREY,Petrol,1,13300,36916,40,01/03/2019,TradeZone,AUTO
17720,KIA,SPORTAGE,GREEN,Petrol,1,12100,36000,62,09/10/2019,TradeZone,AUTO
63009,KIA,SPORTAGE,RED,Petrol,2,10800,47701,71,17/06/2020,TradeZone,AUTO
85372,KIA,SPORTAGE,RED,Petrol,1,14650,10667,50,30/04/2021,OTHER,MANUAL
54710,KIA,SPORTAGE,GREY,Petrol,1,12200,41005,51,31/07/2021,PARTEX,MANUAL
20692,KIA,SPORTAGE,GREY,Petrol,2,14050,25226,40,28/03/2022,TradeZone,MANUAL
33875,KIA,SPORTAGE,GREY,Petrol,3,14550,16166,44,18/03/2022,TradeZone,MANUAL
68789,KIA,SPORTAGE,GREY,Petrol,2,12350,21400,73,30/09/2020,PARTEX,MANUAL
67125,KIA,SPORTAGE,WHITE,Petrol,1,13550,26000,50,29/04/2017,OTHER,MANUAL
47075,KIA,SPORTAGE,WHITE,Petrol,2,10500,52599,74,09/11/2021,TradeZone,MANUAL
74769,KIA,SPORTAGE,BLUE,Petrol,2,13500,31743,42,29/11/2022,TradeZone,MANUAL
98186,KIA,SPORTAGE,BLUE,Petrol,1,13700,24000,50,26/06/2020,TradeZone,AUTO
78452,KIA,SPORTAGE,BLACK,Petrol,,9925,58398,75,14/08/2020,TradeZone,MANUAL
33511,KIA,SPORTAGE,BLUE,Petrol,2,14400,14437,47,12/12/2018,PARTEX,MANUAL
58374,KIA,SPORTAGE,WHITE,Petrol,1,12600,40678,47,08/09/2017,TradeZone,MANUAL
92515,KIA,SPORTAGE,BLUE,Petrol,1,14400,20079,40,25/01/2022,TradeZone,AUTO
98899,KIA,SPORTAGE,,Petrol,1,11250,33735,77,,,
3997,VAUXHALL,CORSA,RED,Petrol,2,1175,84840,145,30/04/2021,OTHER,MANUAL
45075,NISSAN,X-TRAIL,BLACK,Diesel,2,18000,16740,68,30/09/2021,TradeZone,SEMI-AUTO
97173,VOLKSWAGEN,GOLF,BLUE,Hybrid,3,9850,70994,90,28/09/2017,TradeZone,MANUAL
86463,VAUXHALL,ASTRA,GREY,Diesel,4,3200,55464,110,16/12/2022,OTHER,AUTO
250,SKODA,FABIA,GREY,Petrol,2,5950,62277,74,30/09/2020,TradeZone,SEMI-AUTO
26265,FORD,FOCUS,WHITE,Petrol,3,6225,45058,95,12/11/2021,TradeZone,MANUAL
39748,AUDI,Q3,BLACK,Diesel,2,15800,70556,68,30/09/2021,TradeZone,MANUAL
46027,FORD,FOCUS,GREY,Diesel,1,11800,62415,48,10/06/2022,TradeZone,MANUAL
22443,KIA,PICANTO,BLACK,Petrol,3,6675,30936,97,31/03/2021,TradeZone,AUTO
3488,HYUNDAI,IONIQ 6,GREEN,Electric,2,26500,8700,25,27/07/2020,TradeZone,SEMI-AUTO
87698,HYUNDAI,IONIQ 6,RED,Electric,1,27600,10449,9,22/07/2020,TradeZone,MANUAL
6474,VOLKSWAGEN,UP!,WHITE,Petrol,2,3875,26136,132,28/09/2018,TradeZone,MANUAL
2442,VOLKSWAGEN,UP!,BLACK,Petrol,3,2400,81616,133,29/09/2021,TradeZone,MANUAL
48575,CITROEN,C3,GREY,Petrol,5,7500,27697,66,16/07/2021,TradeZone,MANUAL
95086,CITROEN,C3,RED,Petrol,2,8125,12674,65,21/07/2022,TradeZone,MANUAL
12493,CITROEN,C3,BLUE,Petrol,3,7200,37946,63,15/01/2020,TradeZone,MANUAL
80896,LAND ROVER,RANGE ROVER EVOQUE,SILVER,Diesel,2,13800,54000,55,16/08/2017,PARTEX,AUTO
69,DS,DS 3,SILVER,Petrol,1,3175,68885,99,11/05/2018,TradeZone,MANUAL
69975,CITROEN,C3,RED,Petrol,2,5750,42894,78,28/10/2016,PARTEX,MANUAL
23147,SUZUKI,ALTO,BLACK,Petrol,1,1300,79000,130,23/11/2016,TradeZone,SEMI-AUTO
61927,ALFA ROMEO,GIULIA,BLACK,Petrol,1,20900,17126,33,18/12/2017,TradeZone,SEMI-AUTO
4005,FORD,KUGA,BLUE,Petrol,2,10700,31044,86,30/11/2018,OTHER,AUTO
49052,NISSAN,JUKE,WHITE,Petrol,1,14300,5132,25,23/12/2020,TradeZone,MANUAL
201,NISSAN,JUKE,SILVER,Petrol,1,13100,17534,29,10/02/2023,TradeZone,MANUAL
46417,NISSAN,JUKE,GREY,Petrol,2,10300,50194,49,02/05/2018,TradeZone,MANUAL
81073,NISSAN,JUKE,BLUE,Petrol,2,13850,8858,27,22/10/2021,OTHER,MANUAL
7859,NISSAN,JUKE,GREY,Petrol,1,,,26,15/08/2020,TradeZone,MANUAL
11109,NISSAN,JUKE,WHITE,Petrol,2,11650,30239,43,26/07/2021,TradeZone,SEMI-AUTO
56949,NISSAN,JUKE,WHITE,Petrol,2,14150,7378,25,24/08/2021,TradeZone,SEMI-AUTO
16738,NISSAN,JUKE,BLACK,Petrol,2,14150,7304,25,02/11/2017,TradeZone,AUTO
69390,SEAT,LEON,GREY,Petrol,2,18250,26715,74,15/06/2019,TradeZone,MANUAL
76041,CITROEN,GRAND C4 SPACETOURER,BLACK,Diesel,2,10650,46000,74,31/01/2019,PARTEX,AUTO
30596,CITROEN,GRAND C4 SPACETOURER,BLUE,Diesel,1,11350,40000,68,23/01/2020,PARTEX,MANUAL
95008,CITROEN,GRAND C4 SPACETOURER,BLACK,Diesel,1,11500,38687,68,15/12/2020,TradeZone,MANUAL
36698,VOLKSWAGEN,UP!,SILVER,Petrol,3,7400,17521,64,30/12/2020,TradeZone,MANUAL
79927,VOLKSWAGEN,UP!,SILVER,Petrol,2,4450,70000,80,26/03/2018,OTHER,SEMI-AUTO
30686,SEAT,IBIZA,WHITE,Petrol,2,7100,57151,77,29/04/2019,TradeZone,SEMI-AUTO
35054,FORD,GALAXY,BLACK,Diesel,2,9950,55239,90,04/03/2019,PARTEX,MANUAL
87885,VOLVO,V60,BLUE,Diesel,4,1800,145000,167,27/06/2020,TradeZone,MANUAL
28443,VOLVO,XC70,BLUE,Diesel,2,11300,73000,121,09/11/2020,TradeZone,MANUAL
95233,FORD,FIESTA,SILVER,Petrol,3,6475,43773,86,29/12/2017,TradeZone,AUTO
99097,PEUGEOT,208,GREEN,Petrol,2,2975,62000,104,30/09/2020,TradeZone,MANUAL
40049,PEUGEOT,208,GREY,Petrol,4,3375,53627,95,21/10/2020,TradeZone,SEMI-AUTO
47613,PEUGEOT,208,WHITE,Petrol,2,4525,23195,95,24/05/2019,TradeZone,MANUAL
39601,PEUGEOT,208,BLUE,Petrol,4,3275,65010,86,01/03/2020,TradeZone,AUTO
25435,SKODA,FABIA,SILVER,Petrol,1,13000,22650,31,29/09/2020,TradeZone,AUTO
19507,BMW,3 SERIES,GREY,Petrol,4,12150,39232,80,15/06/2018,TradeZone,AUTO
96398,VOLKSWAGEN,POLO,GREY,Petrol,7,1175,120000,178,20/06/2019,TradeZone,MANUAL
77561,MAZDA,MAZDA6,GREY,Diesel,2,11600,47450,74,31/05/2021,TradeZone,MANUAL
85787,PEUGEOT,5008,SILVER,Diesel,1,15500,59080,38,01/04/2021,TradeZone,MANUAL
67699,FORD,FOCUS,GREY,Petrol,2,4950,47248,101,30/04/2021,TradeZone,AUTO
85521,AUDI,A1,BLACK,Petrol,5,2800,123289,146,07/10/2021,TradeZone,MANUAL
71686,HYUNDAI,TUCSON,WHITE,Petrol,1,20650,22773,40,28/06/2017,OTHER,MANUAL
73686,MERCEDES-BENZ,A-CLASS,RED,Petrol,3,4900,76592,143,28/05/2019,TradeZone,MANUAL
36802,VAUXHALL,CORSA,WHITE,Petrol,3,5900,41065,74,08/02/2018,TradeZone,AUTO
67215,SKODA,FABIA,SILVER,Petrol,1,7925,18385,97,10/02/2020,TradeZone,MANUAL
58809,VAUXHALL,CROSSLAND X,RED,Petrol,2,5400,41754,83,21/03/2017,TradeZone,MANUAL
33318,SEAT,IBIZA,RED,Petrol,1,9400,53376,39,12/06/2020,TradeZone,MANUAL
38945,SEAT,IBIZA,GREY,Petrol,1,9700,52021,38,30/06/2018,TradeZone,MANUAL
55030,MG,MG4,GREY,Electric,1,12900,11396,24,18/06/2019,TradeZone,MANUAL
54347,MG,MG4,WHITE,Electric,1,13000,9489,26,04/01/2019,TradeZone,MANUAL
173,MG,MG4,RED,Electric,1,12650,25895,14,11/01/2017,TradeZone,MANUAL
1836,TOYOTA,PRIUS,GREY,Hybrid,1,17700,21816,62,17/05/2018,TradeZone,AUTO
32522,TOYOTA,PRIUS,GREY,Hybrid,1,16750,31948,62,16/12/2020,TradeZone,SEMI-AUTO
9159,SMART,FORTWO COUPE,GREY,Petrol,3,4425,32694,105,27/03/2021,TradeZone,AUTO
34434,HYUNDAI,I10,BLACK,Petrol,3,3700,46500,117,30/03/2022,OTHER,SEMI-AUTO
22292,MERCEDES-BENZ,E-CLASS,BLACK,Diesel,2,14600,70621,78,31/03/2023,TradeZone,SEMI-AUTO
19947,VOLKSWAGEN,T-ROC,WHITE,Diesel,1,12950,68975,62,28/09/2018,TradeZone,SEMI-AUTO
34158,VAUXHALL,CROSSLAND X,BLUE,Petrol,3,4675,40486,82,30/09/2021,TradeZone,SEMI-AUTO
73567,VAUXHALL,CROSSLAND X,WHITE,Petrol,4,4525,54927,74,15/06/2018,OTHER,AUTO
96146,MERCEDES-BENZ,A-CLASS,WHITE,Diesel,4,6875,72698,97,20/06/2019,TradeZone,MANUAL
55986,MERCEDES-BENZ,A-CLASS,WHITE,Diesel,3,5600,92032,115,25/02/2018,PARTEX,MANUAL
76100,DACIA,LOGAN MCV,GREY,Petrol,3,4050,48314,74,14/09/2021,TradeZone,MANUAL
95580,MERCEDES-BENZ,GLC,RED,Petrol,2,18300,61317,76,12/04/2021,TradeZone,AUTO
52771,MERCEDES-BENZ,GLC,WHITE,Petrol,2,20800,30920,76,09/03/2021,TradeZone,MANUAL
26659,NISSAN,MICRA,BLACK,Petrol,2,6250,36026,85,28/09/2016,PARTEX,SEMI-AUTO
56270,VAUXHALL,ASTRA,GREY,Petrol,2,8200,24990,56,06/09/2018,TradeZone,AUTO
67672,SKODA,ENYAQ IV,BROWN,Electric,1,19200,50457,43,12/09/2018,TradeZone,AUTO
62809,BMW,1 SERIES,WHITE,Diesel,3,3850,61800,140,11/09/2018,TradeZone,AUTO
36381,BMW,1 SERIES,RED,Petrol,2,22450,22392,16,29/09/2020,TradeZone,SEMI-AUTO
35158,FORD,KUGA,BRONZE,Petrol,2,7925,51282,80,08/09/2022,OTHER,SEMI-AUTO
34403,FORD,KUGA,RED,Petrol,3,6725,70587,84,30/09/2019,PARTEX,MANUAL
68783,FORD,KUGA,GREY,Petrol,2,7875,49300,86,16/03/2020,TradeZone,MANUAL
56239,FORD,KUGA,SILVER,Petrol,3,7750,54603,80,31/01/2018,TradeZone,MANUAL
772,SEAT,LEON,BLACK,Petrol,1,16900,37678,62,01/03/2019,TradeZone,MANUAL
84590,MERCEDES-BENZ,E-CLASS,WHITE,Diesel,1,15600,108496,52,30/06/2017,OTHER,MANUAL
98550,VOLKSWAGEN,T-ROC,WHITE,Petrol,2,15450,59753,58,05/01/2017,TradeZone,SEMI-AUTO
43479,AUDI,Q2,BLUE,Petrol,1,14750,21462,50,03/12/2020,TradeZone,SEMI-AUTO
36024,AUDI,Q2,GREY,Petrol,1,14700,22872,50,14/12/2021,OTHER,SEMI-AUTO
31909,SEAT,LEON,BLUE,Diesel,2,9025,49169,74,29/04/2019,TradeZone,MANUAL
16006,PEUGEOT,107,GREY,Petrol,3,1600,63232,143,19/02/2020,TradeZone,SEMI-AUTO
30627,NISSAN,JUKE,BLACK,Petrol,2,5775,66581,110,31/03/2021,TradeZone,SEMI-AUTO
84179,VAUXHALL,CORSA,BLACK,Petrol,3,5000,47742,80,23/08/2018,PARTEX,SEMI-AUTO
86159,VAUXHALL,CORSA,BLACK,Petrol,2,5675,28042,89,31/07/2021,TradeZone,MANUAL
41459,VAUXHALL,CORSA,GREY,Petrol,3,3800,60000,110,28/02/2018,TradeZone,MANUAL
80435,FORD,KA+,BLACK,Petrol,2,4900,50082,92,30/03/2022,TradeZone,MANUAL
8156,VAUXHALL,ADAM,GREY,Petrol,4,6825,31800,84,29/10/2021,OTHER,AUTO
61702,MITSUBISHI,OUTLANDER,BLUE,Hybrid,2,9375,76089,86,30/11/2018,TradeZone,MANUAL
59537,MITSUBISHI,OUTLANDER,GREY,Hybrid,2,7975,91421,98,02/02/2019,TradeZone,MANUAL
20747,FORD,FOCUS,BLUE,Petrol,2,1300,52000,206,16/01/2021,PARTEX,MANUAL
62701,VAUXHALL,CORSA,SILVER,Petrol,1,8175,38416,50,28/01/2021,TradeZone,AUTO
7897,VAUXHALL,CORSA,RED,Petrol,1,9700,10362,50,30/09/2018,PARTEX,MANUAL
17995,VAUXHALL,CORSA,WHITE,Petrol,2,7275,57205,50,23/05/2018,TradeZone,SEMI-AUTO
58365,VAUXHALL,CORSA,BLACK,Petrol,1,9200,19044,50,25/05/2021,PARTEX,MANUAL
98013,VAUXHALL,CORSA,GREY,Petrol,1,8275,36788,50,08/06/2021,TradeZone,SEMI-AUTO
234,VAUXHALL,CORSA,GREY,Petrol,1,7300,50989,54,30/06/2021,TradeZone,SEMI-AUTO
31902,VAUXHALL,CORSA,BLACK,Petrol,1,9350,16904,50,01/06/2022,TradeZone,MANUAL
65469,VAUXHALL,CORSA,BLUE,Petrol,1,9350,16093,50,12/02/2021,TradeZone,MANUAL
67768,VAUXHALL,CORSA,BLUE,Petrol,2,7975,42701,50,16/12/2020,TradeZone,AUTO
46104,VAUXHALL,CORSA,BLACK,Petrol,1,8300,35349,50,09/06/2020,TradeZone,SEMI-AUTO
81401,VAUXHALL,CORSA,BLACK,Petrol,1,7200,59644,50,14/04/2022,TradeZone,SEMI-AUTO
49040,BMW,2 SERIES ACTIVE TOURER,WHITE,Diesel,3,20650,25047,36,30/09/2017,TradeZone,MANUAL
83434,BMW,X1,BLACK,Petrol,2,20550,21012,59,19/10/2018,PARTEX,MANUAL
16732,HYUNDAI,TUCSON,BLUE,Hybrid,2,20000,16307,48,10/02/2020,TradeZone,AUTO
74938,VAUXHALL,ASTRA,GREY,Petrol,2,8450,24039,74,29/01/2021,TradeZone,MANUAL
38854,VAUXHALL,ASTRA,SILVER,Petrol,3,7050,48500,74,16/02/2023,TradeZone,MANUAL
55578,VAUXHALL,ASTRA,GREY,Petrol,2,5150,83408,78,06/03/2017,PARTEX,MANUAL
27569,VAUXHALL,ASTRA,BLUE,Petrol,2,7075,42716,77,10/06/2021,TradeZone,SEMI-AUTO
22983,VAUXHALL,ASTRA,WHITE,Petrol,2,7275,44650,73,31/03/2021,TradeZone,MANUAL
63589,VAUXHALL,ASTRA,BLACK,Petrol,2,6275,57197,77,30/11/2018,TradeZone,MANUAL
73835,MINI,CONVERTIBLE,BLACK,Petrol,1,13650,34761,50,13/07/2019,TradeZone,SEMI-AUTO
39295,JAGUAR,XF SPORTBRAKE,GREY,Petrol,2,12450,59443,77,25/03/2022,TradeZone,MANUAL
82528,CITROEN,C4,BLACK,Petrol,1,14750,4502,40,09/08/2021,TradeZone,MANUAL
87645,CITROEN,C4,ORANGE,Petrol,1,12850,25359,42,16/08/2019,TradeZone,MANUAL
17558,CITROEN,C4,GREY,Petrol,1,13900,14894,39,30/06/2020,PARTEX,MANUAL
93418,CITROEN,C4,GREY,Petrol,1,14000,11188,42,29/06/2022,TradeZone,MANUAL
78890,CITROEN,C4,BLUE,Petrol,1,14800,7051,37,31/10/2017,TradeZone,SEMI-AUTO
75862,SEAT,TARRACO,BLACK,Petrol,1,19300,28563,49,31/10/2018,TradeZone,MANUAL
53226,VAUXHALL,ADAM,WHITE,Petrol,3,4750,47505,96,31/01/2022,TradeZone,MANUAL
59668,VAUXHALL,ADAM,BLACK,Petrol,3,5275,45826,86,16/08/2021,TradeZone,MANUAL
34120,VAUXHALL,ADAM,BLACK,Petrol,5,4600,43500,104,30/04/2019,OTHER,MANUAL
82327,VAUXHALL,ADAM,SILVER,Petrol,3,3300,88376,104,13/10/2017,TradeZone,AUTO
33480,VAUXHALL,ADAM,BLACK,Petrol,2,4175,51400,108,24/01/2020,TradeZone,SEMI-AUTO
15292,VOLKSWAGEN,UP!,BLACK,Petrol,3,5125,30091,95,18/03/2022,TradeZone,SEMI-AUTO
71281,NISSAN,LEAF,BLACK,Electric,3,7475,37551,77,14/06/2021,OTHER,SEMI-AUTO
41192,NISSAN,LEAF,SILVER,Electric,1,8125,34562,64,22/12/2017,TradeZone,SEMI-AUTO
32508,MINI,COUNTRYMAN,BLUE,Petrol,1,13600,16297,56,15/02/2021,TradeZone,SEMI-AUTO
80549,VAUXHALL,ADAM,WHITE,Petrol,3,7600,10644,71,21/07/2018,TradeZone,AUTO
22117,PEUGEOT,5008,GREY,Petrol,1,18650,36950,47,30/06/2019,PARTEX,SEMI-AUTO
1222,PEUGEOT,5008,WHITE,Petrol,1,17800,45304,46,20/11/2017,TradeZone,SEMI-AUTO
44289,PEUGEOT,5008,WHITE,Petrol,1,20800,20963,40,29/03/2016,TradeZone,MANUAL
55336,PEUGEOT,5008,GREEN,Petrol,2,18800,34245,50,27/03/2019,TradeZone,MANUAL
94626,PEUGEOT,5008,BLUE,Petrol,1,19300,33863,44,26/09/2018,TradeZone,MANUAL
11411,VOLKSWAGEN,UP!,WHITE,Petrol,2,7525,31700,73,30/09/2019,TradeZone,MANUAL
20596,HYUNDAI,I10,BLACK,Petrol,2,10950,14716,41,17/10/2020,TradeZone,MANUAL
67305,MERCEDES-BENZ,GLC COUPE,BLACK,Diesel,1,26150,41341,59,30/06/2021,TradeZone,MANUAL
52433,MERCEDES-BENZ,GLC COUPE,GREY,Diesel,1,29700,20000,55,19/05/2020,TradeZone,SEMI-AUTO
45874,MERCEDES-BENZ,GLC COUPE,WHITE,Diesel,1,27300,38000,51,31/03/2021,TradeZone,MANUAL
10209,AUDI,Q3,RED,Petrol,2,12500,51678,90,17/10/2018,TradeZone,MANUAL
8179,VOLKSWAGEN,GOLF,GREY,Diesel,2,6325,84024,106,20/09/2019,OTHER,MANUAL
99281,BMW,3 SERIES,BLACK,Diesel,3,8850,64384,92,03/03/2016,OTHER,MANUAL
93810,LAND ROVER,RANGE ROVER EVOQUE,BLACK,Diesel,2,12800,77416,62,30/09/2015,PARTEX,MANUAL
6203,VOLKSWAGEN,UP!,RED,Petrol,3,6175,30498,86,17/10/2017,TradeZone,MANUAL
80920,VAUXHALL,CORSA,BLACK,Petrol,3,1925,100084,157,31/03/2021,TradeZone,MANUAL
73548,PEUGEOT,307,GREY,Petrol,4,710,109000,214,03/02/2017,PARTEX,AUTO
74771,MINI,HATCHBACK,WHITE,Petrol,1,11650,38329,39,14/01/2022,TradeZone,SEMI-AUTO
68645,AUDI,A3,GREY,Diesel,5,4025,130000,121,20/08/2021,TradeZone,MANUAL
89351,NISSAN,JUKE,GREY,Petrol,2,7800,30126,68,01/09/2021,TradeZone,MANUAL
81624,TOYOTA,VERSO-S,BLACK,Petrol,6,2525,85900,170,30/09/2020,TradeZone,SEMI-AUTO
21367,SKODA,KODIAQ,WHITE,Petrol,1,16950,23285,49,30/11/2018,TradeZone,AUTO
48191,KIA,SPORTAGE,GREY,Petrol,2,15250,44000,68,28/09/2021,TradeZone,MANUAL
18692,BMW,2 SERIES,SILVER,Petrol,3,12100,55354,92,30/10/2020,TradeZone,MANUAL
23467,VAUXHALL,MERIVA,BLUE,Petrol,1,3875,30794,98,28/10/2022,TradeZone,MANUAL
56933,TOYOTA,RAV4,BLACK,Hybrid,2,23950,35500,53,26/10/2017,TradeZone,MANUAL
7547,PEUGEOT,308,GREY,Petrol,4,4100,76839,86,15/03/2018,TradeZone,MANUAL
73857,FIAT,TIPO,WHITE,Petrol,2,3700,77903,86,01/03/2019,PARTEX,MANUAL
45801,HYUNDAI,I10,BLACK,Petrol,4,740,55000,204,04/03/2022,TradeZone,SEMI-AUTO
86644,CITROEN,C3,GREY,Petrol,2,3750,93765,83,28/11/2022,TradeZone,AUTO
27988,CITROEN,C3,GREY,Petrol,2,6275,18609,74,31/07/2019,TradeZone,SEMI-AUTO
91714,CITROEN,C3,WHITE,Petrol,3,5025,46501,83,01/03/2020,TradeZone,SEMI-AUTO
97128,KIA,SPORTAGE,RED,Petrol,1,17250,22092,52,21/01/2023,OTHER,MANUAL
37627,KIA,SPORTAGE,GREY,Petrol,1,13500,62964,62,17/04/2018,TradeZone,MANUAL
72013,KIA,SPORTAGE,GREY,Petrol,1,14800,51338,52,10/09/2016,PARTEX,MANUAL
94636,KIA,SPORTAGE,RED,Petrol,1,14800,40637,63,15/09/2020,TradeZone,SEMI-AUTO
30574,KIA,SPORTAGE,WHITE,Petrol,1,16750,32000,50,27/09/2021,TradeZone,MANUAL
58102,KIA,SPORTAGE,BLACK,Petrol,3,16050,33000,56,23/03/2018,OTHER,MANUAL
2463,KIA,SPORTAGE,BLACK,Petrol,1,17000,29000,50,31/03/2021,TradeZone,MANUAL
13529,KIA,SPORTAGE,BRONZE,Petrol,1,17800,20000,50,04/05/2021,TradeZone,AUTO
11761,PEUGEOT,E-2008,BLACK,Electric,2,14300,16246,32,07/03/2022,TradeZone,MANUAL
7624,PEUGEOT,E-2008,SILVER,Electric,2,13950,21605,32,19/02/2019,TradeZone,MANUAL
77641,VOLVO,XC40,RED,Petrol,1,15650,39019,50,30/09/2019,TradeZone,MANUAL
83021,VOLVO,XC40,PURPLE,Petrol,1,13700,65241,50,01/09/2019,PARTEX,AUTO
30440,VOLVO,XC40,GREY,Petrol,3,15350,27160,68,25/03/2020,OTHER,MANUAL
5876,VOLVO,XC40,BLACK,Petrol,1,15100,32000,63,11/09/2019,TradeZone,MANUAL
49114,TOYOTA,C-HR,GREY,Hybrid,1,16600,38812,53,11/11/2020,TradeZone,SEMI-AUTO
82084,MAZDA,CX-30,BLUE,Petrol,1,15600,17237,48,02/01/2019,TradeZone,MANUAL
49034,BMW,3 SERIES,RED,Petrol,9,2025,124768,176,18/03/2022,TradeZone,MANUAL
96488,PEUGEOT,3008,BLUE,Diesel,3,4875,37141,118,20/12/2021,OTHER,SEMI-AUTO
27456,MINI,HATCHBACK,BLUE,Petrol,2,12850,43733,62,31/03/2018,TradeZone,MANUAL
10954,MINI,HATCHBACK,BLACK,Petrol,1,13650,25844,68,23/05/2021,TradeZone,SEMI-AUTO
72240,VOLKSWAGEN,TIGUAN,RED,Diesel,2,14950,45149,66,30/10/2018,TradeZone,SEMI-AUTO
95351,FORD,FOCUS,WHITE,Petrol,3,4825,51700,83,27/03/2019,TradeZone,MANUAL
73099,FORD,FOCUS,WHITE,Petrol,1,5675,36986,85,13/09/2019,TradeZone,MANUAL
58279,FORD,FOCUS,WHITE,Petrol,3,4450,42185,110,19/07/2021,TradeZone,SEMI-AUTO
46089,FORD,FOCUS,GREY,Petrol,2,3600,58000,115,30/07/2018,TradeZone,MANUAL
54245,FORD,FOCUS,WHITE,Petrol,2,2775,80145,119,08/03/2019,OTHER,MANUAL
68945,FORD,FOCUS,WHITE,Petrol,4,6400,23442,86,29/10/2021,TradeZone,SEMI-AUTO
15519,FORD,FOCUS,RED,Petrol,2,5225,44020,84,23/06/2021,TradeZone,AUTO
77173,FORD,FOCUS,GREY,Petrol,2,5050,47401,86,15/12/2020,TradeZone,AUTO
87097,BMW,X1,WHITE,Petrol,2,19050,30886,38,23/06/2020,TradeZone,SEMI-AUTO
30712,VOLKSWAGEN,UP!,BLACK,Petrol,3,4700,55000,108,06/12/2018,TradeZone,MANUAL
92497,KIA,SPORTAGE,SILVER,Petrol,2,9675,74000,81,27/05/2021,TradeZone,AUTO
14631,KIA,SPORTAGE,GREEN,Petrol,1,12350,40383,74,28/05/2020,TradeZone,MANUAL
43188,KIA,SPORTAGE,RED,Petrol,3,12350,34752,80,26/07/2019,TradeZone,MANUAL
16099,SKODA,OCTAVIA,BLACK,Petrol,4,15500,44053,74,31/01/2022,TradeZone,SEMI-AUTO
74004,TOYOTA,AYGO,WHITE,Petrol,2,9650,25520,64,30/06/2020,TradeZone,MANUAL
16611,TOYOTA,AYGO,BLACK,Petrol,2,10050,25305,56,08/09/2020,TradeZone,SEMI-AUTO
85566,NISSAN,X-TRAIL,BLACK,Diesel,3,13800,37555,84,23/10/2019,TradeZone,AUTO
1496,AUDI,A3,SILVER,Petrol,1,14800,36188,43,05/12/2019,TradeZone,AUTO
20923,AUDI,A3,GREY,Petrol,1,16050,17000,49,10/06/2017,PARTEX,MANUAL
65440,VOLKSWAGEN,GOLF,BLACK,Diesel,1,14800,29926,64,31/03/2018,TradeZone,MANUAL
69277,BMW,1 SERIES,GREY,Diesel,4,2250,146500,134,26/06/2020,TradeZone,AUTO
32144,SEAT,ALHAMBRA,BLACK,Diesel,4,3275,129691,146,23/06/2020,TradeZone,AUTO
26726,VOLKSWAGEN,TIGUAN,BLUE,Diesel,4,8325,49698,109,12/03/2021,TradeZone,MANUAL
89888,VOLKSWAGEN,TIGUAN,BLUE,Diesel,2,8650,45000,109,27/09/2017,TradeZone,SEMI-AUTO
61465,KIA,SPORTAGE,GREY,Diesel,3,12950,32777,74,28/09/2018,PARTEX,MANUAL
95576,AUDI,A4,WHITE,Petrol,1,22150,21206,48,31/10/2019,TradeZone,MANUAL
93002,AUDI,A4,GREY,Petrol,1,22150,13000,62,29/11/2021,TradeZone,AUTO
45325,TOYOTA,AYGO,GREY,Petrol,4,1650,84242,164,30/07/2018,TradeZone,MANUAL
11949,MG,ZS,GREY,Petrol,1,7150,43431,74,19/07/2017,TradeZone,AUTO
27364,MG,ZS,BLACK,Petrol,1,6475,52401,83,13/07/2018,TradeZone,MANUAL
89723,MG,ZS,GREY,Petrol,2,6325,57550,83,31/01/2019,TradeZone,MANUAL
41025,RENAULT,CLIO,RED,Diesel,2,6650,32000,95,29/03/2019,TradeZone,AUTO
22700,HONDA,JAZZ,BLACK,Hybrid,3,14000,27600,58,30/04/2021,TradeZone,AUTO
9134,BMW,X2,SILVER,Hybrid,1,16750,44475,38,30/01/2018,OTHER,MANUAL
68431,SKODA,CITIGO,BLUE,Petrol,3,3525,66865,110,30/09/2020,TradeZone,AUTO
99065,TOYOTA,COROLLA,WHITE,Hybrid,1,16700,30235,44,16/12/2020,TradeZone,AUTO
90378,TOYOTA,COROLLA,WHITE,Hybrid,1,14700,45259,55,23/01/2023,TradeZone,AUTO
47820,BMW,3 SERIES,BLUE,Diesel,3,12150,56994,76,15/06/2021,TradeZone,AUTO
19553,BMW,3 SERIES,WHITE,Diesel,2,10450,73092,78,20/03/2021,TradeZone,SEMI-AUTO
21891,JAGUAR,E-PACE,BLUE,Diesel,2,13300,39328,70,12/01/2021,TradeZone,SEMI-AUTO
11337,VAUXHALL,ADAM,SILVER,Petrol,3,3750,53776,133,31/03/2019,TradeZone,MANUAL
77970,SKODA,KODIAQ,GREY,Petrol,3,18350,23521,44,13/03/2020,TradeZone,MANUAL
91866,VOLKSWAGEN,GOLF,PINK,Petrol,1,13750,43336,48,28/09/2020,TradeZone,MANUAL
31487,LAND ROVER,RANGE ROVER EVOQUE,ORANGE,Diesel,1,18600,55568,50,25/09/2023,OTHER,AUTO
27254,FORD,ECOSPORT,WHITE,Petrol,2,2500,85653,116,28/06/2019,TradeZone,SEMI-AUTO
2331,FORD,ECOSPORT,GREY,Petrol,4,2175,105000,116,03/08/2017,PARTEX,MANUAL
31825,FORD,ECOSPORT,BLACK,Petrol,2,3475,48643,104,16/02/2020,PARTEX,SEMI-AUTO
3269,ABARTH,595,BLACK,Petrol,2,8575,34318,84,21/03/2019,TradeZone,MANUAL
68455,VAUXHALL,CROSSLAND X,RED,Petrol,2,6925,33868,68,15/10/2016,PARTEX,MANUAL
66092,RENAULT,CLIO,GREY,Petrol,3,580,89054,189,19/11/2019,TradeZone,SEMI-AUTO
68860,MERCEDES-BENZ,A-CLASS,GREY,Petrol,2,14950,44256,66,17/10/2020,TradeZone,MANUAL
31539,BMW,3 SERIES,GREY,Diesel,5,1625,143805,214,18/11/2020,TradeZone,AUTO
96971,VAUXHALL,ZAFIRA,BLACK,Petrol,4,6525,42805,86,14/05/2021,TradeZone,MANUAL
53708,VAUXHALL,ZAFIRA,SILVER,Petrol,2,5525,64496,84,11/11/2019,OTHER,MANUAL
38449,SEAT,LEON,GREY,Diesel,3,3650,104000,110,31/07/2018,TradeZone,MANUAL
83814,PEUGEOT,308,BLUE,Diesel,2,6400,57568,70,27/09/2019,TradeZone,MANUAL
56031,NISSAN,MICRA,GREY,Petrol,3,2400,28883,155,31/07/2022,TradeZone,SEMI-AUTO
29306,MINI,COUNTRYMAN,RED,Petrol,1,16400,47547,39,28/06/2019,TradeZone,AUTO
62854,KIA,PICANTO,BLACK,Petrol,3,4500,43200,98,20/07/2021,TradeZone,MANUAL
54318,AUDI,A1,GREY,Petrol,3,6150,80107,102,31/07/2020,TradeZone,MANUAL
76312,AUDI,A1,GREY,Petrol,3,6650,72532,104,15/11/2016,TradeZone,MANUAL
1242,MERCEDES-BENZ,C-CLASS,GREY,Hybrid,1,20450,24200,47,08/11/2017,TradeZone,MANUAL
28160,ASTON MARTIN,DB9,BLACK,Petrol,4,11750,127295,225,19/10/2020,TradeZone,SEMI-AUTO
18540,BMW,X5,SILVER,Diesel,2,22950,70443,81,31/10/2022,TradeZone,AUTO
13114,CITROEN,C3,GREY,Petrol,1,7275,46501,56,30/06/2021,TradeZone,AUTO
95757,CITROEN,C3,GREY,Petrol,1,7000,52511,56,29/06/2021,TradeZone,AUTO
7031,CITROEN,C3,BLACK,Petrol,1,7550,37547,59,28/11/2016,TradeZone,MANUAL
11200,TESLA,MODEL 3,BLUE,Electric,2,16700,24624,44,08/09/2021,TradeZone,MANUAL
11051,TESLA,MODEL 3,BLUE,Electric,1,15050,35875,50,25/06/2020,TradeZone,MANUAL
48991,TESLA,MODEL 3,SILVER,Electric,2,16700,30144,38,30/11/2017,TradeZone,AUTO
58004,TESLA,MODEL 3,BLUE,Electric,1,14700,55232,38,22/10/2020,TradeZone,MANUAL
74396,TESLA,MODEL 3,BLACK,Electric,1,16350,34721,38,31/03/2017,TradeZone,MANUAL
2912,TESLA,MODEL 3,BLACK,Electric,2,13950,33000,54,04/03/2022,TradeZone,MANUAL
78684,TESLA,MODEL 3,BLACK,Electric,1,16500,17562,50,22/09/2020,TradeZone,MANUAL
80344,TESLA,MODEL 3,GREY,Electric,1,16250,30029,41,30/07/2018,PARTEX,SEMI-AUTO
40978,TESLA,MODEL 3,BLACK,Electric,1,14400,27810,56,29/07/2021,TradeZone,MANUAL
87508,TESLA,MODEL 3,WHITE,Electric,2,13600,26006,66,30/06/2021,TradeZone,MANUAL
44989,TESLA,MODEL 3,WHITE,Electric,2,12750,50999,56,25/06/2021,TradeZone,AUTO
56338,TESLA,MODEL 3,WHITE,Electric,2,14650,40111,45,15/10/2020,TradeZone,AUTO
71236,RENAULT,TWINGO,BLUE,Petrol,4,4825,18700,76,30/11/2020,TradeZone,MANUAL
30156,CITROEN,C4 CACTUS,BLACK,Petrol,3,8400,21435,70,31/03/2017,PARTEX,MANUAL
3892,AUDI,A3,BLUE,Petrol,1,16200,35326,50,26/05/2020,TradeZone,MANUAL
94792,AUDI,Q5,BLUE,Diesel,3,16450,63385,90,24/06/2021,TradeZone,AUTO
83636,PEUGEOT,2008,BLUE,Petrol,3,5750,43410,71,31/07/2019,TradeZone,MANUAL
36268,CITROEN,BERLINGO MULTISPACE,BLUE,Diesel,3,1275,115000,187,21/12/2022,OTHER,SEMI-AUTO
96715,PEUGEOT,308,RED,Diesel,3,1350,76168,140,26/10/2018,TradeZone,AUTO
47612,MERCEDES-BENZ,C-CLASS,BLUE,Diesel,3,1175,133561,208,30/01/2020,PARTEX,MANUAL
40239,JEEP,RENEGADE,GREY,Petrol,3,6850,50371,104,30/11/2021,TradeZone,SEMI-AUTO
63817,JEEP,RENEGADE,WHITE,Petrol,3,6950,63500,92,14/09/2022,TradeZone,MANUAL
50636,HYUNDAI,IONIQ,GREY,Electric,1,10400,19890,50,30/07/2021,TradeZone,MANUAL
73654,HYUNDAI,IONIQ,GREY,Electric,2,10200,25859,43,30/05/2019,TradeZone,MANUAL
25593,HYUNDAI,IONIQ,BLACK,Electric,2,10750,22000,37,15/01/2021,OTHER,MANUAL
4633,HYUNDAI,IONIQ,BLUE,Electric,1,10900,19425,36,03/12/2020,TradeZone,MANUAL
29019,HYUNDAI,IONIQ,BLUE,Electric,1,9275,46260,38,23/08/2021,TradeZone,AUTO
85070,HYUNDAI,IONIQ,BLUE,Electric,1,9225,38129,50,30/06/2021,TradeZone,AUTO
10637,HYUNDAI,IONIQ,RED,Electric,1,11000,18397,38,26/11/2021,TradeZone,MANUAL
33795,HYUNDAI,IONIQ,SILVER,Electric,1,11150,16465,36,20/03/2019,TradeZone,MANUAL
12874,HYUNDAI,IONIQ,RED,Electric,1,9950,26348,50,30/03/2019,TradeZone,MANUAL
6279,MINI,HATCHBACK,GREY,Petrol,6,580,89000,233,17/06/2016,PARTEX,MANUAL
70100,LAND ROVER,RANGE ROVER VELAR,BLACK,Petrol,2,27050,30396,67,29/03/2019,TradeZone,MANUAL
2625,VAUXHALL,CROSSLAND X,RED,Petrol,2,6000,49000,65,30/09/2016,PARTEX,MANUAL
84899,VAUXHALL,CROSSLAND X,GREY,Petrol,2,6600,43773,58,30/11/2021,TradeZone,SEMI-AUTO
56914,SKODA,SUPERB,GREY,Diesel,3,12500,55600,92,28/06/2019,OTHER,SEMI-AUTO
58247,LAND ROVER,RANGE ROVER EVOQUE,BLUE,Diesel,3,18200,30141,72,20/07/2019,TradeZone,MANUAL
21171,LAND ROVER,RANGE ROVER EVOQUE,GREY,Diesel,1,17500,44799,66,30/07/2021,OTHER,SEMI-AUTO
40868,LAND ROVER,RANGE ROVER EVOQUE,BLUE,Diesel,1,18750,39550,56,20/01/2018,TradeZone,MANUAL
19631,FORD,FOCUS,WHITE,Petrol,3,4200,67088,95,16/11/2020,TradeZone,MANUAL
93311,FORD,FOCUS,BLACK,Petrol,3,6675,22024,92,22/10/2020,OTHER,MANUAL
55900,FORD,FOCUS,RED,Petrol,2,4775,53004,98,16/04/2018,OTHER,MANUAL
62882,VOLKSWAGEN,MULTIVAN,GREY,Hybrid,1,44000,4752,10,14/06/2021,TradeZone,MANUAL
44876,VOLKSWAGEN,GOLF,WHITE,Petrol,1,16550,6559,38,16/01/2021,TradeZone,AUTO
31364,VOLKSWAGEN,GOLF,GREY,Petrol,1,15500,17077,38,18/03/2019,TradeZone,AUTO
66633,NISSAN,LEAF,GREY,Electric,2,10450,6000,29,12/11/2018,TradeZone,SEMI-AUTO
58073,NISSAN,LEAF,BLACK,Electric,1,11500,5689,14,25/05/2021,TradeZone,MANUAL
60552,MERCEDES-BENZ,E-CLASS,RED,Diesel,1,21050,32081,51,27/10/2021,TradeZone,MANUAL
40176,VAUXHALL,ADAM,WHITE,Petrol,2,3550,62520,116,08/02/2022,PARTEX,MANUAL
88994,FORD,FIESTA,ORANGE,Petrol,2,2175,73054,159,22/07/2021,TradeZone,SEMI-AUTO
65598,FORD,FIESTA,GREY,Petrol,3,2225,73703,154,10/06/2019,TradeZone,MANUAL
8080,FORD,FIESTA,BLUE,Petrol,2,1900,90000,158,29/01/2019,TradeZone,MANUAL
87401,MAZDA,CX-30,WHITE,Petrol,4,12750,21868,39,28/04/2017,PARTEX,MANUAL
72980,HONDA,JAZZ,BLACK,Hybrid,1,20650,10,2,31/07/2020,TradeZone,MANUAL
32582,MERCEDES-BENZ,A-CLASS,GREY,Petrol,2,9875,47958,86,30/10/2018,TradeZone,MANUAL
80723,FORD,B-MAX,GREY,Petrol,2,4025,60100,105,26/10/2019,TradeZone,MANUAL
55054,SUZUKI,IGNIS,BLUE,Petrol,4,5075,66151,98,28/06/2021,TradeZone,AUTO
30484,SUZUKI,IGNIS,BLACK,Petrol,2,6675,34022,71,22/04/2022,TradeZone,AUTO
51258,SUZUKI,IGNIS,BLUE,Petrol,1,6900,28874,74,01/10/2021,TradeZone,MANUAL
4955,SUZUKI,IGNIS,SILVER,Petrol,3,6575,27290,86,31/03/2018,PARTEX,MANUAL
63004,VAUXHALL,CORSA,BLUE,Petrol,1,12550,20382,35,01/03/2020,TradeZone,MANUAL
53897,VAUXHALL,CORSA,BLUE,Petrol,2,12550,20125,38,11/06/2020,TradeZone,MANUAL
60919,HYUNDAI,IX35,WHITE,Diesel,2,1525,129000,164,13/12/2019,TradeZone,MANUAL
14650,VOLKSWAGEN,CADDY MAXI,ORANGE,Diesel,1,23150,21878,27,22/11/2021,TradeZone,SEMI-AUTO
50326,RENAULT,CLIO,RED,Diesel,1,1675,127000,119,20/07/2021,TradeZone,MANUAL
30026,RENAULT,CLIO,BLUE,Diesel,2,2850,72316,116,31/01/2023,OTHER,MANUAL
37608,RENAULT,CLIO,WHITE,Diesel,7,3100,50000,140,08/03/2022,OTHER,MANUAL
11619,MERCEDES-BENZ,C-CLASS,GREY,Petrol,2,10450,36000,86,22/11/2018,TradeZone,SEMI-AUTO
79048,SKODA,OCTAVIA,GREY,Diesel,2,7825,37246,80,28/09/2020,TradeZone,MANUAL
61226,FORD,FOCUS,BLACK,Petrol,3,9475,50100,69,10/08/2018,TradeZone,MANUAL
90589,FORD,FOCUS,BLACK,Petrol,3,11150,27518,66,28/10/2019,TradeZone,AUTO
73621,FORD,FOCUS,BLACK,Petrol,2,8925,60750,72,13/08/2018,TradeZone,AUTO
69754,FORD,FOCUS,WHITE,Petrol,2,10150,37043,76,26/01/2017,PARTEX,MANUAL
46357,FORD,FOCUS,BLACK,Petrol,1,7975,77512,69,03/06/2021,TradeZone,MANUAL
66495,FORD,FOCUS,WHITE,Petrol,2,9425,46074,80,19/10/2019,TradeZone,MANUAL
33225,FORD,FOCUS,RED,Petrol,1,9525,53243,67,20/04/2021,TradeZone,MANUAL
99001,TOYOTA,AURIS,GREY,Hybrid,3,9100,62523,86,29/04/2021,TradeZone,MANUAL
5509,MINI,CONVERTIBLE,WHITE,Petrol,3,12100,12569,62,24/06/2021,TradeZone,MANUAL
26613,AUDI,A3,BLUE,Petrol,3,13400,52632,77,04/03/2021,OTHER,SEMI-AUTO
88906,VOLKSWAGEN,POLO,BLACK,Petrol,1,19750,9838,12,27/04/2018,OTHER,MANUAL
49211,VOLKSWAGEN,POLO,BLACK,Petrol,1,21000,2286,5,25/11/2020,TradeZone,AUTO
21290,LAND ROVER,RANGE ROVER EVOQUE,GREY,Diesel,2,11400,51880,74,12/07/2021,TradeZone,MANUAL
64153,JAGUAR,F-PACE,WHITE,Petrol,1,31500,19457,49,26/07/2021,TradeZone,AUTO
92312,VOLVO,V60,GREY,Petrol,2,18750,29248,40,31/03/2023,TradeZone,MANUAL
79206,HYUNDAI,BAYON,ORANGE,Petrol,1,12550,27975,38,25/05/2023,TradeZone,AUTO
93720,HYUNDAI,BAYON,BLACK,Petrol,1,15050,9271,16,30/03/2018,TradeZone,SEMI-AUTO
17584,AUDI,A4 AVANT,BLUE,Petrol,1,17950,23686,40,22/10/2020,TradeZone,SEMI-AUTO
92308,SKODA,SUPERB,RED,Petrol,3,970,147205,166,27/04/2018,TradeZone,MANUAL
18588,SKODA,SUPERB,BLACK,Diesel,2,8450,87332,79,20/02/2020,TradeZone,MANUAL
18986,RENAULT,CLIO,BLUE,Petrol,3,8275,40789,64,12/08/2019,TradeZone,AUTO
84078,RENAULT,CLIO,WHITE,Petrol,2,9550,15822,65,19/11/2021,TradeZone,SEMI-AUTO
42456,HYUNDAI,TUCSON,SILVER,Hybrid,1,25650,12150,12,02/09/2022,TradeZone,MANUAL
35930,HYUNDAI,TUCSON,RED,Hybrid,1,25500,13457,12,10/04/2018,TradeZone,MANUAL
59705,AUDI,A4 AVANT,BLACK,Diesel,3,2025,173224,146,12/06/2020,TradeZone,MANUAL
75565,LAND ROVER,RANGE ROVER EVOQUE,WHITE,Petrol,4,15700,62776,74,26/05/2021,TradeZone,MANUAL
91745,LAND ROVER,RANGE ROVER EVOQUE,RED,Petrol,1,19550,27430,49,23/09/2016,TradeZone,MANUAL
54344,LAND ROVER,RANGE ROVER EVOQUE,GREY,Petrol,1,19000,28704,56,28/09/2018,TradeZone,MANUAL
10859,FORD,KA,BLUE,Petrol,2,1875,54463,133,07/06/2021,TradeZone,MANUAL
95400,FORD,KA,BLACK,Petrol,1,1800,71000,116,21/04/2021,TradeZone,MANUAL
78139,FORD,KA,BLUE,Petrol,5,1800,58779,134,19/03/2021,TradeZone,MANUAL
52045,FORD,KA,SILVER,Petrol,2,1650,69463,132,03/06/2021,OTHER,AUTO
3181,CITROEN,C4 GRAND PICASSO,GREY,Petrol,2,1750,80000,143,13/06/2022,OTHER,AUTO
73499,SEAT,TARRACO,GREY,Diesel,1,16800,47950,68,31/03/2023,TradeZone,AUTO
15444,VAUXHALL,CORSA,BLACK,Petrol,2,11450,29711,50,30/11/2022,OTHER,SEMI-AUTO
78034,SKODA,RAPID,GREY,Petrol,,4000,56000,115,23/03/2016,TradeZone,MANUAL
37021,KIA,PICANTO,WHITE,Petrol,3,2700,63000,134,17/05/2021,TradeZone,AUTO
83537,NISSAN,QASHQAI,GREY,Petrol,2,5000,84600,98,13/04/2021,OTHER,MANUAL
14340,FORD,KUGA,BLUE,Diesel,2,6200,91875,97,26/09/2018,TradeZone,MANUAL
25175,AUDI,Q2,GREY,Petrol,2,12050,35000,62,07/09/2021,TradeZone,SEMI-AUTO
43674,VOLKSWAGEN,GOLF,RED,Petrol,3,10400,53460,91,28/09/2022,TradeZone,AUTO
30120,VOLKSWAGEN,POLO,GREEN,Petrol,3,600,112434,210,04/11/2023,TradeZone,MANUAL
45194,VOLKSWAGEN,GOLF,SILVER,Petrol,3,14900,23060,74,02/03/2021,TradeZone,AUTO
53582,MAZDA,CX-30,SILVER,Petrol,1,13300,32408,45,31/12/2019,TradeZone,AUTO
19344,MAZDA,CX-30,BLACK,Petrol,2,13600,28199,47,19/06/2020,TradeZone,SEMI-AUTO
37052,MAZDA,CX-30,BLACK,Petrol,1,13750,29445,41,19/09/2016,PARTEX,MANUAL
16634,VOLKSWAGEN,GOLF,WHITE,Petrol,2,12950,30041,63,31/07/2019,TradeZone,SEMI-AUTO
35464,VAUXHALL,GRANDLAND X,GREY,Petrol,2,9325,37341,58,16/06/2020,TradeZone,MANUAL
76900,VAUXHALL,GRANDLAND X,GREY,Petrol,2,9325,37372,59,16/06/2020,TradeZone,AUTO
30327,KIA,SPORTAGE,BLUE,Petrol,5,2425,105000,172,31/03/2021,TradeZone,AUTO
50412,HONDA,CIVIC,RED,Petrol,2,8500,48098,89,16/04/2021,OTHER,AUTO
18543,HONDA,CIVIC,BLACK,Petrol,3,7525,71560,84,19/12/2016,TradeZone,MANUAL
12699,SUZUKI,SWIFT,SILVER,Petrol,2,8125,25702,56,27/09/2019,TradeZone,MANUAL
5938,NISSAN,MICRA,BLACK,Petrol,2,8750,15240,59,06/10/2020,TradeZone,SEMI-AUTO
21320,RENAULT,ARKANA,BLUE,Hybrid,1,15850,36928,32,10/07/2020,OTHER,SEMI-AUTO
52927,CUPRA,FORMENTOR,RED,Petrol,1,19300,55377,36,08/09/2022,OTHER,MANUAL
67504,VOLVO,V60,GREY,Diesel,2,11250,75024,79,24/05/2018,PARTEX,AUTO
31485,VOLKSWAGEN,T-ROC,WHITE,Petrol,1,15500,26931,40,30/03/2019,TradeZone,MANUAL
86315,VOLKSWAGEN,T-ROC,BLUE,Petrol,1,15600,28132,38,27/05/2023,TradeZone,SEMI-AUTO
22434,PEUGEOT,3008,GREY,Diesel,3,2450,89648,134,17/11/2016,PARTEX,MANUAL
41810,PEUGEOT,3008,RED,Diesel,3,3025,58556,136,12/02/2021,TradeZone,MANUAL
16946,KIA,RIO,GREY,Petrol,2,5725,39735,78,04/12/2020,TradeZone,SEMI-AUTO
36121,KIA,RIO,GREY,Petrol,1,4825,73211,70,12/12/2020,TradeZone,AUTO
95633,KIA,RIO,GREY,Petrol,2,5175,57168,75,31/12/2020,TradeZone,MANUAL
79500,KIA,RIO,BLACK,Petrol,2,4900,58833,85,03/09/2018,TradeZone,MANUAL
82862,MERCEDES-BENZ,GLE,BLACK,Hybrid,2,43200,22800,36,31/10/2018,TradeZone,SEMI-AUTO
59318,HYUNDAI,I30,GREY,Petrol,2,6900,50163,78,18/09/2018,TradeZone,MANUAL
50939,MERCEDES-BENZ,CLA,BLACK,Petrol,2,17500,55323,55,04/03/2020,TradeZone,SEMI-AUTO
71736,MERCEDES-BENZ,CLA,RED,Petrol,1,18550,42464,61,26/09/2019,TradeZone,MANUAL
14747,MERCEDES-BENZ,CLA,GREY,Petrol,3,20800,24386,48,20/03/2020,TradeZone,AUTO
5787,PEUGEOT,108 TOP,BLACK,Petrol,2,8375,11316,54,23/03/2021,OTHER,MANUAL
13502,VOLKSWAGEN,POLO,BLACK,Petrol,6,790,104551,216,04/03/2022,TradeZone,AUTO
98117,MAZDA,CX-30,WHITE,Petrol,2,11950,35526,62,19/10/2021,OTHER,AUTO
27201,VOLVO,S60,SILVER,Petrol,4,15750,43219,70,20/12/2017,PARTEX,SEMI-AUTO
5714,VOLKSWAGEN,TIGUAN,BLACK,Diesel,1,21400,13885,31,28/09/2018,TradeZone,SEMI-AUTO
31852,SEAT,LEON,GREY,Diesel,3,4675,97217,115,01/09/2020,TradeZone,AUTO
25764,VAUXHALL,CORSA,GREY,Petrol,2,8200,29987,68,02/03/2019,TradeZone,SEMI-AUTO
92479,VAUXHALL,CORSA,WHITE,Petrol,2,10850,23864,47,29/05/2020,TradeZone,MANUAL
23507,SEAT,ARONA,ORANGE,Petrol,1,11050,32547,50,13/08/2021,TradeZone,AUTO
34911,MAZDA,CX-60,WHITE,Hybrid,1,23050,33209,32,30/09/2022,TradeZone,AUTO
46948,PEUGEOT,2008,BLACK,Petrol,2,5950,63817,67,29/03/2018,TradeZone,MANUAL
63846,PEUGEOT,2008,BLUE,Petrol,1,6825,45878,67,22/07/2020,TradeZone,AUTO
94569,LAND ROVER,RANGE ROVER,BLACK,Hybrid,1,41400,17682,50,24/06/2021,TradeZone,MANUAL
797,JAGUAR,I-PACE,BLACK,Electric,3,14900,40900,67,21/09/2018,TradeZone,MANUAL
87904,MITSUBISHI,OUTLANDER,GREY,Hybrid,4,8025,64533,116,04/10/2019,TradeZone,MANUAL
23174,MERCEDES-BENZ,C-CLASS,WHITE,Petrol,4,15050,51418,74,23/05/2018,TradeZone,MANUAL
72727,VAUXHALL,ASTRA,SILVER,Petrol,2,530,63400,234,31/03/2020,OTHER,SEMI-AUTO
46350,VAUXHALL,ASTRA,BLUE,Petrol,3,620,103959,182,02/07/2021,TradeZone,AUTO
58571,MG,ZS EV,BLACK,Electric,1,15400,13500,38,19/04/2021,TradeZone,MANUAL
42297,MG,ZS EV,WHITE,Electric,2,16350,11000,21,24/09/2018,TradeZone,MANUAL
61207,BMW,4 SERIES GRAN COUPE,GREY,Petrol,2,10000,72805,79,20/09/2021,TradeZone,SEMI-AUTO
98920,BMW,4 SERIES GRAN COUPE,BLUE,Petrol,3,13650,44673,62,30/09/2021,TradeZone,SEMI-AUTO
15233,MERCEDES-BENZ,A-CLASS,GREY,Petrol,1,20950,26084,56,06/12/2017,TradeZone,MANUAL
71862,VAUXHALL,CORSA,BLACK,Petrol,1,11500,15862,50,15/01/2020,TradeZone,MANUAL
56606,HYUNDAI,I10,GREY,Petrol,1,12250,10220,38,29/12/2021,TradeZone,AUTO
32377,HYUNDAI,I10,WHITE,Petrol,2,10500,23236,52,09/11/2018,TradeZone,SEMI-AUTO
20142,TOYOTA,C-HR,WHITE,Hybrid,2,13700,56300,73,14/09/2018,TradeZone,MANUAL
77933,MITSUBISHI,OUTLANDER,GREY,Hybrid,1,13450,61702,54,02/09/2022,TradeZone,SEMI-AUTO
8977,MERCEDES-BENZ,A-CLASS,GREEN,Diesel,3,6650,72321,96,22/06/2020,TradeZone,MANUAL
14382,MERCEDES-BENZ,A-CLASS,WHITE,Diesel,3,6325,76064,103,12/06/2020,TradeZone,AUTO
47114,MERCEDES-BENZ,A-CLASS,WHITE,Diesel,2,5600,92434,110,31/03/2021,TradeZone,AUTO
6463,MERCEDES-BENZ,A-CLASS,WHITE,Diesel,,6325,74356,105,26/04/2022,TradeZone,MANUAL
54943,VAUXHALL,CORSA,GREY,Petrol,4,3400,77412,116,29/09/2018,PARTEX,MANUAL
96763,FORD,FOCUS,BLACK,Petrol,3,1500,92829,168,03/12/2021,OTHER,MANUAL
40271,VOLVO,XC40,SILVER,Hybrid,1,18700,39550,57,13/08/2020,TradeZone,MANUAL
93335,VOLVO,C30 SPORTS,WHITE,Diesel,2,1475,83224,179,06/03/2020,TradeZone,AUTO
78282,SEAT,LEON,BLUE,Petrol,2,12350,39098,49,19/03/2021,TradeZone,MANUAL
43921,SEAT,LEON,BLACK,Petrol,1,13700,22470,44,25/03/2021,TradeZone,AUTO
32253,SEAT,LEON,BLUE,Petrol,2,13850,20090,44,05/03/2022,TradeZone,SEMI-AUTO
78972,HYUNDAI,TUCSON,GREY,Hybrid,2,21600,20722,48,06/03/2023,TradeZone,MANUAL
18915,HYUNDAI,TUCSON,SILVER,Hybrid,1,20300,32250,47,16/10/2018,TradeZone,SEMI-AUTO
35535,PEUGEOT,508,BLUE,Diesel,4,7200,53041,95,30/03/2019,PARTEX,MANUAL
60340,SUZUKI,IGNIS,WHITE,Petrol,1,4050,90000,90,31/12/2020,TradeZone,SEMI-AUTO
80083,KIA,RIO,GREY,Petrol,2,2125,76215,131,24/09/2020,PARTEX,MANUAL
28474,FORD,FOCUS C-MAX,BLUE,Diesel,7,440,118703,235,08/03/2019,TradeZone,MANUAL
33093,TOYOTA,C-HR,BLACK,Hybrid,1,14150,62774,44,20/06/2020,TradeZone,AUTO
29532,TOYOTA,C-HR,GREY,Hybrid,1,18000,21410,36,06/06/2022,TradeZone,AUTO
77585,TOYOTA,C-HR,BLUE,Hybrid,1,16050,44016,37,27/09/2019,TradeZone,MANUAL
1180,TOYOTA,C-HR,BLUE,Hybrid,1,16100,43609,38,09/11/2021,TradeZone,MANUAL
28575,TOYOTA,C-HR,GREY,Hybrid,1,17350,19940,50,24/07/2020,TradeZone,AUTO
57180,TOYOTA,C-HR,BLUE,Hybrid,1,15650,49259,37,01/07/2021,TradeZone,AUTO
13269,ABARTH,595,WHITE,Petrol,3,9025,53552,80,24/09/2020,TradeZone,SEMI-AUTO
42963,ABARTH,595,BLACK,Petrol,3,8750,64902,74,30/09/2021,TradeZone,SEMI-AUTO
99179,ABARTH,595,BLUE,Petrol,2,10650,27600,76,31/01/2018,TradeZone,MANUAL
26091,AUDI,A1,SILVER,Diesel,2,5625,70208,97,30/10/2017,PARTEX,AUTO
24715,AUDI,A5,BLACK,Diesel,2,10050,45854,102,25/10/2018,TradeZone,MANUAL
82025,CITROEN,C4 PICASSO,BLUE,Petrol,2,5100,76553,83,15/12/2020,TradeZone,SEMI-AUTO
21441,NISSAN,MICRA,WHITE,Petrol,2,8275,28464,66,03/10/2020,TradeZone,MANUAL
41812,VAUXHALL,CORSA,ORANGE,Petrol,2,5175,65118,72,29/10/2020,TradeZone,SEMI-AUTO
57807,VAUXHALL,CORSA,BLUE,Petrol,3,5575,52000,77,31/07/2019,TradeZone,MANUAL
3960,VAUXHALL,CORSA,GREY,Petrol,2,8250,19653,68,30/07/2021,TradeZone,AUTO
47870,VAUXHALL,CORSA,SILVER,Petrol,3,8075,21155,68,04/06/2021,TradeZone,AUTO
53771,VAUXHALL,CORSA,GREY,Petrol,2,7075,33406,72,22/03/2023,TradeZone,MANUAL
8192,VAUXHALL,CORSA,BLACK,Petrol,2,6075,48000,71,26/10/2018,TradeZone,MANUAL
57970,VAUXHALL,CORSA,WHITE,Petrol,2,7025,35000,68,05/10/2021,TradeZone,SEMI-AUTO
62268,VAUXHALL,ASTRA,GREY,Diesel,2,4925,52249,99,28/05/2020,TradeZone,MANUAL
50410,FORD,KA,GREY,Petrol,7,1050,86000,158,27/09/2017,TradeZone,SEMI-AUTO
76027,FORD,KA,GREY,Petrol,4,1325,54000,164,11/01/2018,TradeZone,SEMI-AUTO
10439,VOLKSWAGEN,GOLF,GREY,Diesel,3,4125,101400,124,27/01/2020,TradeZone,MANUAL
253,VOLKSWAGEN,GOLF,WHITE,Diesel,2,4550,92000,122,22/01/2021,TradeZone,AUTO
23284,VAUXHALL,ASTRA,BLACK,Petrol,4,420,145000,204,19/01/2021,OTHER,MANUAL
50077,VAUXHALL,ASTRA,BLACK,Petrol,6,320,161752,218,21/06/2021,TradeZone,AUTO
36495,SEAT,IBIZA,GREY,Petrol,2,11200,30809,62,05/10/2017,TradeZone,MANUAL
74701,AUDI,A3,BLUE,Diesel,3,14300,49185,81,27/10/2018,TradeZone,AUTO
88383,VOLKSWAGEN,ID.BUZZ,GREY,Electric,1,37500,9645,12,28/09/2018,TradeZone,MANUAL
70817,VOLKSWAGEN,ID.BUZZ,WHITE,Electric,1,37900,6713,9,20/11/2019,TradeZone,MANUAL
63895,VOLKSWAGEN,GOLF,BLUE,Diesel,4,2000,121000,160,30/11/2021,OTHER,AUTO
68991,BMW,2 SERIES,BLACK,Petrol,3,11050,21776,96,30/07/2019,PARTEX,AUTO
12818,VAUXHALL,GRANDLAND X,BLUE,Petrol,3,8600,54121,78,18/03/2020,TradeZone,MANUAL
80746,VAUXHALL,GRANDLAND X,BLUE,Petrol,3,8425,54000,83,13/05/2020,TradeZone,AUTO
21932,VAUXHALL,GRANDLAND X,BLUE,Petrol,4,10300,33953,68,23/04/2021,TradeZone,AUTO
45942,PEUGEOT,3008,BLACK,Petrol,2,11550,44111,48,19/10/2017,TradeZone,SEMI-AUTO
70465,VOLKSWAGEN,TIGUAN,BLUE,Petrol,2,11400,45674,83,19/09/2017,TradeZone,MANUAL
67386,VOLKSWAGEN,TIGUAN,BLACK,Petrol,2,11300,46144,82,03/09/2018,TradeZone,MANUAL
31994,NISSAN,JUKE,SILVER,Petrol,2,6025,44158,85,22/01/2020,TradeZone,MANUAL
31226,KIA,RIO,GREY,Petrol,4,7975,54955,68,24/09/2019,TradeZone,SEMI-AUTO
39219,HYUNDAI,TUCSON,GREY,Petrol,1,18400,25280,37,22/06/2017,TradeZone,MANUAL
98322,SKODA,KAROQ,GREY,Petrol,1,22650,1682,9,05/06/2018,TradeZone,SEMI-AUTO
34238,KIA,CEED,SILVER,Petrol,1,13650,26507,36,08/06/2018,TradeZone,MANUAL
52886,KIA,CEED,SILVER,Petrol,1,13500,28877,37,21/12/2020,TradeZone,AUTO
32189,KIA,CEED,BLACK,Petrol,1,13900,23569,36,24/01/2022,TradeZone,MANUAL
17482,BMW,2 SERIES GRAN COUPE,WHITE,Petrol,1,18100,22100,50,15/01/2021,TradeZone,SEMI-AUTO
1924,BMW,2 SERIES GRAN COUPE,BLUE,Petrol,1,16950,37987,42,19/04/2021,OTHER,MANUAL
91664,BMW,2 SERIES GRAN COUPE,RED,Petrol,1,15150,68788,29,28/02/2022,TradeZone,MANUAL
98309,VOLKSWAGEN,POLO,SILVER,Petrol,4,5375,50118,166,05/12/2017,TradeZone,MANUAL
23870,FIAT,500,SILVER,Petrol,3,4375,73063,83,29/03/2018,TradeZone,MANUAL
88883,FIAT,500,BLACK,Petrol,3,5100,31385,96,24/06/2020,TradeZone,MANUAL
56502,FIAT,500,RED,Petrol,2,6675,19569,57,13/01/2021,TradeZone,MANUAL
11224,FIAT,500,GREY,Petrol,2,6150,27568,67,07/09/2020,TradeZone,AUTO
77322,FIAT,500,WHITE,Petrol,2,6675,11910,67,06/09/2019,TradeZone,AUTO
47414,FIAT,500,SILVER,Petrol,2,5200,54628,71,21/01/2020,TradeZone,AUTO
40162,FIAT,500,RED,Petrol,3,5600,32220,80,29/07/2019,TradeZone,MANUAL
98006,FIAT,500,BLUE,Petrol,2,5075,37613,92,05/08/2021,TradeZone,AUTO
99809,FIAT,500,WHITE,Petrol,5,4000,64128,110,31/03/2017,TradeZone,SEMI-AUTO
96315,FIAT,500,BLACK,Petrol,3,6450,12973,72,29/03/2018,PARTEX,MANUAL
85630,FIAT,500,BLACK,Petrol,,6000,32240,65,29/03/2021,TradeZone,SEMI-AUTO
50571,FIAT,500,BLACK,Petrol,2,5525,35100,80,25/09/2019,TradeZone,SEMI-AUTO
61280,FIAT,500,BLACK,Petrol,1,4900,65564,70,28/03/2018,TradeZone,SEMI-AUTO
92965,FIAT,500,GREY,Petrol,5,4500,56989,98,23/09/2021,OTHER,AUTO
95261,FIAT,500,BLACK,Petrol,2,5675,29857,80,10/08/2021,TradeZone,MANUAL
34896,FIAT,500,WHITE,Petrol,2,6475,25256,57,24/03/2020,TradeZone,AUTO
69906,FIAT,500,GREY,Petrol,2,6350,15635,74,09/09/2022,TradeZone,AUTO
26869,FIAT,500,WHITE,Petrol,2,4575,39324,110,31/05/2018,TradeZone,MANUAL
80838,FIAT,500,BLACK,Petrol,2,6225,25499,68,28/05/2021,TradeZone,AUTO
61644,FIAT,500,BLACK,Petrol,,4775,43387,98,28/05/2021,TradeZone,AUTO
95665,FIAT,500,BLACK,Petrol,2,5800,38429,66,18/12/2018,TradeZone,AUTO
21094,FIAT,500,GREY,Petrol,2,4650,49000,94,31/12/2019,TradeZone,MANUAL
87175,FIAT,500,BLUE,Petrol,3,4000,57000,113,18/12/2019,TradeZone,MANUAL
22389,FIAT,500,WHITE,Petrol,3,4525,47000,102,31/07/2020,TradeZone,AUTO
32989,FIAT,500,WHITE,Petrol,3,3825,73373,110,31/07/2020,TradeZone,MANUAL
31935,FIAT,500,SILVER,Petrol,2,4750,24754,113,05/12/2019,TradeZone,MANUAL
71300,FIAT,500,GREY,Petrol,4,3750,81827,104,05/01/2021,TradeZone,SEMI-AUTO
63943,MERCEDES-BENZ,GLA,RED,Petrol,2,14400,41883,73,18/12/2020,TradeZone,MANUAL
45783,JAGUAR,E-PACE,WHITE,Diesel,2,13450,39033,74,30/11/2021,TradeZone,MANUAL
11660,AUDI,A4,GREY,Diesel,2,14300,100440,66,21/09/2017,TradeZone,SEMI-AUTO
96384,VOLKSWAGEN,POLO,WHITE,Diesel,4,4050,70000,117,12/09/2022,TradeZone,SEMI-AUTO
71837,VOLKSWAGEN,POLO,RED,Petrol,1,21050,6971,9,01/03/2020,TradeZone,SEMI-AUTO
70664,VOLKSWAGEN,POLO,GREY,Petrol,1,21700,4610,8,31/10/2018,TradeZone,MANUAL
88894,FORD,ECOSPORT,BLUE,Diesel,4,5300,81000,80,30/11/2018,TradeZone,MANUAL
43964,LAND ROVER,RANGE ROVER SPORT,RED,Hybrid,1,30300,67552,50,27/07/2021,TradeZone,AUTO
9988,LAND ROVER,RANGE ROVER VELAR,WHITE,Diesel,2,16550,69012,86,19/08/2021,TradeZone,SEMI-AUTO
97067,TESLA,MODEL 3,WHITE,Electric,1,18800,29280,38,10/08/2022,OTHER,AUTO
38149,TESLA,MODEL 3,BLACK,Electric,1,20650,14131,29,30/11/2023,PARTEX,MANUAL
98061,VOLKSWAGEN,ARTEON,BLACK,Hybrid,1,26850,11809,16,26/03/2018,TradeZone,AUTO
3521,AUDI,TT,RED,Petrol,2,12000,50782,82,29/07/2020,TradeZone,MANUAL
4717,CITROEN,C5 AIRCROSS,WHITE,Hybrid,1,14700,68961,26,04/03/2020,TradeZone,MANUAL
37040,PEUGEOT,3008,BLUE,Petrol,2,7375,59060,89,14/05/2021,TradeZone,AUTO
71686,PEUGEOT,3008,BLACK,Petrol,2,8975,36182,77,30/09/2019,TradeZone,AUTO
58624,TOYOTA,YARIS,GREY,Petrol,5,1200,109316,175,04/09/2020,TradeZone,MANUAL
83759,BMW,X1,GREY,Petrol,2,14950,40500,84,30/04/2019,TradeZone,MANUAL
69861,FORD,ECOSPORT,SILVER,Petrol,2,8950,19063,73,28/06/2019,TradeZone,AUTO
75485,BMW,1 SERIES,GREY,Petrol,1,17850,20701,50,22/07/2019,PARTEX,SEMI-AUTO
32334,BMW,1 SERIES,BLUE,Petrol,3,16100,30501,62,12/06/2017,PARTEX,MANUAL
49092,VAUXHALL,CORSA,WHITE,Diesel,2,4250,42913,91,25/06/2021,TradeZone,SEMI-AUTO
62233,VAUXHALL,CORSA,GREY,Diesel,2,3750,54441,91,07/06/2021,TradeZone,AUTO
28147,VAUXHALL,CORSA,BLACK,Diesel,2,3775,53838,91,31/10/2018,TradeZone,MANUAL
83279,VAUXHALL,CORSA,WHITE,Diesel,1,5200,20933,90,17/12/2020,TradeZone,SEMI-AUTO
5797,VAUXHALL,CORSA,BLUE,Diesel,2,4475,37298,91,16/12/2020,TradeZone,AUTO
56187,VAUXHALL,CORSA,BLUE,Diesel,1,4550,35408,90,04/09/2019,TradeZone,AUTO
57161,VAUXHALL,CORSA,BLUE,Diesel,1,3800,52371,89,15/09/2020,TradeZone,SEMI-AUTO
39348,SUBARU,IMPREZA,WHITE,Petrol,3,4900,50779,179,02/12/2021,TradeZone,SEMI-AUTO
45110,BMW,3 SERIES,BLACK,Diesel,3,8675,89000,87,29/03/2019,TradeZone,AUTO
15308,VOLVO,XC60,WHITE,Petrol,2,20300,43752,56,03/09/2019,TradeZone,MANUAL
65933,VOLVO,XC60,BLACK,Petrol,1,17550,67243,59,27/07/2017,TradeZone,MANUAL
16698,VOLVO,XC60,WHITE,Petrol,1,22600,29038,49,30/06/2017,PARTEX,SEMI-AUTO
18911,NISSAN,QASHQAI+2,BLACK,Petrol,5,1450,108986,187,31/07/2018,PARTEX,MANUAL
13922,SUZUKI,SWIFT,RED,Petrol,2,640,49384,226,03/08/2021,TradeZone,MANUAL
88117,DACIA,SANDERO,BLUE,Petrol,2,7450,17730,41,24/01/2018,TradeZone,MANUAL
22073,DACIA,SANDERO,BLACK,Petrol,1,7550,15987,41,30/06/2021,OTHER,AUTO
34750,KIA,SPORTAGE,BLUE,Diesel,2,7925,66200,83,08/06/2021,TradeZone,MANUAL
97975,KIA,SPORTAGE,BLACK,Diesel,2,7875,71137,80,29/01/2019,PARTEX,MANUAL
88928,AUDI,A3,BLUE,Diesel,2,7150,25540,110,26/11/2021,TradeZone,MANUAL
73156,AUDI,A3,GREY,Diesel,4,5400,66000,112,21/05/2021,TradeZone,SEMI-AUTO
44814,FORD,FIESTA,BLACK,Petrol,1,5775,58822,89,28/09/2020,TradeZone,AUTO
67708,FORD,FIESTA,GREY,Petrol,3,6075,48960,93,21/07/2017,TradeZone,MANUAL
55628,FORD,FIESTA,BLACK,Petrol,1,6175,65000,67,01/03/2021,TradeZone,MANUAL
28997,FORD,FIESTA,GREY,Petrol,2,6000,62000,75,24/09/2019,TradeZone,MANUAL
49037,MINI,HATCHBACK,GREY,Petrol,2,11550,18118,70,18/10/2021,OTHER,MANUAL
38656,SUZUKI,VITARA,SILVER,Petrol,1,15550,22673,44,10/09/2021,TradeZone,AUTO
46462,MERCEDES-BENZ,C-CLASS,RED,Diesel,2,15750,30789,95,02/08/2018,TradeZone,MANUAL
1302,HYUNDAI,IONIQ,GREY,Hybrid,2,11900,35000,71,18/08/2021,TradeZone,AUTO
55213,HYUNDAI,IONIQ,SILVER,Hybrid,2,11800,31312,78,28/06/2019,TradeZone,MANUAL
83961,HYUNDAI,IONIQ,GREY,Hybrid,3,10450,47097,83,08/07/2019,TradeZone,MANUAL
91047,HYUNDAI,IONIQ,WHITE,Hybrid,2,11050,34278,89,31/01/2019,TradeZone,AUTO
24446,FORD,KUGA,BLACK,Hybrid,2,15450,56000,49,24/03/2020,TradeZone,MANUAL
11333,FORD,KUGA,GREY,Hybrid,2,17700,34435,50,14/06/2018,PARTEX,MANUAL
5229,FORD,KUGA,WHITE,Hybrid,1,14750,64305,49,06/07/2021,TradeZone,AUTO
24686,RENAULT,CLIO,SILVER,Petrol,6,610,79732,199,11/01/2020,TradeZone,MANUAL
30348,BMW,1 SERIES,WHITE,Diesel,2,6150,56194,92,20/12/2022,TradeZone,MANUAL
759,BMW,1 SERIES,GREY,Diesel,3,3350,112459,109,06/07/2018,TradeZone,MANUAL
54008,JAGUAR,F-PACE,GREY,Diesel,1,13250,72497,62,01/04/2021,TradeZone,AUTO
97686,MAZDA,CX-30,RED,Petrol,1,11900,66095,44,21/06/2021,TradeZone,MANUAL
62547,MERCEDES-BENZ,A-CLASS,BLACK,Diesel,2,10700,64413,78,16/01/2020,TradeZone,MANUAL
80619,MERCEDES-BENZ,A-CLASS,GOLD,Diesel,1,11350,60475,66,31/03/2022,TradeZone,AUTO
1579,HONDA,CR-V,GREY,Diesel,2,9700,62068,97,19/02/2018,TradeZone,MANUAL
65405,FIAT,500,BLACK,Petrol,2,1425,85000,182,20/09/2019,TradeZone,AUTO
49741,VOLKSWAGEN,GOLF,BLUE,Diesel,3,12100,69585,57,03/09/2021,TradeZone,AUTO
5402,VOLKSWAGEN,GOLF,BLUE,Diesel,2,15050,30896,67,29/06/2020,TradeZone,MANUAL
38280,AUDI,Q7,BLACK,Diesel,2,38800,42663,40,25/09/2020,OTHER,AUTO
36737,AUDI,Q7,WHITE,Diesel,1,46400,15821,26,22/07/2019,TradeZone,SEMI-AUTO
20451,AUDI,Q7,BLACK,Diesel,1,40500,24209,48,15/07/2020,TradeZone,SEMI-AUTO
15975,AUDI,Q7,RED,Diesel,1,41500,6500,59,13/06/2018,TradeZone,MANUAL
70977,FORD,FIESTA,RED,Petrol,3,6475,35916,80,24/04/2019,TradeZone,AUTO
16537,FORD,FIESTA,BLUE,Petrol,2,6250,44100,71,25/06/2021,TradeZone,SEMI-AUTO
6103,FORD,FIESTA,SILVER,Petrol,2,7300,18378,80,31/07/2020,TradeZone,MANUAL
32743,FORD,FIESTA,WHITE,Petrol,3,6100,40115,86,21/04/2021,TradeZone,MANUAL
82539,NISSAN,JUKE,BLACK,Petrol,4,2525,92000,126,31/10/2018,TradeZone,MANUAL
27934,VOLKSWAGEN,TOURAN,BLACK,Diesel,2,2175,74027,193,20/05/2021,TradeZone,SEMI-AUTO
42365,FORD,KUGA,BLACK,Petrol,3,2150,121706,160,01/09/2018,OTHER,AUTO
91646,VOLKSWAGEN,SCIROCCO,BLACK,Diesel,1,4825,85000,143,31/03/2017,TradeZone,MANUAL
15070,NISSAN,QASHQAI,BLACK,Diesel,4,3050,129000,132,26/03/2019,TradeZone,MANUAL
13040,NISSAN,QASHQAI,GREY,Diesel,2,5575,83720,104,28/09/2020,TradeZone,MANUAL
59896,NISSAN,QASHQAI,BLUE,Diesel,4,3800,105287,131,03/11/2021,TradeZone,SEMI-AUTO
58920,SEAT,IBIZA,WHITE,Petrol,1,11650,16237,39,29/08/2018,TradeZone,MANUAL
82124,AUDI,Q2,SILVER,Petrol,1,14650,40172,47,28/12/2016,TradeZone,MANUAL
91715,AUDI,Q2,GREY,Petrol,2,15450,34191,44,18/12/2018,TradeZone,AUTO
3767,VOLKSWAGEN,TIGUAN,BLACK,Petrol,1,30000,6500,7,14/08/2017,TradeZone,MANUAL
91202,PEUGEOT,2008,WHITE,Diesel,4,7325,28309,86,29/03/2018,TradeZone,MANUAL
78365,VOLKSWAGEN,TAIGO,WHITE,Petrol,2,14800,38002,38,11/12/2018,PARTEX,MANUAL
78563,MAZDA,MX-5,WHITE,Petrol,1,11250,5538,113,20/12/2019,TradeZone,MANUAL
84427,BMW,X7,GREY,Petrol,1,57900,16876,47,30/05/2018,TradeZone,MANUAL
75451,SEAT,LEON,RED,Petrol,2,3875,121890,129,31/03/2021,TradeZone,MANUAL
7287,FORD,MONDEO,PURPLE,Diesel,2,9100,52733,71,29/12/2017,PARTEX,SEMI-AUTO
14635,PEUGEOT,5008,BLACK,Diesel,3,13650,81891,74,16/01/2021,TradeZone,MANUAL
95626,VAUXHALL,CROSSLAND X,WHITE,Petrol,4,5925,46303,83,09/12/2020,OTHER,AUTO
63422,FORD,PUMA,WHITE,Petrol,1,11400,34691,40,31/03/2019,TradeZone,MANUAL
77470,NISSAN,NOTE,GREY,Diesel,3,1050,104600,166,10/07/2020,TradeZone,AUTO
32359,AUDI,Q4 E-TRON SPORTBACK,SILVER,Electric,1,35000,3079,11,20/09/2019,OTHER,MANUAL
98059,VOLKSWAGEN,LUPO,BLACK,Petrol,4,,99000,271,10/09/2021,TradeZone,MANUAL
47748,AUDI,A4 AVANT,GREY,Diesel,1,7325,117237,95,25/01/2022,TradeZone,AUTO
628,BYD,DOLPHIN,BLACK,Electric,1,19550,3702,20,31/01/2018,PARTEX,MANUAL
45005,KIA,CEED,BROWN,Diesel,3,9525,50546,42,28/07/2016,TradeZone,MANUAL
13846,BMW,IX3,BLACK,Electric,1,17700,69956,44,18/03/2020,TradeZone,MANUAL
25859,VAUXHALL,GRANDLAND X,GREY,Petrol,2,7500,34762,79,29/09/2017,PARTEX,MANUAL
904,VAUXHALL,GRANDLAND X,GREY,Petrol,3,7500,34994,79,24/02/2021,TradeZone,SEMI-AUTO
35390,VAUXHALL,GRANDLAND X,BLUE,Petrol,2,7300,38715,77,06/09/2021,TradeZone,AUTO
77454,VAUXHALL,GRANDLAND X,WHITE,Petrol,3,5750,70172,88,18/02/2020,TradeZone,MANUAL
4172,VAUXHALL,GRANDLAND X,BLACK,Petrol,2,7475,47253,62,26/02/2021,TradeZone,AUTO
77607,VAUXHALL,GRANDLAND X,GREY,Petrol,4,8150,35391,56,19/07/2021,TradeZone,MANUAL
39166,FORD,FOCUS,SILVER,Diesel,5,11050,48696,86,30/05/2022,TradeZone,MANUAL
95010,MITSUBISHI,ASX,SILVER,Petrol,2,7625,38332,97,14/02/2020,TradeZone,MANUAL
6926,MERCEDES-BENZ,A-CLASS,GREY,Hybrid,1,18500,35756,48,30/11/2020,TradeZone,AUTO
98648,PEUGEOT,208,BLUE,Petrol,1,11350,20702,38,07/11/2017,PARTEX,MANUAL
20903,PEUGEOT,208,GREY,Petrol,1,10800,27882,38,16/01/2018,TradeZone,AUTO
61668,PEUGEOT,208,GREY,Petrol,1,9525,38376,50,22/09/2017,TradeZone,MANUAL
30305,PEUGEOT,208,GREY,Petrol,2,11700,16232,38,02/03/2021,TradeZone,AUTO
58961,PEUGEOT,RCZ,GREY,Diesel,3,2400,97303,135,24/11/2020,TradeZone,MANUAL
65392,MINI,HATCHBACK,GREY,Petrol,2,13200,39747,54,16/09/2021,TradeZone,AUTO
34824,DACIA,SANDERO STEPWAY,GREY,Petrol,2,6750,14934,71,01/07/2021,TradeZone,MANUAL
63935,BMW,X1,GREY,Hybrid,1,19900,32613,48,17/03/2017,TradeZone,SEMI-AUTO
71324,BMW,X1,RED,Hybrid,1,17300,55844,49,16/01/2020,OTHER,MANUAL
58997,MERCEDES-BENZ,A-CLASS,BLACK,Diesel,3,7275,81202,92,19/10/2020,TradeZone,AUTO
73094,MERCEDES-BENZ,A-CLASS,GREY,Diesel,2,8925,50096,89,12/09/2021,OTHER,MANUAL
65734,PEUGEOT,208,BLACK,Petrol,1,11350,35856,32,07/11/2019,TradeZone,MANUAL
98907,PEUGEOT,208,BLACK,Petrol,2,9150,55113,50,28/02/2020,TradeZone,SEMI-AUTO
89469,KIA,PICANTO,GREY,Petrol,4,540,82400,181,28/05/2019,TradeZone,SEMI-AUTO
19620,CITROEN,C1,GREY,Petrol,2,9000,10771,48,30/09/2022,TradeZone,MANUAL
9224,SKODA,KAMIQ,BLACK,Petrol,2,13500,15957,43,11/07/2019,TradeZone,AUTO
88328,KIA,SPORTAGE,GREY,Diesel,2,6700,67404,91,04/03/2021,TradeZone,MANUAL
67448,KIA,SPORTAGE,WHITE,Diesel,3,7225,55369,92,25/03/2019,TradeZone,MANUAL
55443,KIA,PICANTO,BLUE,Petrol,3,7025,36456,80,31/05/2021,TradeZone,SEMI-AUTO
67358,SKODA,FABIA,GREY,Petrol,2,6950,53500,76,30/01/2020,TradeZone,MANUAL
99147,RENAULT,KADJAR,GREY,Petrol,1,9850,37009,58,13/12/2021,OTHER,MANUAL
21987,RENAULT,KADJAR,GREY,Petrol,1,9625,42545,58,31/05/2022,TradeZone,SEMI-AUTO
22430,VAUXHALL,CORSA,RED,Petrol,5,610,61000,198,31/12/2015,PARTEX,MANUAL
74093,KIA,SPORTAGE,WHITE,Hybrid,1,21900,26937,33,15/02/2018,TradeZone,MANUAL
98737,KIA,SPORTAGE,GREY,Hybrid,1,22100,24000,38,27/01/2020,OTHER,SEMI-AUTO
33157,FORD,KUGA,SILVER,Diesel,2,14950,11452,62,05/03/2018,PARTEX,MANUAL
28521,NISSAN,QASHQAI,WHITE,Diesel,3,5025,84148,109,06/09/2017,TradeZone,AUTO
39471,MINI,HATCHBACK,GREY,Diesel,2,8300,52976,78,17/09/2019,TradeZone,MANUAL
65336,MERCEDES-BENZ,E-CLASS,BLUE,Diesel,2,9225,117902,98,31/05/2017,TradeZone,AUTO
50760,MERCEDES-BENZ,E-CLASS,BLACK,Diesel,3,15450,41352,78,28/06/2019,TradeZone,MANUAL
47879,MERCEDES-BENZ,E-CLASS,BLUE,Diesel,3,13150,61175,92,30/09/2017,PARTEX,AUTO
8840,NISSAN,LEAF,WHITE,Electric,2,2225,69909,92,26/01/2021,TradeZone,MANUAL
1192,MINI,HATCHBACK,GREY,Petrol,2,7575,70800,86,30/11/2021,TradeZone,SEMI-AUTO
41636,VOLKSWAGEN,ID.5,GREY,Electric,2,20650,31719,28,30/11/2022,TradeZone,SEMI-AUTO
57744,PEUGEOT,2008,WHITE,Petrol,1,12450,29337,55,31/01/2023,TradeZone,SEMI-AUTO
11037,SEAT,ATECA,GREY,Petrol,2,8400,64077,91,30/06/2021,TradeZone,SEMI-AUTO
27963,SEAT,ATECA,YELLOW,Petrol,2,8500,69913,86,24/06/2016,TradeZone,AUTO
36992,MERCEDES-BENZ,A-CLASS,GREY,Diesel,3,2025,49000,176,28/03/2017,TradeZone,SEMI-AUTO
34865,SKODA,CITIGO,BLACK,Petrol,2,5000,44384,82,16/01/2020,TradeZone,SEMI-AUTO
2919,AUDI,A4,BLACK,Diesel,3,11150,69943,81,27/11/2019,TradeZone,SEMI-AUTO
26828,LAND ROVER,DISCOVERY 4,SILVER,Diesel,1,7950,97286,140,21/10/2020,TradeZone,MANUAL
69284,MINI,HATCHBACK,GREY,Petrol,3,15350,29050,56,13/02/2020,TradeZone,MANUAL
61489,NISSAN,QASHQAI,RED,Diesel,4,870,93340,187,11/02/2020,TradeZone,MANUAL
9179,MERCEDES-BENZ,A-CLASS,RED,Diesel,3,20950,25150,48,23/09/2021,TradeZone,AUTO
3278,LAND ROVER,RANGE ROVER EVOQUE,BLACK,Diesel,1,17600,22588,49,31/10/2021,TradeZone,MANUAL
8783,LAND ROVER,RANGE ROVER EVOQUE,WHITE,Diesel,1,15300,57279,50,25/03/2017,PARTEX,MANUAL
44583,VOLKSWAGEN,T-CROSS,SILVER,Petrol,1,12150,32212,49,31/03/2017,TradeZone,MANUAL
32280,VOLKSWAGEN,T-CROSS,GREY,Petrol,3,11400,35264,57,16/03/2020,PARTEX,SEMI-AUTO
40419,AUDI,Q2,GREY,Petrol,1,17100,53668,52,31/05/2023,TradeZone,SEMI-AUTO
36564,AUDI,Q2,GREY,Petrol,2,18650,44352,44,01/07/2022,OTHER,MANUAL
2201,PORSCHE,MACAN,BLACK,Petrol,3,22350,49139,96,28/02/2022,PARTEX,SEMI-AUTO
97968,AUDI,A6,BLUE,Diesel,2,10600,46714,103,24/03/2020,TradeZone,SEMI-AUTO
4966,TOYOTA,AYGO,BLUE,Petrol,3,7900,35000,80,31/07/2020,TradeZone,SEMI-AUTO
62081,VOLVO,V60,BLUE,Petrol,1,38300,3116,4,11/05/2022,TradeZone,AUTO
30959,BMW,4 SERIES GRAN COUPE,GREY,Diesel,2,11800,77000,103,31/03/2023,TradeZone,AUTO
64555,VAUXHALL,MOKKA X,SILVER,Diesel,2,7550,40480,77,30/09/2020,TradeZone,MANUAL
64400,VOLKSWAGEN,GOLF,PINK,Diesel,2,7600,56659,96,31/12/2020,TradeZone,MANUAL
15526,VOLKSWAGEN,GOLF,GREY,Diesel,2,6200,84114,94,30/09/2021,TradeZone,SEMI-AUTO
24427,SMART,FORTWO CABRIO,GREY,Petrol,2,3350,59000,129,01/03/2019,TradeZone,MANUAL
17436,LAND ROVER,DISCOVERY SPORT,GREY,Diesel,3,12900,60294,74,29/06/2018,TradeZone,MANUAL
67779,LAND ROVER,DISCOVERY SPORT,BLUE,Diesel,3,15200,36700,76,17/06/2019,TradeZone,SEMI-AUTO
27480,LAND ROVER,DISCOVERY SPORT,YELLOW,Diesel,3,13950,46000,80,25/07/2020,TradeZone,MANUAL
76515,LAND ROVER,DISCOVERY SPORT,GREY,Diesel,1,14450,45000,72,31/05/2022,TradeZone,MANUAL
74541,LAND ROVER,DISCOVERY SPORT,BLACK,Diesel,2,12900,60000,74,31/05/2022,TradeZone,MANUAL
84966,DACIA,DUSTER,WHITE,Petrol,4,4250,50988,85,30/11/2018,TradeZone,SEMI-AUTO
74601,MERCEDES-BENZ,A-CLASS,GREY,Diesel,4,9325,47000,98,30/11/2021,TradeZone,SEMI-AUTO
92736,VOLVO,V40,BLACK,Petrol,3,13450,24768,74,30/09/2022,TradeZone,MANUAL
30447,VOLVO,V40,WHITE,Petrol,3,8275,55705,103,31/05/2021,TradeZone,SEMI-AUTO
64234,TESLA,MODEL Y,BLACK,Electric,1,22050,61610,38,20/12/2017,TradeZone,MANUAL
7429,TESLA,MODEL Y,BLUE,Electric,1,24350,37290,38,24/04/2019,TradeZone,MANUAL
52165,TESLA,MODEL Y,RED,Electric,1,21900,63240,38,28/11/2018,TradeZone,SEMI-AUTO
17859,TESLA,MODEL Y,BLUE,Electric,1,24500,31429,39,26/11/2018,TradeZone,MANUAL
9245,TESLA,MODEL Y,GREY,Electric,1,25300,28593,38,02/06/2021,TradeZone,SEMI-AUTO
12656,TESLA,MODEL Y,WHITE,Electric,2,24150,39500,35,14/06/2022,TradeZone,AUTO
10736,TESLA,MODEL Y,BLACK,Electric,1,27300,9420,38,30/12/2020,TradeZone,AUTO
26600,TESLA,MODEL Y,BLACK,Electric,1,26450,17501,38,30/09/2022,TradeZone,AUTO
40019,TESLA,MODEL Y,GREY,Electric,1,24050,40772,38,31/10/2022,TradeZone,AUTO
32597,SKODA,OCTAVIA,GREY,Petrol,4,1550,168600,181,29/03/2019,TradeZone,MANUAL
10690,TOYOTA,YARIS,WHITE,Petrol,3,3875,102692,110,04/08/2020,TradeZone,MANUAL
60522,LAND ROVER,RANGE ROVER VELAR,WHITE,Diesel,2,19500,42749,91,11/09/2018,TradeZone,MANUAL
66359,LAND ROVER,R/R VELAR,BLACK,Other,3,17450,76623,81,31/01/2022,TradeZone,AUTO
86802,BMW,2 SERIES GRAN COUPE,BLACK,Petrol,1,17900,24660,51,30/11/2022,TradeZone,SEMI-AUTO
46859,TOYOTA,RAV4,GREY,Hybrid,1,23150,11000,51,27/01/2023,TradeZone,MANUAL
65604,TOYOTA,RAV4,WHITE,Hybrid,1,23250,21051,37,25/03/2022,TradeZone,SEMI-AUTO
23351,BMW,3 SERIES,BLACK,Petrol,1,18750,44591,47,08/01/2019,PARTEX,SEMI-AUTO
14147,JAGUAR,XE,GREY,Diesel,2,4600,75000,76,29/09/2018,TradeZone,MANUAL
50403,JAGUAR,XE,GREY,Diesel,2,2850,103000,107,15/06/2020,TradeZone,MANUAL
94863,FORD,FIESTA,WHITE,Petrol,6,1775,70000,176,30/05/2018,TradeZone,MANUAL
31270,FORD,FIESTA,BLACK,Petrol,5,1700,86179,158,30/06/2022,TradeZone,SEMI-AUTO
39115,FORD,FIESTA,GREY,Petrol,6,1000,121344,186,30/04/2023,TradeZone,SEMI-AUTO
60460,MITSUBISHI,ECLIPSE CROSS,BLACK,Petrol,3,9850,44513,73,31/10/2022,TradeZone,AUTO
28111,AUDI,A6,RED,Petrol,1,18500,32069,37,29/10/2022,TradeZone,MANUAL
70609,LAND ROVER,DISCOVERY SPORT,BLACK,Diesel,1,32700,16516,20,29/08/2018,TradeZone,AUTO
91644,LAND ROVER,DISCOVERY SPORT,WHITE,Diesel,1,32100,16391,26,12/11/2020,TradeZone,MANUAL
79255,LAND ROVER,DISCOVERY SPORT,BLACK,Diesel,1,33000,14757,20,19/08/2021,TradeZone,SEMI-AUTO
19300,LAND ROVER,DISCOVERY SPORT,BLACK,Diesel,1,28650,20000,50,30/06/2021,TradeZone,MANUAL
8782,LAND ROVER,DISCOVERY SPORT,GREY,Diesel,1,33400,11964,20,07/07/2021,TradeZone,MANUAL
66924,FORD,FIESTA,BLACK,Petrol,3,1925,104510,138,02/08/2019,TradeZone,MANUAL
36354,JAGUAR,I-PACE,BLACK,Electric,1,24000,13224,27,31/01/2023,OTHER,SEMI-AUTO
72163,MINI,HATCHBACK,GREY,Petrol,2,7425,76977,74,31/01/2023,TradeZone,SEMI-AUTO
66441,MINI,HATCHBACK,BLUE,Petrol,2,9100,41419,68,16/11/2020,TradeZone,MANUAL
83376,MINI,HATCHBACK,RED,Petrol,1,9250,38424,65,29/09/2021,TradeZone,MANUAL
45225,VOLVO,V60,SILVER,Petrol,2,15300,46708,54,31/01/2020,TradeZone,MANUAL
55268,VOLVO,V60,WHITE,Petrol,1,18150,22504,52,12/07/2016,PARTEX,MANUAL
2092,HYUNDAI,TUCSON,BLUE,Diesel,2,10250,32750,89,01/03/2018,TradeZone,MANUAL
50453,JAGUAR,F-TYPE,RED,Petrol,3,24450,47639,71,31/12/2018,TradeZone,MANUAL
86141,CITROEN,GRAND C4 SPACETOURER,BLUE,Petrol,1,14800,12726,59,17/09/2024,TradeZone,SEMI-AUTO
96603,KIA,NIRO,BLUE,Hybrid,,19950,7211,38,15/06/2022,TradeZone,AUTO
24978,KIA,NIRO,SILVER,Hybrid,1,14900,55300,50,27/10/2022,TradeZone,MANUAL
2317,KIA,NIRO,BLUE,Hybrid,1,16250,38000,50,29/03/2018,PARTEX,SEMI-AUTO
46576,BMW,1 SERIES,RED,Petrol,2,15200,18871,64,25/09/2018,TradeZone,MANUAL
9426,FORD,FIESTA,BLACK,Petrol,1,10000,10998,59,31/01/2023,TradeZone,SEMI-AUTO
60657,LAND ROVER,RANGE ROVER EVOQUE,BLUE,Diesel,3,8900,73141,110,17/05/2021,TradeZone,AUTO
93932,LAND ROVER,RANGE ROVER EVOQUE,RED,Diesel,2,12150,40672,86,04/03/2022,TradeZone,MANUAL
45736,HYUNDAI,KONA,BLACK,Hybrid,2,13200,43980,28,30/09/2020,PARTEX,MANUAL
61240,HYUNDAI,KONA,GREY,Hybrid,1,13750,28966,35,28/01/2019,TradeZone,MANUAL
97172,HYUNDAI,KONA,GREY,Hybrid,2,12750,43127,34,21/08/2020,TradeZone,SEMI-AUTO
22470,TOYOTA,COROLLA,RED,Hybrid,1,14700,35147,56,19/09/2018,TradeZone,MANUAL
91597,TOYOTA,COROLLA,BLUE,Hybrid,3,15950,25743,50,23/07/2018,TradeZone,SEMI-AUTO
91,VOLKSWAGEN,TIGUAN,RED,Diesel,3,13300,52505,82,30/06/2018,TradeZone,MANUAL
6510,VOLKSWAGEN,TIGUAN,GREY,Diesel,3,13050,47309,96,14/06/2019,TradeZone,MANUAL
17324,FORD,FOCUS,RED,Petrol,4,5475,52610,103,31/12/2019,TradeZone,SEMI-AUTO
90391,VOLKSWAGEN,GOLF,GREY,Diesel,1,15650,57000,53,27/09/2019,TradeZone,MANUAL
69395,FORD,FOCUS,GREY,Petrol,6,860,147058,150,21/01/2020,TradeZone,AUTO
37055,FORD,FOCUS,GREY,Petrol,4,1750,84550,146,18/06/2019,TradeZone,MANUAL
40721,VAUXHALL,GRANDLAND X,GREY,Hybrid,1,11600,56640,46,30/06/2021,TradeZone,AUTO
25741,VOLKSWAGEN,PASSAT,GREY,Diesel,3,11000,61959,104,28/02/2022,TradeZone,MANUAL
28888,NISSAN,QASHQAI,BLACK,Petrol,2,8650,73503,76,16/04/2018,TradeZone,AUTO
68469,NISSAN,QASHQAI,BLUE,Petrol,2,9575,58000,71,30/10/2019,TradeZone,SEMI-AUTO
79824,MINI,COUNTRYMAN,BLACK,Diesel,4,3600,72000,168,14/07/2023,TradeZone,SEMI-AUTO
51333,VOLKSWAGEN,GOLF,GREY,Petrol,2,11750,27741,70,25/04/2017,OTHER,AUTO
59085,PEUGEOT,3008,SILVER,Diesel,4,10400,69900,92,07/09/2023,TradeZone,MANUAL
92759,HYUNDAI,I10,WHITE,Petrol,2,10050,44410,47,30/11/2022,TradeZone,MANUAL
59114,HYUNDAI,I10,GREY,Petrol,,11300,33702,38,28/12/2018,TradeZone,SEMI-AUTO
2991,AUDI,Q2,GREY,Petrol,2,18000,23000,56,21/11/2018,TradeZone,SEMI-AUTO
86839,FORD,KUGA,BLUE,Petrol,2,9825,46940,86,30/04/2021,TradeZone,AUTO
44234,KIA,VENGA,BLACK,Diesel,2,4225,52414,90,29/09/2016,PARTEX,AUTO
27064,HYUNDAI,TUCSON,GREY,Petrol,2,15500,27585,40,20/03/2017,TradeZone,MANUAL
43414,HYUNDAI,TUCSON,WHITE,Petrol,2,16300,21709,38,22/03/2019,TradeZone,AUTO
76348,HYUNDAI,TUCSON,WHITE,Petrol,2,14600,43093,36,04/02/2022,PARTEX,AUTO
31226,LAND ROVER,DISCOVERY SPORT,RED,Diesel,3,8300,67700,92,24/03/2018,TradeZone,AUTO
7788,LAND ROVER,DISCOVERY SPORT,BLACK,Diesel,1,11000,40270,74,30/06/2018,TradeZone,SEMI-AUTO
46830,PEUGEOT,2008,WHITE,Petrol,2,13750,22265,56,10/03/2023,OTHER,MANUAL
61998,VOLKSWAGEN,GOLF,GREY,Diesel,2,9325,55500,119,31/05/2019,TradeZone,MANUAL
34063,VOLKSWAGEN,GOLF,WHITE,Diesel,3,5350,112000,139,18/12/2020,OTHER,SEMI-AUTO
87527,VOLKSWAGEN,GOLF,GREY,Diesel,4,8225,76536,116,31/12/2022,TradeZone,AUTO
56348,MAZDA,CX-3,BLACK,Petrol,2,7125,60397,86,31/12/2022,TradeZone,AUTO
94502,MERCEDES-BENZ,A-CLASS,GREEN,Diesel,1,13200,49165,74,12/07/2019,TradeZone,MANUAL
67712,AUDI,A3,GREY,Petrol,1,21950,2463,7,30/06/2019,TradeZone,SEMI-AUTO
62809,VAUXHALL,CORSA,BLACK,Petrol,1,10950,21266,42,27/06/2019,TradeZone,SEMI-AUTO
69821,VAUXHALL,INSIGNIA,BLUE,Diesel,3,1900,90519,156,30/03/2018,TradeZone,MANUAL
43975,SEAT,LEON,WHITE,Petrol,2,7350,53000,98,03/02/2022,TradeZone,MANUAL
94422,KIA,EV6,BLUE,Electric,1,26600,7120,11,17/09/2015,PARTEX,MANUAL
80496,VOLVO,V40,BLUE,Petrol,3,11350,24416,82,16/09/2016,TradeZone,SEMI-AUTO
93502,BMW,3 SERIES,BLACK,Diesel,3,2350,141000,150,24/11/2018,PARTEX,SEMI-AUTO
64508,BMW,3 SERIES,WHITE,Diesel,4,2625,129000,152,01/03/2021,TradeZone,AUTO
30579,LAND ROVER,RANGE ROVER SPORT,BLACK,Diesel,1,78100,20275,14,23/12/2019,OTHER,SEMI-AUTO
33879,PEUGEOT,508,GREY,Hybrid,1,12650,28087,55,23/03/2017,TradeZone,MANUAL
72002,LAND ROVER,RANGE ROVER SPORT,GREY,Hybrid,2,91200,4385,10,26/03/2020,TradeZone,AUTO
41374,FORD,FOCUS,BLACK,Diesel,1,7475,76330,63,31/03/2021,TradeZone,MANUAL
72358,VOLKSWAGEN,GOLF,GREY,Petrol,2,14150,40348,62,19/04/2022,TradeZone,MANUAL
88012,BMW,3 SERIES,BLACK,Diesel,5,2500,135088,152,10/11/2017,PARTEX,MANUAL
98150,KIA,CEED,BLUE,Diesel,2,12400,25000,50,26/09/2019,OTHER,MANUAL
53106,HYUNDAI,BAYON,SILVER,Petrol,2,10050,35112,41,22/09/2020,TradeZone,MANUAL
76091,FIAT,500,SILVER,Petrol,4,930,134700,188,28/06/2021,TradeZone,AUTO
54754,HYUNDAI,TUCSON,WHITE,Diesel,1,14900,38539,56,30/06/2021,TradeZone,SEMI-AUTO
31534,HYUNDAI,TUCSON,WHITE,Diesel,2,14500,43500,56,31/01/2020,TradeZone,MANUAL
82299,SKODA,FABIA,GREY,Petrol,1,18750,2758,8,02/10/2017,TradeZone,MANUAL
62943,SEAT,LEON,GREY,Petrol,1,13800,52489,40,03/09/2018,PARTEX,MANUAL
56047,FORD,FOCUS,GREY,Petrol,3,4100,38849,110,07/09/2020,TradeZone,MANUAL
39043,FIAT,PANDA,BLACK,Petrol,4,330,94020,212,09/08/2021,OTHER,MANUAL
50241,KIA,PICANTO,GREY,Petrol,2,7625,7766,62,16/03/2020,TradeZone,MANUAL
99213,FORD,FOCUS,RED,Petrol,1,9825,37305,49,17/03/2023,OTHER,MANUAL
97942,SMART,FORTWO COUPE,GREY,Electric,1,7300,9963,50,30/09/2019,OTHER,MANUAL
4186,VAUXHALL,ASTRA,ORANGE,Petrol,5,1125,125000,140,02/09/2022,TradeZone,AUTO
16040,HYUNDAI,I30,GREY,Diesel,3,2175,103000,133,29/06/2021,TradeZone,AUTO
92339,JAGUAR,F-TYPE,GREY,Petrol,2,24250,31950,71,30/06/2021,TradeZone,SEMI-AUTO
54200,MERCEDES-BENZ,A200 D,BLACK,Other,5,11250,37454,95,30/07/2021,TradeZone,MANUAL
6149,MAZDA,MX-5,WHITE,Petrol,1,18550,14709,32,07/09/2020,TradeZone,SEMI-AUTO
96371,MAZDA,MX-5,BLACK,Petrol,1,16650,20924,50,30/06/2016,PARTEX,MANUAL
4057,VOLVO,C30 SPORTS,BLUE,Petrol,2,3200,44000,152,30/04/2019,TradeZone,MANUAL
53797,FORD,FOCUS,WHITE,Diesel,2,6425,73317,70,31/12/2022,TradeZone,MANUAL
74332,KIA,SPORTAGE,GREY,Diesel,2,10250,65121,62,26/04/2019,TradeZone,AUTO
88115,KIA,SPORTAGE,BLACK,Diesel,2,13100,38613,42,05/12/2018,PARTEX,MANUAL
71247,KIA,SPORTAGE,BLACK,Diesel,2,13300,36500,44,24/08/2018,TradeZone,SEMI-AUTO
77955,VOLVO,XC60,WHITE,Diesel,1,21700,41841,49,29/06/2018,TradeZone,MANUAL
12892,VOLVO,XC60,BLACK,Diesel,1,21850,40759,49,15/02/2019,PARTEX,MANUAL
90689,HONDA,HR-V,BLACK,Petrol,1,8750,60384,82,31/05/2019,TradeZone,SEMI-AUTO
77354,MINI,HATCHBACK,GREY,Petrol,2,7825,55612,86,31/03/2020,TradeZone,MANUAL
9135,TOYOTA,COROLLA,GREY,Hybrid,2,14600,37104,56,31/03/2021,TradeZone,MANUAL
30354,AUDI,A4,BLACK,Petrol,2,15900,26991,44,25/09/2019,TradeZone,MANUAL
20124,KIA,SPORTAGE,GREY,Diesel,3,7675,62749,96,24/01/2019,TradeZone,SEMI-AUTO
2206,KIA,SPORTAGE,WHITE,Diesel,2,8250,60563,86,16/06/2021,TradeZone,MANUAL
74819,SEAT,ARONA,BLACK,Petrol,2,10800,30054,56,31/01/2021,TradeZone,MANUAL
89625,AUDI,Q3,SILVER,Petrol,1,38300,2254,9,22/09/2022,TradeZone,MANUAL
37623,VOLKSWAGEN,TIGUAN,BLUE,Diesel,3,5625,83800,116,28/01/2023,TradeZone,MANUAL
9642,MINI,COUNTRYMAN,SILVER,Diesel,3,7500,80922,95,05/01/2018,OTHER,SEMI-AUTO
15477,AUDI,A1,RED,Petrol,2,12350,36102,67,30/03/2018,TradeZone,MANUAL
10574,VOLKSWAGEN,T-CROSS,BLACK,Petrol,2,13100,35810,66,16/06/2020,TradeZone,MANUAL
87559,AUDI,A1,BLUE,Diesel,2,4050,46050,152,17/03/2023,OTHER,MANUAL
20988,NISSAN,QASHQAI,GREY,Petrol,2,10000,23250,86,27/09/2021,TradeZone,MANUAL
21169,NISSAN,QASHQAI,BLUE,Petrol,2,8450,40562,91,31/05/2019,TradeZone,MANUAL
11107,NISSAN,QASHQAI,BLUE,Petrol,3,7900,45716,94,29/06/2021,TradeZone,AUTO
49755,KIA,OPTIMA,BLACK,Diesel,2,6175,58930,83,17/06/2021,TradeZone,AUTO
57074,FORD,C-MAX,BLUE,Diesel,6,250,163000,208,21/06/2021,TradeZone,SEMI-AUTO
86386,VAUXHALL,ZAFIRA,GREY,Petrol,3,3550,52000,120,14/02/2020,TradeZone,MANUAL
90925,SKODA,KAROQ,GREY,Petrol,2,14300,37871,23,21/03/2020,TradeZone,MANUAL
90217,KIA,NIRO,BLUE,Hybrid,1,21700,9479,25,17/03/2017,TradeZone,AUTO
87599,PEUGEOT,107,WHITE,Petrol,2,960,140125,143,13/03/2020,TradeZone,MANUAL
90079,KIA,E-NIRO,BLUE,Electric,1,13450,51269,50,13/03/2023,OTHER,MANUAL
61035,KIA,E-NIRO,ORANGE,Electric,1,16500,19500,50,13/10/2020,TradeZone,SEMI-AUTO
30742,KIA,E-NIRO,WHITE,Electric,1,14200,43489,50,20/08/2021,TradeZone,MANUAL
895,KIA,E-NIRO,WHITE,Electric,1,13650,58407,38,30/07/2017,TradeZone,SEMI-AUTO
57528,KIA,E-NIRO,BLUE,Electric,1,12100,69372,50,27/06/2019,TradeZone,SEMI-AUTO
67988,KIA,E-NIRO,BLUE,Electric,1,12350,66251,50,29/06/2021,TradeZone,AUTO
65096,KIA,E-NIRO,GREY,Electric,1,15900,25541,50,30/06/2021,TradeZone,AUTO
81940,KIA,E-NIRO,WHITE,Electric,1,12950,55073,51,22/06/2021,TradeZone,SEMI-AUTO
96789,KIA,E-NIRO,BLUE,Electric,1,14900,38460,42,12/07/2022,TradeZone,AUTO
84082,CITROEN,C1,BLACK,Petrol,4,700,93990,194,03/02/2021,TradeZone,AUTO
97198,BMW,5 SERIES,RED,Diesel,1,23850,22150,55,15/02/2021,OTHER,MANUAL
36309,MG,ZS,WHITE,Petrol,1,13950,6000,14,31/07/2019,TradeZone,MANUAL
17977,MG,ZS,BLACK,Petrol,2,10250,38554,50,11/09/2017,TradeZone,MANUAL
67287,MG,ZS,GREY,Petrol,2,10900,29682,44,16/04/2019,TradeZone,SEMI-AUTO
41761,MG,ZS,GREY,Petrol,1,10950,35957,34,06/08/2021,TradeZone,MANUAL
15514,NISSAN,QASHQAI,GREY,Petrol,2,9650,54300,86,30/06/2020,TradeZone,MANUAL
98045,NISSAN,QASHQAI,BLACK,Petrol,2,8200,72867,87,08/09/2020,OTHER,AUTO
3548,FORD,C-MAX,BLACK,Petrol,2,4075,58111,101,30/06/2021,TradeZone,SEMI-AUTO
40060,JAGUAR,XE,BLACK,Petrol,1,19700,31598,50,30/06/2021,TradeZone,AUTO
41318,SKODA,OCTAVIA,BLACK,Diesel,2,3275,101801,136,30/06/2021,TradeZone,MANUAL
7362,VAUXHALL,CROSSLAND,WHITE,Petrol,2,5825,74359,50,28/01/2020,TradeZone,MANUAL
18137,FORD,MONDEO,BLACK,Hybrid,2,6675,88663,81,12/02/2021,TradeZone,AUTO
33943,ALFA ROMEO,MITO,WHITE,Petrol,6,670,108000,182,27/05/2016,PARTEX,MANUAL
6533,VOLVO,V90,BLACK,Petrol,2,14950,63636,69,01/03/2019,OTHER,MANUAL
43232,BMW,1 SERIES,BLUE,Diesel,2,5925,63083,92,29/04/2019,TradeZone,SEMI-AUTO
7738,FORD,FOCUS,BLUE,Diesel,2,10900,34085,58,24/05/2021,TradeZone,AUTO
635,NISSAN,MICRA,GREY,Petrol,3,590,130268,190,11/09/2020,TradeZone,MANUAL
78505,KIA,CEED,GREY,Diesel,5,3250,101048,115,27/02/2018,TradeZone,SEMI-AUTO
87371,SUZUKI,SWIFT,BLACK,Petrol,1,8050,31166,55,17/12/2018,TradeZone,MANUAL
79878,VOLKSWAGEN,TAIGO,WHITE,Petrol,1,15250,22963,34,13/03/2020,TradeZone,AUTO
2862,SUZUKI,SWACE,BLUE,Hybrid,1,13200,33084,38,04/03/2021,TradeZone,SEMI-AUTO
13959,SUZUKI,SWACE,BLUE,Hybrid,3,11550,43685,54,24/03/2022,TradeZone,AUTO
10595,VOLKSWAGEN,POLO,GREY,Petrol,6,4250,68000,175,20/09/2017,TradeZone,SEMI-AUTO
23786,FORD,EDGE,SILVER,Diesel,4,6450,144000,97,23/10/2019,TradeZone,MANUAL
9550,FORD,EDGE,BLACK,Diesel,2,10750,68364,96,22/09/2020,TradeZone,AUTO
56514,AUDI,E-TRON,ORANGE,Electric,2,22250,34490,50,30/06/2021,OTHER,MANUAL
77970,DS,DS 3 CROSSBACK,BLACK,Diesel,2,10450,27453,65,25/07/2022,TradeZone,AUTO
94658,DACIA,DUSTER,WHITE,Petrol,2,4325,76272,74,01/03/2018,TradeZone,MANUAL
48719,VAUXHALL,MOKKA X,GREY,Petrol,2,4500,44500,101,15/03/2019,TradeZone,SEMI-AUTO
77033,HONDA,HONDA E,BLACK,Electric,2,13350,9486,53,05/07/2018,PARTEX,MANUAL
58888,SKODA,KAMIQ,GREY,Petrol,1,11100,9839,37,11/06/2020,TradeZone,MANUAL
60023,MINI,HATCHBACK,BLUE,Diesel,4,3875,52398,116,02/10/2019,TradeZone,MANUAL
77636,HYUNDAI,SANTA FE,BLACK,Hybrid,1,25300,31602,38,24/09/2020,OTHER,SEMI-AUTO
2684,TOYOTA,YARIS,WHITE,Petrol,4,2050,56000,218,30/06/2021,TradeZone,SEMI-AUTO
37701,SKODA,FABIA,BLUE,Petrol,1,16550,1725,7,28/06/2021,TradeZone,AUTO
10467,VOLKSWAGEN,TIGUAN,RED,Petrol,2,19550,28150,62,22/03/2021,TradeZone,MANUAL
73642,NISSAN,JUKE,WHITE,Petrol,2,7800,16739,77,15/09/2017,TradeZone,AUTO
76720,NISSAN,JUKE,GREY,Petrol,3,4650,75274,82,31/01/2023,TradeZone,MANUAL
76842,VOLKSWAGEN,GOLF,WHITE,Diesel,1,17650,41200,32,31/08/2021,TradeZone,MANUAL
71917,SEAT,IBIZA,GREY,Petrol,3,,50000,260,31/03/2018,TradeZone,SEMI-AUTO
9033,VAUXHALL,CORSA-E,BLACK,Electric,1,10250,27088,37,09/08/2019,TradeZone,AUTO
79046,VAUXHALL,CORSA-E,WHITE,Electric,1,8450,58581,36,14/09/2019,TradeZone,MANUAL
23034,KIA,PICANTO,BLACK,Petrol,4,6950,11016,71,29/04/2021,TradeZone,AUTO
21695,KIA,PICANTO,BLACK,Petrol,2,5450,35489,94,14/09/2017,TradeZone,AUTO
91306,KIA,PICANTO,BLACK,Petrol,3,5525,40041,81,26/06/2019,TradeZone,MANUAL
93349,KIA,PICANTO,GREY,Petrol,3,5975,31300,80,31/01/2020,PARTEX,SEMI-AUTO
36741,KIA,PICANTO,ORANGE,Petrol,3,6575,17137,76,10/05/2021,TradeZone,MANUAL
35249,NISSAN,QASHQAI,BLACK,Petrol,4,2475,68168,147,31/03/2021,TradeZone,MANUAL
42399,AUDI,A1,BLACK,Petrol,2,17750,18000,49,23/09/2016,TradeZone,MANUAL
11648,HYUNDAI,TUCSON,GREY,Petrol,1,16750,25616,73,09/09/2020,TradeZone,MANUAL
52760,TOYOTA,YARIS,BLUE,Hybrid,4,9225,38188,107,25/06/2019,PARTEX,MANUAL
38012,VOLKSWAGEN,ID.3,GREY,Electric,1,20350,2835,17,31/01/2023,TradeZone,MANUAL
51801,FORD,FIESTA,BLACK,Petrol,2,4925,49500,86,31/07/2018,TradeZone,AUTO
4138,FORD,FIESTA,ORANGE,Petrol,3,6375,16497,77,26/06/2020,TradeZone,MANUAL
2491,FORD,FIESTA,GREY,Petrol,2,4750,56000,77,16/09/2015,PARTEX,MANUAL
67583,PEUGEOT,108,GREY,Petrol,2,2025,106431,124,30/09/2019,TradeZone,MANUAL
82352,VAUXHALL,CORSA,GREY,Petrol,3,1650,89753,132,31/10/2020,TradeZone,AUTO
56122,NISSAN,JUKE,BLACK,Diesel,3,4325,78789,92,20/12/2021,TradeZone,MANUAL
69105,NISSAN,JUKE,BLACK,Diesel,2,2900,117600,91,31/10/2021,TradeZone,AUTO
39633,VOLVO,XC90,WHITE,Petrol,2,31600,15374,56,31/03/2017,OTHER,MANUAL
31722,KIA,PROCEED,BLUE,Petrol,2,14300,26656,67,01/09/2015,PARTEX,MANUAL
71895,SKODA,FABIA,SILVER,Petrol,1,17150,6991,8,30/03/2018,TradeZone,MANUAL
21404,AUDI,A5,SILVER,Diesel,6,5750,99500,140,29/04/2021,TradeZone,AUTO
8648,SKODA,FABIA,GREY,Diesel,2,430,169695,187,30/09/2021,TradeZone,MANUAL
83976,DACIA,SANDERO,ORANGE,Petrol,3,4400,22679,84,12/03/2020,TradeZone,MANUAL
23868,VOLKSWAGEN,GOLF,BLACK,Petrol,2,6525,74895,101,22/06/2020,TradeZone,MANUAL
2946,MERCEDES-BENZ,C-CLASS,GREY,Petrol,3,2875,96605,182,30/09/2019,PARTEX,MANUAL
4902,LAND ROVER,RANGE ROVER VELAR,BLACK,Diesel,1,18600,72743,54,20/08/2021,TradeZone,SEMI-AUTO
85914,LAND ROVER,RANGE ROVER VELAR,BLACK,Diesel,2,17500,62987,80,25/01/2019,PARTEX,AUTO
79604,AUDI,A1,BLUE,Diesel,2,9675,46873,92,31/01/2023,TradeZone,MANUAL
87723,PEUGEOT,308,GREY,Petrol,3,4100,52726,99,31/01/2023,TradeZone,MANUAL
8165,PEUGEOT,208,WHITE,Petrol,2,2275,57533,130,09/05/2018,PARTEX,MANUAL
18315,MINI,HATCHBACK,BLACK,Diesel,4,2325,154800,110,31/03/2021,TradeZone,MANUAL
70106,BMW,X5,GREY,Hybrid,2,13700,71535,106,13/11/2019,TradeZone,SEMI-AUTO
98306,MINI,HATCHBACK,GREY,Petrol,2,5525,48006,99,22/10/2020,TradeZone,AUTO
52416,MINI,HATCHBACK,BLACK,Petrol,2,5950,34228,104,30/09/2021,TradeZone,AUTO
90565,MINI,HATCHBACK,WHITE,Petrol,2,5125,69801,91,23/03/2017,TradeZone,MANUAL
48543,MINI,HATCHBACK,BLACK,Petrol,4,6075,38648,98,01/03/2019,TradeZone,MANUAL
78056,MINI,HATCHBACK,SILVER,Petrol,2,5150,64649,97,12/03/2020,TradeZone,AUTO
12195,VAUXHALL,CORSA,GREY,Petrol,3,2675,70415,110,12/11/2020,TradeZone,SEMI-AUTO
69964,VAUXHALL,CORSA,BLUE,Petrol,3,4000,36731,95,08/09/2021,TradeZone,MANUAL
80248,TOYOTA,COROLLA TOURING SPORT,WHITE,Petrol,2,8775,72943,62,27/09/2022,PARTEX,AUTO
27957,LAND ROVER,DEFENDER,WHITE,Diesel,1,60200,21787,14,31/03/2021,TradeZone,SEMI-AUTO
84616,JAGUAR,F-PACE,RED,Diesel,2,15650,53662,62,07/09/2020,TradeZone,MANUAL
17514,JAGUAR,F-PACE,BLUE,Diesel,2,16250,47200,62,11/08/2016,TradeZone,MANUAL
81419,JAGUAR,F-PACE,GREY,Diesel,2,12950,63439,85,31/01/2023,TradeZone,MANUAL
9688,JAGUAR,F-PACE,GREY,Diesel,3,17750,26301,68,31/01/2023,TradeZone,MANUAL
3061,VAUXHALL,ASTRA,BLACK,Diesel,5,4450,72717,96,22/04/2021,TradeZone,AUTO
32886,VOLKSWAGEN,POLO,BLACK,Petrol,2,7125,61500,95,31/03/2021,TradeZone,MANUAL
71438,VOLVO,XC40,WHITE,Petrol,2,21200,29043,52,28/03/2023,OTHER,MANUAL
42986,VOLVO,XC40,GREY,Petrol,3,20550,29331,59,08/12/2017,TradeZone,MANUAL
61776,VOLVO,XC40,GREY,Petrol,2,20650,32011,55,12/10/2020,TradeZone,MANUAL
98102,KIA,SPORTAGE,BLACK,Hybrid,1,22150,32000,38,30/09/2020,TradeZone,AUTO
83503,AUDI,E-TRON,WHITE,Electric,2,15300,47593,56,08/11/2021,TradeZone,MANUAL
59296,AUDI,E-TRON,GREY,Electric,2,15000,61326,41,29/04/2022,TradeZone,AUTO
84530,AUDI,E-TRON,WHITE,Electric,1,17750,24658,49,30/09/2017,TradeZone,MANUAL
86841,VOLVO,XC40,WHITE,Electric,1,29800,9981,15,31/12/2018,TradeZone,MANUAL
14573,VOLVO,XC40,WHITE,Electric,1,26400,31052,19,23/09/2019,TradeZone,SEMI-AUTO
89338,FIAT,500,WHITE,Petrol,1,8400,12236,48,30/09/2019,TradeZone,AUTO
34702,VOLKSWAGEN,TIGUAN,BLACK,Petrol,1,15050,38500,50,31/03/2021,TradeZone,SEMI-AUTO
56430,VAUXHALL,CORSA-E,BLACK,Electric,1,10200,14078,48,20/03/2020,TradeZone,MANUAL
52852,VAUXHALL,CORSA-E,WHITE,Electric,1,9200,30118,46,17/06/2020,TradeZone,AUTO
89431,VAUXHALL,CORSA-E,SILVER,Electric,2,10300,16251,44,14/03/2022,TradeZone,AUTO
44207,JAGUAR,XJ,BLACK,Diesel,4,9250,76500,116,01/09/2019,TradeZone,AUTO
1227,MINI,HATCHBACK,GREY,Petrol,1,7750,70966,73,30/09/2019,TradeZone,AUTO
96365,MERCEDES-BENZ,A-CLASS,WHITE,Petrol,2,12500,49568,83,03/09/2020,TradeZone,MANUAL
6485,TOYOTA,COROLLA TOURING SPORT,SILVER,Hybrid,2,12600,54581,68,29/07/2019,TradeZone,SEMI-AUTO
32401,TOYOTA,COROLLA TOURING SPORT,GREY,Hybrid,1,14850,37113,48,31/01/2023,TradeZone,MANUAL
1816,TOYOTA,COROLLA TOURING SPORT,RED,Hybrid,2,15050,44100,38,29/11/2018,TradeZone,MANUAL
77213,TOYOTA,COROLLA TOURING SPORT,BLACK,Hybrid,1,18250,12839,28,09/09/2020,TradeZone,MANUAL
48470,TOYOTA,COROLLA TOURING SPORT,BROWN,Hybrid,2,16500,22838,40,09/04/2021,TradeZone,MANUAL
27731,CITROEN,C3,BLUE,Diesel,2,4750,74935,75,07/04/2021,TradeZone,AUTO
26038,LAND ROVER,RANGE ROVER EVOQUE,BEIGE,Diesel,1,17100,24608,64,07/03/2020,TradeZone,MANUAL
68259,LAND ROVER,RANGE ROVER EVOQUE,WHITE,Diesel,1,13850,74781,65,30/09/2019,TradeZone,MANUAL
55457,LAND ROVER,RANGE ROVER EVOQUE,RED,Diesel,2,15850,40629,68,26/09/2019,TradeZone,SEMI-AUTO
9429,LAND ROVER,RANGE ROVER EVOQUE,RED,Diesel,2,16350,32142,65,27/09/2019,TradeZone,MANUAL
35067,LAND ROVER,RANGE ROVER EVOQUE,GREY,Diesel,1,14250,78666,56,29/09/2020,TradeZone,AUTO
60487,LAND ROVER,RANGE ROVER EVOQUE,RED,Diesel,3,16850,37229,56,31/07/2019,TradeZone,MANUAL
44248,NISSAN,QASHQAI,BLACK,Petrol,2,5975,50886,94,31/01/2023,TradeZone,MANUAL
4974,NISSAN,QASHQAI,WHITE,Petrol,4,7075,39000,82,31/07/2018,TradeZone,MANUAL
67857,FORD,FIESTA,WHITE,Petrol,1,2575,88000,186,22/03/2021,TradeZone,MANUAL
87265,FORD,KUGA,BLACK,Petrol,4,11300,19264,80,31/10/2019,OTHER,SEMI-AUTO
42210,FORD,KUGA,BLUE,Petrol,3,8675,59336,74,30/11/2019,TradeZone,MANUAL
50989,FORD,KUGA,BLUE,Petrol,3,10750,33000,68,10/12/2021,PARTEX,SEMI-AUTO
27660,FORD,KUGA,WHITE,Petrol,2,10100,42746,66,19/09/2017,TradeZone,MANUAL
47405,VAUXHALL,GRANDLAND X,SILVER,Diesel,2,8150,68079,74,30/06/2019,TradeZone,SEMI-AUTO
76232,VAUXHALL,CROSSLAND X,WHITE,Petrol,1,8550,24303,50,10/07/2020,TradeZone,AUTO
96673,VAUXHALL,CROSSLAND X,WHITE,Petrol,1,6225,61215,53,28/03/2023,OTHER,MANUAL
20845,HONDA,CIVIC,WHITE,Petrol,2,11500,33713,77,19/06/2020,TradeZone,AUTO
42637,VOLVO,V40,BLUE,Diesel,4,8000,52519,88,30/09/2021,TradeZone,AUTO
48123,AUDI,A1,WHITE,Petrol,4,14500,31800,83,24/09/2021,TradeZone,MANUAL
11447,FORD,FIESTA,BLUE,Petrol,2,3100,87974,106,19/06/2018,TradeZone,MANUAL
78767,HYUNDAI,TUCSON,GREY,Petrol,3,8775,65307,80,26/08/2021,TradeZone,AUTO
96092,HYUNDAI,TUCSON,BLUE,Petrol,1,11200,32347,64,06/03/2020,TradeZone,MANUAL
76107,HYUNDAI,TUCSON,GREY,Petrol,2,9025,60049,78,31/03/2021,TradeZone,MANUAL
7143,HYUNDAI,TUCSON,WHITE,Petrol,2,10100,50285,68,21/11/2019,TradeZone,MANUAL
93976,HYUNDAI,TUCSON,RED,Petrol,3,9825,46173,75,20/06/2019,PARTEX,AUTO
6439,FORD,FIESTA,GREY,Petrol,3,3975,55450,96,31/01/2023,TradeZone,MANUAL
16640,DS,DS 3,GREY,Petrol,4,4400,47825,92,31/01/2023,TradeZone,MANUAL
56733,RENAULT,KADJAR,BLACK,Petrol,1,12050,16819,49,13/11/2017,TradeZone,SEMI-AUTO
44116,TOYOTA,AYGO,GREY,Petrol,2,8400,7258,73,20/11/2017,PARTEX,MANUAL
11199,CITROEN,C3,GREY,Petrol,3,4825,42680,94,30/09/2019,TradeZone,MANUAL
74676,CITROEN,C3,BLACK,Petrol,3,3900,76899,94,09/11/2020,TradeZone,AUTO
50864,CITROEN,C3,BLUE,Petrol,3,4375,57662,98,02/03/2018,TradeZone,MANUAL
16538,CITROEN,C3,GREY,Petrol,3,4775,44384,95,08/03/2021,TradeZone,SEMI-AUTO
77081,CITROEN,C3,ORANGE,Petrol,2,5400,33561,86,10/09/2020,TradeZone,MANUAL
7573,CITROEN,C3,GREY,Petrol,1,6125,21189,73,10/09/2021,TradeZone,AUTO
96487,CITROEN,C3,ORANGE,Petrol,2,4025,74239,92,30/09/2021,TradeZone,AUTO
16580,CITROEN,C3,BLACK,Petrol,1,5675,30317,75,01/03/2019,TradeZone,MANUAL
72966,CITROEN,C3,SILVER,Petrol,2,4675,64500,70,30/06/2020,TradeZone,AUTO
52236,CITROEN,C3,GREY,Petrol,1,5025,52808,71,27/03/2021,TradeZone,SEMI-AUTO
11178,PEUGEOT,2008,BLUE,Diesel,3,2600,102000,122,03/06/2021,TradeZone,MANUAL
41896,MERCEDES-BENZ,GLE COUPE,BLACK,Petrol,3,21200,73700,91,29/03/2019,TradeZone,MANUAL
85300,AUDI,A3,BLUE,Diesel,2,12850,53461,56,24/06/2021,TradeZone,SEMI-AUTO
47444,BMW,3 SERIES,WHITE,Petrol,2,6025,63000,96,08/09/2018,TradeZone,MANUAL
45992,BMW,3 SERIES,GREY,Petrol,2,6600,55000,90,31/01/2023,TradeZone,MANUAL
3084,BMW,3 SERIES,GREY,Petrol,2,6025,63000,95,31/01/2023,TradeZone,MANUAL
54907,DACIA,SANDERO,GREY,Petrol,1,9500,16932,32,31/01/2023,TradeZone,MANUAL
15131,DACIA,SANDERO,BEIGE,Petrol,1,9575,8886,39,06/07/2020,TradeZone,MANUAL
50843,FORD,FIESTA,WHITE,Diesel,4,1025,101000,186,27/06/2020,TradeZone,AUTO
19183,HONDA,CR-V,WHITE,Petrol,3,4800,100587,157,28/03/2023,OTHER,MANUAL
20865,HONDA,CR-V,BLUE,Petrol,3,4900,88900,165,27/10/2018,TradeZone,MANUAL
24503,LAND ROVER,RANGE ROVER EVOQUE,RED,Diesel,3,5000,100000,122,28/01/2021,TradeZone,AUTO
26941,FORD,FIESTA,BLUE,Petrol,3,,63400,263,10/03/2017,PARTEX,MANUAL
66721,PEUGEOT,208,BLUE,Petrol,5,3700,47057,101,29/10/2019,PARTEX,MANUAL
52225,MITSUBISHI,OUTLANDER,SILVER,Hybrid,3,11500,48333,86,24/04/2015,PARTEX,MANUAL
57452,BMW,X1,BLUE,Diesel,3,10700,67460,96,19/06/2020,TradeZone,AUTO
18693,FORD,FIESTA,GREY,Petrol,2,6900,51518,73,12/04/2021,TradeZone,AUTO
62756,FORD,FIESTA,GREY,Petrol,3,7900,34305,72,02/11/2020,TradeZone,SEMI-AUTO
62123,FORD,FIESTA,GREY,Petrol,3,6400,57550,80,02/10/2019,TradeZone,AUTO
27919,BMW,3 SERIES,SILVER,Hybrid,1,17950,61175,50,12/03/2020,TradeZone,MANUAL
20806,BMW,3 SERIES,BLACK,Hybrid,1,21850,25000,52,17/04/2019,TradeZone,MANUAL
11002,BMW,3 SERIES,WHITE,Hybrid,2,18300,52956,53,07/09/2017,TradeZone,AUTO
45591,TOYOTA,AYGO X,SILVER,Petrol,2,13200,7567,20,14/09/2020,TradeZone,AUTO
82018,BMW,X1,GREY,Petrol,2,16950,58949,59,03/09/2018,TradeZone,MANUAL
24040,AUDI,A5,WHITE,Petrol,2,16850,46921,62,31/03/2021,TradeZone,MANUAL
41466,VAUXHALL,CORSA,BLACK,Petrol,1,14250,29342,23,21/09/2018,TradeZone,MANUAL
9677,VAUXHALL,CORSA,BLUE,Petrol,2,11950,48765,38,31/10/2018,PARTEX,MANUAL
30622,DS,DS 3,BLUE,Petrol,4,4175,60261,116,31/10/2021,TradeZone,AUTO
44801,LAND ROVER,DISCOVERY SPORT,BLACK,Diesel,1,21250,54881,50,30/09/2020,TradeZone,MANUAL
35943,LAND ROVER,DISCOVERY SPORT,GREY,Diesel,1,21550,39244,58,30/09/2022,TradeZone,MANUAL
95838,PEUGEOT,5008,BLUE,Petrol,1,17750,17152,50,26/06/2020,TradeZone,MANUAL
13772,VAUXHALL,CORSA,SILVER,Petrol,7,470,109000,182,13/01/2020,TradeZone,AUTO
35623,HYUNDAI,IONIQ,BLACK,Hybrid,1,14100,30600,62,16/07/2019,TradeZone,MANUAL
55139,HYUNDAI,IONIQ,BLACK,Hybrid,1,12750,47273,57,15/05/2018,TradeZone,MANUAL
68846,TOYOTA,AYGO,GREY,Petrol,1,5325,57000,116,19/08/2020,TradeZone,SEMI-AUTO
91024,CITROEN,C3,GREY,Petrol,1,8700,45892,37,08/12/2016,PARTEX,MANUAL
31469,CITROEN,C3,SILVER,Petrol,1,9500,31017,37,30/11/2020,TradeZone,MANUAL
24350,JAGUAR,E-PACE,WHITE,Diesel,2,9300,75560,78,31/12/2021,TradeZone,AUTO
20550,FORD,KA+,GREY,Petrol,3,6200,35433,80,27/04/2021,TradeZone,SEMI-AUTO
40381,VAUXHALL,CORSA,WHITE,Petrol,3,6250,36673,74,30/04/2021,TradeZone,AUTO
59319,VAUXHALL,CORSA,GREY,Petrol,2,5675,39511,82,30/06/2021,OTHER,SEMI-AUTO
73884,MERCEDES-BENZ,CLA,BLUE,Diesel,1,21350,24346,62,24/05/2021,TradeZone,SEMI-AUTO
71293,HYUNDAI,KONA,BLACK,Electric,1,14350,21348,38,27/09/2021,OTHER,MANUAL
9231,HYUNDAI,KONA,BLACK,Electric,1,14450,20415,38,23/02/2022,TradeZone,AUTO
83022,HYUNDAI,KONA,BLACK,Electric,1,10600,62654,48,10/06/2016,PARTEX,MANUAL
10700,HYUNDAI,KONA,GREY,Electric,1,12850,31784,49,27/06/2018,TradeZone,MANUAL
61226,HYUNDAI,KONA,BLACK,Electric,1,14100,24762,37,28/05/2021,TradeZone,SEMI-AUTO
10791,HYUNDAI,KONA,BLACK,Electric,1,13550,28151,39,31/01/2018,TradeZone,MANUAL
72483,HYUNDAI,KONA,RED,Electric,1,12950,35220,39,19/01/2018,TradeZone,MANUAL
46024,HYUNDAI,KONA,GREY,Electric,1,13950,23257,39,20/11/2018,TradeZone,MANUAL
13785,HYUNDAI,KONA,GREEN,Electric,1,14450,20376,37,31/12/2019,TradeZone,MANUAL
10210,HYUNDAI,KONA,SILVER,Electric,1,12250,39632,48,28/10/2020,TradeZone,AUTO
15252,HYUNDAI,KONA,RED,Electric,1,11900,52526,38,12/02/2021,TradeZone,MANUAL
56376,TOYOTA,YARIS,GREY,Petrol,3,2700,101840,140,08/12/2020,TradeZone,AUTO
89498,RENAULT,ZOE,BLACK,Electric,2,8250,25000,62,11/01/2022,TradeZone,MANUAL
48246,RENAULT,ZOE,BLUE,Electric,1,7750,38094,53,12/06/2017,OTHER,SEMI-AUTO
16694,RENAULT,ZOE,SILVER,Electric,2,7700,39422,54,27/05/2021,OTHER,MANUAL
11021,VOLKSWAGEN,UP!,GREY,Petrol,3,5450,57000,92,28/09/2017,OTHER,MANUAL
17592,SKODA,FABIA,BLACK,Petrol,1,13000,15618,38,30/09/2020,TradeZone,MANUAL
36534,DACIA,DUSTER,GREY,Petrol,1,8775,43091,74,11/10/2021,TradeZone,MANUAL
73852,RENAULT,KADJAR,RED,Petrol,3,8025,32207,92,11/10/2021,OTHER,MANUAL
46208,FORD,KUGA,WHITE,Diesel,2,8175,60248,86,28/09/2021,TradeZone,AUTO
22350,VOLKSWAGEN,TIGUAN,WHITE,Hybrid,1,20800,30377,38,17/11/2021,TradeZone,AUTO
22107,FORD,FOCUS,BLACK,Petrol,3,1825,79000,154,31/05/2019,PARTEX,AUTO
79925,MERCEDES-BENZ,CLA,BRONZE,Petrol,2,18200,66296,54,30/04/2019,TradeZone,MANUAL
87201,SUBARU,XV,WHITE,Petrol,4,12250,38100,77,30/06/2021,TradeZone,AUTO
66677,NISSAN,QASHQAI,GREY,Petrol,3,1750,87400,175,09/07/2021,TradeZone,MANUAL
60503,VAUXHALL,ASTRA,RED,Petrol,3,4950,49463,88,24/11/2015,TradeZone,MANUAL
56920,KIA,RIO,WHITE,Petrol,1,11400,22055,37,31/01/2018,TradeZone,MANUAL
45238,AUDI,Q7,GREY,Diesel,4,4075,132765,149,25/01/2022,TradeZone,AUTO
21810,MINI,COUNTRYMAN,BLUE,Hybrid,1,12400,79308,52,31/12/2021,TradeZone,MANUAL
48650,MINI,HATCHBACK,BLACK,Electric,1,7700,43022,50,12/08/2019,TradeZone,AUTO
9435,TOYOTA,YARIS CROSS,WHITE,Hybrid,1,19700,19661,38,21/06/2016,PARTEX,MANUAL
3435,TOYOTA,YARIS CROSS,WHITE,Hybrid,1,19200,28606,30,31/03/2021,TradeZone,MANUAL
43576,MERCEDES-BENZ,A-CLASS,RED,Diesel,3,15600,30268,67,01/11/2019,TradeZone,MANUAL
43,MERCEDES-BENZ,A-CLASS,WHITE,Diesel,2,13000,51917,82,06/12/2019,TradeZone,MANUAL
42874,MERCEDES-BENZ,A-CLASS,RED,Diesel,2,15450,36068,58,27/01/2021,TradeZone,MANUAL
99946,NISSAN,LEAF,BLUE,Electric,2,8800,20420,49,18/12/2020,TradeZone,MANUAL
95976,NISSAN,LEAF,SILVER,Electric,1,8375,34030,39,30/06/2018,TradeZone,MANUAL
5131,NISSAN,LEAF,GREY,Electric,2,6175,68087,59,10/10/2019,TradeZone,SEMI-AUTO
52635,NISSAN,LEAF,BLACK,Electric,1,8800,23749,41,28/06/2017,TradeZone,MANUAL
16672,NISSAN,LEAF,BLACK,Electric,1,9100,20036,39,28/01/2019,TradeZone,AUTO
44914,NISSAN,LEAF,GREY,Electric,1,8900,27303,37,16/08/2019,PARTEX,MANUAL
6137,NISSAN,LEAF,RED,Electric,2,7200,44978,62,15/06/2018,TradeZone,MANUAL
85365,NISSAN,LEAF,WHITE,Electric,1,9925,9290,37,05/06/2018,TradeZone,MANUAL
14592,NISSAN,LEAF,WHITE,Electric,2,7225,30577,80,30/11/2020,TradeZone,MANUAL
80360,NISSAN,LEAF,BLUE,Electric,1,8850,19656,50,01/03/2018,TradeZone,MANUAL
91178,VOLKSWAGEN,TIGUAN ALLSPACE,BLACK,Petrol,1,17400,44999,50,30/06/2017,TradeZone,MANUAL
51509,TOYOTA,YARIS,BLUE,Hybrid,2,10150,40985,82,09/06/2018,TradeZone,MANUAL
79630,TOYOTA,AYGO,BLACK,Petrol,2,8350,53000,68,30/06/2021,TradeZone,AUTO
89839,VAUXHALL,CORSA,ORANGE,Diesel,8,480,106000,190,24/06/2022,TradeZone,MANUAL
31664,BMW,3 SERIES,BLUE,Hybrid,1,13400,67558,50,16/03/2022,TradeZone,AUTO
65985,BMW,3 SERIES,GREY,Hybrid,1,13400,73477,40,25/09/2020,TradeZone,AUTO
27031,FORD,FOCUS,WHITE,Petrol,2,13150,11414,49,27/09/2021,TradeZone,MANUAL
2605,MERCEDES-BENZ,GLA,WHITE,Diesel,3,12600,60538,88,31/07/2016,TradeZone,SEMI-AUTO
10148,KIA,XCEED,BLUE,Petrol,2,10900,41500,67,31/07/2018,TradeZone,MANUAL
70001,SEAT,LEON,BLACK,Hybrid,3,13650,39381,47,28/03/2019,OTHER,MANUAL
88913,NISSAN,QASHQAI,WHITE,Petrol,1,16100,44374,41,13/08/2020,TradeZone,AUTO
5410,TOYOTA,COROLLA,SILVER,Hybrid,2,14600,53847,56,27/07/2020,TradeZone,AUTO
20686,TOYOTA,COROLLA,BLUE,Hybrid,2,13850,56079,63,18/12/2019,TradeZone,AUTO
3722,VOLVO,XC60,BLUE,Petrol,1,24800,32216,53,31/10/2020,TradeZone,MANUAL
16070,VOLKSWAGEN,T-ROC,WHITE,Petrol,1,16500,25727,29,24/09/2020,OTHER,AUTO
20268,VOLVO,V40,GREY,Diesel,3,11200,43661,74,11/05/2018,TradeZone,MANUAL
3971,VOLVO,V40,BLUE,Diesel,2,10050,55307,70,30/06/2021,TradeZone,SEMI-AUTO
4174,JAGUAR,E-PACE,WHITE,Diesel,2,10350,64076,76,12/04/2022,TradeZone,MANUAL
10351,PEUGEOT,208,RED,Petrol,3,4750,41130,83,02/10/2020,TradeZone,SEMI-AUTO
35892,PEUGEOT,208,GREY,Petrol,2,3625,47650,113,30/09/2020,TradeZone,AUTO
31987,KIA,SPORTAGE,GREY,Diesel,2,12400,32444,78,31/08/2017,TradeZone,MANUAL
87518,BMW,X2,BLACK,Diesel,3,14550,63638,67,29/04/2019,TradeZone,MANUAL
66021,RENAULT,KADJAR,WHITE,Petrol,1,11700,28386,59,20/05/2021,TradeZone,AUTO
61188,VOLKSWAGEN,TOUAREG,BLACK,Diesel,1,21750,61754,58,15/06/2021,TradeZone,AUTO
41206,FIAT,GRANDE PUNTO,GREY,Petrol,10,260,130709,211,31/05/2021,TradeZone,SEMI-AUTO
48448,MAZDA,CX-5,BLACK,Petrol,1,16200,23426,54,12/01/2018,PARTEX,MANUAL
22203,SEAT,IBIZA,GREY,Petrol,2,7500,36983,83,18/02/2020,TradeZone,SEMI-AUTO
28986,LAND ROVER,DISCOVERY SPORT,WHITE,Diesel,1,20950,71677,56,08/05/2017,TradeZone,SEMI-AUTO
82137,VOLKSWAGEN,SHARAN,RED,Diesel,3,10150,85000,98,25/05/2018,TradeZone,MANUAL
48283,VOLVO,XC40,BLUE,Petrol,1,27100,26694,29,01/06/2018,TradeZone,SEMI-AUTO
73513,MINI,HATCHBACK,GREY,Petrol,1,11300,12734,59,31/03/2021,TradeZone,MANUAL
74733,MINI,HATCHBACK,BLACK,Petrol,2,8600,51100,75,10/06/2021,TradeZone,SEMI-AUTO
17123,SUZUKI,SWIFT,RED,Petrol,2,5100,42264,98,13/12/2019,TradeZone,MANUAL
66774,VOLKSWAGEN,T-ROC,GREY,Diesel,2,12650,31873,66,31/12/2020,TradeZone,MANUAL
90970,VOLKSWAGEN,T-ROC,WHITE,Diesel,2,10900,60920,68,14/12/2020,TradeZone,SEMI-AUTO
86053,SEAT,LEON,RED,Diesel,3,3675,115700,131,19/03/2018,PARTEX,MANUAL
7168,AUDI,A3,WHITE,Diesel,2,5650,75000,121,10/03/2020,TradeZone,AUTO
7752,CITROEN,C1,WHITE,Petrol,4,3600,32008,107,28/07/2020,TradeZone,AUTO
13967,CITROEN,C1,BLACK,Petrol,3,3225,58183,97,22/05/2023,OTHER,MANUAL
49932,CITROEN,C1,BLACK,Petrol,2,4025,30000,92,27/11/2015,PARTEX,MANUAL
79092,MINI,COUNTRYMAN,GREY,Diesel,2,7875,69573,90,06/04/2022,TradeZone,SEMI-AUTO
56910,HYUNDAI,TUCSON,GREY,Hybrid,2,17600,29419,48,30/07/2018,PARTEX,MANUAL
66647,VOLKSWAGEN,ID.3,SILVER,Electric,1,12050,24897,41,31/10/2019,TradeZone,SEMI-AUTO
8243,VOLKSWAGEN,ID.3,BLACK,Electric,1,11600,28498,45,24/09/2021,TradeZone,MANUAL
72677,VOLKSWAGEN,ID.3,GREY,Electric,1,11150,35117,49,11/10/2021,TradeZone,MANUAL
85916,MERCEDES-BENZ,C-CLASS,BLACK,Diesel,1,17850,41390,56,25/10/2021,TradeZone,MANUAL
76174,MERCEDES-BENZ,C-CLASS,BLACK,Diesel,1,19050,28733,56,31/05/2022,PARTEX,AUTO
26755,DACIA,DUSTER,BLACK,Petrol,4,5625,33226,67,30/06/2022,TradeZone,SEMI-AUTO
26485,MERCEDES-BENZ,B-CLASS,BLACK,Diesel,4,8525,45789,105,23/02/2021,TradeZone,MANUAL
21243,VOLKSWAGEN,UP!,BLACK,Petrol,2,9525,11308,54,29/04/2017,PARTEX,SEMI-AUTO
30402,VOLKSWAGEN,TIGUAN,RED,Diesel,3,13150,79528,101,31/03/2019,TradeZone,MANUAL
1849,HYUNDAI,I20,BLACK,Petrol,2,5175,48789,103,31/03/2021,TradeZone,MANUAL
40749,NISSAN,QASHQAI+2,RED,Diesel,3,1075,148922,168,15/12/2017,TradeZone,AUTO
17967,HYUNDAI,IONIQ 5,BLUE,Electric,1,19500,27591,39,15/11/2017,TradeZone,MANUAL
5619,FIAT,500,BLACK,Petrol,1,6100,44304,104,29/11/2021,OTHER,MANUAL
58772,NISSAN,QASHQAI,WHITE,Diesel,2,7750,79356,83,02/09/2020,TradeZone,AUTO
62274,PEUGEOT,3008,GREY,Diesel,3,10100,81000,80,30/05/2017,TradeZone,AUTO
89234,FORD,FIESTA,BLACK,Petrol,2,9150,52448,43,31/05/2021,TradeZone,SEMI-AUTO
53904,KIA,EV6,BLUE,Electric,1,19700,42692,38,17/02/2020,TradeZone,MANUAL
90405,LAND ROVER,RANGE ROVER EVOQUE,WHITE,Diesel,4,6425,79758,96,30/06/2018,PARTEX,SEMI-AUTO
3329,VAUXHALL,INSIGNIA,BLACK,Diesel,7,550,130800,190,30/11/2018,TradeZone,SEMI-AUTO
37795,PEUGEOT,5008,ORANGE,Diesel,1,20250,27415,38,28/12/2018,TradeZone,MANUAL
73539,PEUGEOT,5008,GREY,Diesel,1,18750,42538,38,31/12/2019,TradeZone,MANUAL
91880,FORD,FOCUS,GREY,Petrol,1,13200,13078,74,04/05/2018,TradeZone,AUTO
25880,FORD,FOCUS,GREY,Petrol,3,3175,69200,104,22/12/2020,OTHER,MANUAL
31119,LAND ROVER,RANGE ROVER EVOQUE,SILVER,Petrol,2,20050,42543,53,20/01/2021,TradeZone,AUTO
53127,TOYOTA,AYGO X,GREY,Petrol,1,10950,17300,35,29/03/2021,TradeZone,MANUAL
74346,TOYOTA,AYGO X,WHITE,Petrol,2,11600,9159,32,25/09/2017,TradeZone,MANUAL
60960,POLESTAR,2,GREY,Electric,1,19100,52370,38,23/05/2017,PARTEX,MANUAL
11788,VOLVO,V60,GREY,Hybrid,2,7100,81982,102,31/05/2018,TradeZone,SEMI-AUTO
26014,VOLKSWAGEN,POLO,SILVER,Petrol,1,11600,26241,53,20/05/2021,TradeZone,SEMI-AUTO
51066,VOLKSWAGEN,POLO,BLUE,Petrol,1,12100,21391,51,31/05/2021,TradeZone,SEMI-AUTO
14830,VOLKSWAGEN,POLO,BLACK,Petrol,1,11450,28826,53,29/01/2018,TradeZone,MANUAL
87670,VOLKSWAGEN,POLO,WHITE,Petrol,1,11900,22313,53,14/05/2018,TradeZone,MANUAL
29267,VOLKSWAGEN,POLO,BLACK,Petrol,1,11200,37421,49,20/01/2022,TradeZone,AUTO
97146,VOLKSWAGEN,POLO,BLACK,Petrol,1,13450,7841,50,19/09/2019,OTHER,AUTO
80653,VOLKSWAGEN,POLO,BLACK,Petrol,1,12200,26020,43,29/01/2021,PARTEX,MANUAL
70710,RENAULT,CLIO,SILVER,Petrol,1,11750,10598,58,29/08/2019,TradeZone,SEMI-AUTO
8809,TOYOTA,AYGO,BLUE,Petrol,3,6700,33131,80,22/10/2020,TradeZone,MANUAL
76066,SKODA,FABIA,GREY,Petrol,2,4275,120000,96,11/08/2020,OTHER,MANUAL
92704,MINI,HATCHBACK,WHITE,Petrol,2,13150,32000,76,29/09/2021,TradeZone,MANUAL
53644,HYUNDAI,TUCSON,GREY,Hybrid,1,20450,33283,31,31/05/2022,OTHER,AUTO
70842,HYUNDAI,TUCSON,ORANGE,Hybrid,1,19800,32052,39,22/05/2023,OTHER,MANUAL
534,HYUNDAI,TUCSON,WHITE,Hybrid,1,22050,28578,19,22/05/2023,OTHER,MANUAL
38529,VOLKSWAGEN,GOLF,BLUE,Petrol,4,13500,63807,104,18/11/2019,TradeZone,SEMI-AUTO
78810,AUDI,A3,BLUE,Petrol,1,13600,32000,50,01/01/2021,TradeZone,MANUAL
78307,AUDI,A3,GREY,Petrol,1,14100,26938,50,10/05/2019,TradeZone,MANUAL
8393,AUDI,A3,BLACK,Petrol,2,15100,26384,29,01/03/2019,TradeZone,MANUAL
16356,AUDI,Q5,BLUE,Diesel,2,5325,74599,179,05/03/2019,TradeZone,MANUAL
29213,SUZUKI,SWIFT,ORANGE,Petrol,3,7575,20493,77,23/11/2018,TradeZone,MANUAL
67078,SUZUKI,SWIFT,BLUE,Petrol,3,4775,90000,85,26/05/2017,TradeZone,MANUAL
29716,SUZUKI,SWIFT,GREY,Petrol,2,5575,65585,86,19/06/2020,TradeZone,MANUAL
30183,SEAT,IBIZA,GREY,Petrol,2,5975,58900,92,30/06/2020,PARTEX,MANUAL
28208,BMW,2 SERIES,WHITE,Diesel,3,9675,64803,86,24/07/2020,TradeZone,MANUAL
88609,VOLKSWAGEN,POLO,BLACK,Petrol,3,7550,55882,83,31/10/2018,PARTEX,MANUAL
63226,VOLKSWAGEN,POLO,RED,Petrol,4,8425,35118,88,30/09/2019,TradeZone,SEMI-AUTO
53134,VOLKSWAGEN,POLO,GREY,Petrol,2,9075,26371,81,25/11/2019,OTHER,SEMI-AUTO
53602,VOLKSWAGEN,POLO,WHITE,Petrol,3,9625,16466,84,27/01/2021,OTHER,AUTO
88175,SKODA,FABIA,BLUE,Petrol,2,8800,19414,56,16/07/2021,OTHER,MANUAL
25096,SEAT,ATECA,WHITE,Petrol,1,19550,7223,48,17/08/2020,PARTEX,AUTO
74929,KIA,CEED,WHITE,Diesel,3,2475,70069,119,18/05/2021,TradeZone,AUTO
94342,FORD,FOCUS,WHITE,Diesel,2,2200,110000,130,30/11/2021,TradeZone,MANUAL
44733,TOYOTA,VERSO,BEIGE,Petrol,2,1900,110821,187,19/08/2021,TradeZone,MANUAL
71968,TOYOTA,RAV4,BLACK,Hybrid,2,25300,18988,47,15/02/2021,TradeZone,MANUAL
16017,SKODA,SCALA,GREY,Petrol,1,9600,31291,38,11/02/2022,OTHER,AUTO
60937,AUDI,A5,RED,Petrol,1,33800,8405,5,29/07/2019,TradeZone,MANUAL
75330,SMART,FORTWO CABRIO,GREY,Petrol,3,7825,45779,72,31/12/2020,TradeZone,SEMI-AUTO
51776,BMW,2 SERIES ACTIVE TOURER,RED,Diesel,1,10300,31858,95,11/02/2022,TradeZone,SEMI-AUTO
94312,AUDI,TT,GREY,Petrol,3,9100,71300,106,31/01/2023,TradeZone,SEMI-AUTO
41360,HYUNDAI,TUCSON,BLACK,Diesel,2,16600,41273,74,17/06/2021,TradeZone,SEMI-AUTO
34471,MAZDA,MX-30,RED,Electric,1,10500,10200,44,27/11/2018,PARTEX,MANUAL
21116,SKODA,FABIA,BLUE,Petrol,1,11150,41442,50,22/12/2017,TradeZone,MANUAL
44391,SKODA,FABIA,GREY,Petrol,1,13500,10797,47,30/10/2020,PARTEX,AUTO
98321,VOLKSWAGEN,GOLF,GREEN,Diesel,4,2800,88531,170,08/02/2019,TradeZone,MANUAL
67498,VOLVO,V40,GREY,Diesel,4,7175,51189,104,12/04/2021,TradeZone,MANUAL
38616,PEUGEOT,2008,WHITE,Petrol,3,6350,61000,74,20/01/2021,TradeZone,AUTO
33365,PEUGEOT,2008,BLUE,Petrol,2,6975,48200,69,19/01/2021,OTHER,MANUAL
20780,SKODA,CITIGO,GREY,Petrol,3,3200,56000,119,14/11/2019,TradeZone,AUTO
35358,SKODA,CITIGO,WHITE,Petrol,4,3975,29000,116,31/05/2019,TradeZone,MANUAL
19768,NISSAN,JUKE,BLACK,Petrol,2,11800,21185,55,09/07/2019,TradeZone,SEMI-AUTO
91054,NISSAN,JUKE,BLACK,Petrol,1,12000,18500,55,28/01/2020,TradeZone,SEMI-AUTO
16075,NISSAN,JUKE,WHITE,Petrol,1,10450,45129,55,09/12/2020,TradeZone,AUTO
7208,VAUXHALL,ASTRA,WHITE,Diesel,3,5475,44082,66,15/12/2020,TradeZone,SEMI-AUTO
66528,VAUXHALL,ASTRA,BLACK,Diesel,2,4200,70091,83,31/10/2020,TradeZone,MANUAL
22020,VAUXHALL,ASTRA,BLACK,Diesel,2,3550,85584,95,29/03/2017,TradeZone,MANUAL
73693,SEAT,LEON,WHITE,Hybrid,1,12150,59040,47,26/05/2022,TradeZone,AUTO
62377,VOLKSWAGEN,POLO,BLUE,Petrol,1,6900,63522,97,30/12/2020,TradeZone,MANUAL
99868,VOLKSWAGEN,POLO,ORANGE,Petrol,2,8600,38085,95,27/04/2018,TradeZone,SEMI-AUTO
84869,VOLKSWAGEN,POLO,BLUE,Petrol,3,7100,63550,92,22/12/2017,TradeZone,MANUAL
84568,VOLKSWAGEN,POLO,GREY,Petrol,2,5950,82800,89,15/11/2019,TradeZone,MANUAL
73568,VAUXHALL,CROSSLAND,WHITE,Petrol,3,10800,40265,40,20/11/2020,OTHER,MANUAL
30644,VAUXHALL,CROSSLAND,SILVER,Petrol,2,11550,31126,39,18/06/2019,TradeZone,AUTO
93200,VAUXHALL,CROSSLAND,SILVER,Petrol,1,11550,31302,40,11/08/2021,TradeZone,AUTO
99154,VAUXHALL,CROSSLAND,RED,Petrol,1,13800,11669,38,07/03/2019,TradeZone,MANUAL
12842,BMW,X1,BLUE,Diesel,1,19250,38860,38,27/05/2021,TradeZone,MANUAL
41616,VAUXHALL,CORSA,BLUE,Petrol,3,4850,42064,86,11/05/2021,TradeZone,AUTO
19655,LAND ROVER,RANGE ROVER EVOQUE,WHITE,Diesel,2,12150,54293,62,20/12/2016,TradeZone,MANUAL
67906,LAND ROVER,RANGE ROVER EVOQUE,WHITE,Diesel,2,12250,45582,67,17/12/2018,TradeZone,MANUAL
88222,LAND ROVER,RANGE ROVER EVOQUE,BLACK,Diesel,1,13250,32047,62,24/06/2019,TradeZone,MANUAL
47428,FORD,FOCUS,GREY,Petrol,2,12500,38239,40,12/08/2021,TradeZone,AUTO
56067,VOLVO,V90,GREY,Diesel,3,12850,85000,95,31/12/2020,TradeZone,MANUAL
9945,VOLKSWAGEN,POLO,BLACK,Diesel,3,1925,110302,150,07/01/2021,TradeZone,AUTO
57059,SKODA,FABIA,SILVER,Petrol,3,9250,26531,56,30/11/2021,TradeZone,MANUAL
52779,CITROEN,GRAND C4 SPACETOURER,GREY,Petrol,1,15300,40131,35,01/09/2019,TradeZone,MANUAL
54078,VOLKSWAGEN,T-ROC,BLUE,Petrol,2,11650,31647,71,28/04/2018,TradeZone,MANUAL
79985,AUDI,A1,BLACK,Petrol,1,19250,15524,40,08/03/2019,TradeZone,MANUAL
27990,AUDI,A1,BLUE,Petrol,1,17950,23400,48,21/06/2021,OTHER,SEMI-AUTO
95846,JAGUAR,F-PACE,BLUE,Diesel,1,24250,28722,49,30/12/2019,TradeZone,MANUAL
35038,PEUGEOT,5008,RED,Petrol,1,13250,44000,63,25/06/2021,TradeZone,SEMI-AUTO
61161,PEUGEOT,5008,BLACK,Petrol,3,11000,64500,86,27/05/2021,TradeZone,SEMI-AUTO
28658,MAZDA,MAZDA6,BLACK,Petrol,4,13650,34888,74,21/12/2018,TradeZone,MANUAL
19404,FORD,KUGA,GREY,Diesel,2,13600,20307,84,19/01/2023,TradeZone,MANUAL
32490,LAND ROVER,DISCOVERY SPORT,BLACK,Diesel,2,23800,36877,53,30/11/2018,TradeZone,MANUAL
94175,BMW,5 SERIES,BLUE,Hybrid,2,12700,65968,86,09/12/2020,TradeZone,SEMI-AUTO
74885,BMW,5 SERIES,BLUE,Hybrid,3,14400,55000,74,13/03/2020,TradeZone,MANUAL
87057,VOLKSWAGEN,GOLF,WHITE,Diesel,2,4425,100000,115,18/09/2019,TradeZone,SEMI-AUTO
34412,PEUGEOT,207,PINK,Diesel,5,430,110000,206,30/06/2017,TradeZone,MANUAL
34649,KIA,PICANTO,GREY,Petrol,1,5825,33458,63,09/11/2020,TradeZone,AUTO
68062,BMW,1 SERIES,GREY,Petrol,3,10550,52000,71,26/07/2019,TradeZone,AUTO
71424,NISSAN,MICRA,BLACK,Petrol,1,11000,10327,35,22/07/2021,OTHER,MANUAL
83030,VAUXHALL,ASTRA,BLACK,Petrol,2,7075,31884,85,13/06/2017,TradeZone,MANUAL
48351,LAND ROVER,RANGE ROVER,WHITE,Petrol,1,114900,5877,16,12/12/2016,PARTEX,MANUAL
81054,FIAT,500,BLACK,Petrol,2,7175,40211,41,05/06/2021,TradeZone,SEMI-AUTO
86164,LAND ROVER,RANGE ROVER EVOQUE,RED,Diesel,1,12400,59887,62,30/06/2021,TradeZone,AUTO
13762,LAND ROVER,RANGE ROVER EVOQUE,GREY,Diesel,1,13000,43662,64,24/07/2023,TradeZone,MANUAL
59420,LAND ROVER,RANGE ROVER EVOQUE,WHITE,Diesel,1,13000,40510,68,22/02/2021,TradeZone,AUTO
34517,BMW,3 SERIES,BLUE,Hybrid,1,14350,70366,54,28/06/2019,PARTEX,MANUAL
74183,MERCEDES-BENZ,C-CLASS,BLACK,Hybrid,1,14050,74861,53,26/11/2020,TradeZone,AUTO
74101,MERCEDES-BENZ,C-CLASS,GREY,Hybrid,1,16300,45697,53,09/12/2020,TradeZone,AUTO
36458,NISSAN,LEAF,BLACK,Electric,1,8975,21558,32,30/11/2022,TradeZone,AUTO
63193,AUDI,RS 4 AVANT,GREY,Petrol,1,50700,11358,37,23/06/2021,TradeZone,AUTO
32564,VOLVO,V40,BLUE,Petrol,1,5200,75044,116,27/05/2016,TradeZone,MANUAL
6749,VOLVO,V40,GREY,Petrol,2,7100,60809,92,14/12/2017,TradeZone,MANUAL
41350,VOLVO,V40,WHITE,Petrol,2,5400,70000,114,10/12/2018,TradeZone,MANUAL
5048,JAGUAR,E-PACE,BLACK,Diesel,1,11800,45059,69,26/10/2018,TradeZone,MANUAL
41405,PEUGEOT,2008,GREY,Petrol,1,13800,22082,44,25/11/2019,OTHER,AUTO
30871,PEUGEOT,2008,WHITE,Petrol,1,13600,25960,43,05/12/2022,TradeZone,MANUAL
40430,PEUGEOT,2008,BLUE,Petrol,1,13900,21379,41,29/07/2021,TradeZone,MANUAL
89545,PEUGEOT,2008,BROWN,Petrol,2,12450,46847,40,08/08/2015,PARTEX,MANUAL
2953,VOLKSWAGEN,GOLF,BLUE,Diesel,2,4975,85300,115,23/06/2016,PARTEX,MANUAL
45980,VAUXHALL,CORSA,WHITE,Petrol,2,7900,33423,64,30/06/2016,TradeZone,SEMI-AUTO
68351,AUDI,RS 5,BLUE,Petrol,2,52200,7434,25,14/05/2019,TradeZone,SEMI-AUTO
44975,PEUGEOT,308,RED,Diesel,2,5650,83373,80,29/03/2019,TradeZone,MANUAL
52131,AUDI,A3,GREY,Petrol,1,36700,3170,8,07/04/2021,TradeZone,MANUAL
61430,AUDI,Q2,BLUE,Petrol,2,17250,24725,62,12/07/2021,TradeZone,AUTO
77630,VAUXHALL,ADAM,BLUE,Petrol,2,2700,72252,145,01/02/2018,PARTEX,MANUAL
94265,SEAT,LEON,BLUE,Diesel,2,1850,149200,149,31/01/2020,TradeZone,AUTO
31249,PEUGEOT,3008,BLUE,Petrol,,7075,77047,95,30/12/2020,PARTEX,AUTO
82929,PEUGEOT,3008,BLACK,Petrol,3,9050,53351,73,19/12/2020,TradeZone,MANUAL
76621,PEUGEOT,3008,GREY,Petrol,2,10150,39599,64,17/06/2021,TradeZone,AUTO
57450,PEUGEOT,3008,BLUE,Petrol,3,7775,65000,92,20/08/2021,TradeZone,MANUAL
52635,PEUGEOT,3008,BLACK,Petrol,2,8450,48658,96,25/05/2021,TradeZone,SEMI-AUTO
84367,MINI,HATCHBACK,BLUE,Petrol,2,17150,13620,47,14/06/2021,TradeZone,AUTO
27859,VOLKSWAGEN,GOLF,RED,Diesel,3,3150,150000,119,31/12/2018,PARTEX,MANUAL
73712,VOLKSWAGEN,GOLF,WHITE,Diesel,2,3800,122000,118,31/12/2022,TradeZone,MANUAL
31772,AUDI,Q3,BLUE,Diesel,,1750,205000,152,07/11/2019,TradeZone,MANUAL
17190,VAUXHALL,CORSA,WHITE,Petrol,2,2050,45005,137,27/09/2017,TradeZone,SEMI-AUTO
88372,SUZUKI,VITARA,BLACK,Petrol,1,13400,19693,37,04/01/2019,TradeZone,MANUAL
78073,SUZUKI,VITARA,GREY,Petrol,2,13700,15107,36,27/11/2019,TradeZone,AUTO
47048,SUZUKI,VITARA,WHITE,Petrol,2,13650,16595,38,09/07/2019,TradeZone,AUTO
83619,SUZUKI,VITARA,WHITE,Petrol,1,11300,53681,34,17/07/2017,PARTEX,MANUAL
45155,JAGUAR,XF,SILVER,Diesel,3,3625,92679,146,06/07/2021,TradeZone,AUTO
66484,BMW,4 SERIES,RED,Petrol,2,16350,46597,83,31/03/2021,TradeZone,SEMI-AUTO
24870,CITROEN,DS3,RED,Petrol,3,1500,64000,173,31/03/2021,OTHER,SEMI-AUTO
27202,PEUGEOT,207,BLACK,Petrol,3,330,111000,182,07/05/2021,TradeZone,MANUAL
71159,MINI,HATCHBACK,WHITE,Petrol,1,9950,38569,89,18/05/2021,TradeZone,MANUAL
24782,FORD,FIESTA,WHITE,Petrol,1,13600,21193,38,16/01/2020,OTHER,AUTO
83953,MERCEDES-BENZ,E-CLASS,WHITE,Petrol,1,19850,34853,51,03/12/2020,TradeZone,AUTO
24305,FORD,FOCUS,BLUE,Diesel,2,10400,62678,55,01/11/2021,TradeZone,SEMI-AUTO
21731,MINI,HATCHBACK,GREY,Petrol,4,1825,68000,168,11/06/2021,TradeZone,MANUAL
57952,VOLVO,V40,GREY,Diesel,4,3675,113500,107,06/01/2016,PARTEX,MANUAL
44061,VOLVO,XC40,RED,Hybrid,1,23800,10517,33,25/07/2019,TradeZone,AUTO
19566,FIAT,500X,BLUE,Petrol,2,5950,55100,98,31/12/2020,TradeZone,MANUAL
89631,CITROEN,C4 CACTUS,BLUE,Diesel,4,2475,102880,113,11/03/2022,TradeZone,AUTO
2554,KIA,PROCEED,RED,Petrol,2,14850,45663,41,10/03/2023,TradeZone,AUTO
42092,KIA,PROCEED,WHITE,Petrol,1,17550,14000,45,26/06/2017,TradeZone,SEMI-AUTO
84772,VAUXHALL,INSIGNIA GRAND SPORT,BLUE,Diesel,2,5650,82500,67,21/06/2019,TradeZone,AUTO
30114,CITROEN,C1,WHITE,Petrol,3,3650,44070,104,11/02/2020,TradeZone,MANUAL
5270,LAND ROVER,RANGE ROVER EVOQUE,GREY,Diesel,1,22100,28050,49,01/12/2020,TradeZone,MANUAL
76983,LAND ROVER,RANGE ROVER EVOQUE,BLUE,Diesel,1,24100,19800,36,02/12/2020,TradeZone,AUTO
62185,RENAULT,CAPTUR,GREY,Petrol,2,12100,19112,53,05/06/2021,TradeZone,MANUAL
33650,RENAULT,CAPTUR,BLUE,Petrol,3,11000,37796,56,27/03/2019,TradeZone,AUTO
51446,BMW,5 SERIES,WHITE,Diesel,3,14900,76691,86,26/07/2019,TradeZone,MANUAL
54833,RENAULT,CLIO,WHITE,Petrol,2,5125,65252,81,17/01/2018,TradeZone,MANUAL
174,RENAULT,CLIO,GREY,Petrol,2,5550,65449,68,08/01/2021,TradeZone,SEMI-AUTO
76197,RENAULT,CLIO,BLACK,Petrol,2,6800,39857,74,11/01/2021,TradeZone,AUTO
27526,RENAULT,CLIO,WHITE,Petrol,1,6925,39157,68,08/07/2016,PARTEX,MANUAL
53972,RENAULT,CLIO,BLUE,Petrol,2,7950,23100,68,03/08/2022,TradeZone,AUTO
51762,RENAULT,CLIO,RED,Petrol,4,7475,28000,71,17/07/2019,TradeZone,MANUAL
94520,RENAULT,CLIO,WHITE,Petrol,3,7150,35448,68,09/11/2018,TradeZone,MANUAL
68882,DS,DS 3 CROSSBACK,WHITE,Electric,1,10150,18277,44,11/02/2020,TradeZone,AUTO
21910,LAND ROVER,DISCOVERY,BLUE,Diesel,2,39300,41768,40,17/01/2020,TradeZone,MANUAL
37657,FORD,FOCUS,GREY,Petrol,2,9475,62814,62,03/03/2021,TradeZone,MANUAL
63462,FORD,FOCUS,BLUE,Petrol,1,10400,42063,67,20/09/2016,TradeZone,MANUAL
75523,MAZDA,CX-3,GREY,Petrol,2,9650,39574,76,17/09/2019,TradeZone,AUTO
58990,MAZDA,CX-3,BLUE,Petrol,2,9950,42468,66,08/09/2021,TradeZone,AUTO
38686,SKODA,YETI OUTDOOR,WHITE,Petrol,3,9525,47890,107,09/03/2017,TradeZone,MANUAL
39883,MERCEDES-BENZ,CLA,BLUE,Petrol,2,7900,80000,118,23/03/2020,OTHER,AUTO
74845,HYUNDAI,IX35,WHITE,Diesel,6,1025,182913,176,22/12/2020,TradeZone,AUTO
86517,FIAT,500,RED,Petrol,2,10600,6600,14,22/03/2019,TradeZone,SEMI-AUTO
10231,FIAT,500,BEIGE,Petrol,2,10850,1650,14,31/03/2019,TradeZone,MANUAL
28918,VAUXHALL,CORSA-E,SILVER,Electric,1,9175,18615,50,22/04/2021,OTHER,AUTO
51758,VOLKSWAGEN,T-ROC,BLACK,Petrol,3,13650,34569,50,07/09/2018,TradeZone,MANUAL
22828,VOLKSWAGEN,T-ROC,BLUE,Petrol,1,14450,19000,51,23/10/2020,TradeZone,AUTO
28998,FORD,KUGA,RED,Diesel,1,13650,31031,43,11/11/2021,OTHER,MANUAL
75399,CITROEN,C1,GREY,Petrol,2,6250,22349,80,10/09/2020,TradeZone,MANUAL
72050,CITROEN,C1,GREY,Petrol,5,6700,22411,67,12/03/2021,OTHER,MANUAL
89139,DACIA,JOGGER,SILVER,Petrol,3,15350,4885,26,31/03/2023,TradeZone,MANUAL
12548,DACIA,JOGGER,GREY,Petrol,1,14550,15235,26,06/09/2021,TradeZone,MANUAL
38593,AUDI,A1,BLUE,Petrol,1,18700,5473,32,29/09/2021,TradeZone,AUTO
58252,VOLKSWAGEN,POLO,GREY,Petrol,2,5500,63200,97,31/03/2021,TradeZone,MANUAL
99692,VOLKSWAGEN,POLO,WHITE,Petrol,2,6750,39642,96,12/11/2019,TradeZone,AUTO
61614,FORD,FIESTA,WHITE,Petrol,3,5150,77558,84,31/03/2016,PARTEX,MANUAL
99174,FIAT,TIPO,BLUE,Petrol,3,4025,59939,98,12/03/2020,TradeZone,AUTO
90398,MERCEDES-BENZ,SL,BLUE,Petrol,1,63600,5504,15,26/04/2018,TradeZone,MANUAL
72542,BMW,3 SERIES,BLACK,Petrol,1,21100,27454,49,01/03/2018,TradeZone,AUTO
59227,FORD,PUMA,SILVER,Petrol,1,14350,12486,50,27/09/2018,TradeZone,MANUAL
80087,FORD,PUMA,BLACK,Petrol,1,12900,27186,53,03/09/2019,TradeZone,AUTO
10214,FORD,PUMA,ORANGE,Petrol,2,13200,28998,49,04/11/2019,TradeZone,SEMI-AUTO
9393,FORD,PUMA,GREY,Petrol,2,14550,18394,38,31/10/2017,TradeZone,MANUAL
36808,FORD,PUMA,BLUE,Petrol,1,13050,30829,50,29/05/2019,TradeZone,SEMI-AUTO
71014,FORD,PUMA,BRONZE,Petrol,1,14400,28141,27,16/05/2018,TradeZone,MANUAL
81681,FORD,PUMA,GREY,Petrol,2,11950,47772,50,06/09/2018,TradeZone,MANUAL
29942,FORD,PUMA,WHITE,Petrol,2,15450,20294,22,14/09/2020,TradeZone,MANUAL
6591,FORD,PUMA,BLACK,Petrol,1,11950,47348,49,01/03/2021,TradeZone,AUTO
7497,FORD,FIESTA,WHITE,Petrol,3,5275,68690,83,28/06/2019,TradeZone,MANUAL
18724,FORD,FIESTA,BLUE,Petrol,2,5725,62540,76,28/09/2021,TradeZone,AUTO
53235,FORD,FIESTA,SILVER,Petrol,3,4725,79600,88,05/09/2017,TradeZone,AUTO
60501,FORD,FIESTA,WHITE,Petrol,2,7200,35335,72,30/10/2020,TradeZone,AUTO
63541,FORD,FIESTA,GREY,Petrol,2,7425,31020,74,16/04/2019,TradeZone,SEMI-AUTO
20970,FORD,FIESTA,WHITE,Petrol,2,6775,43699,74,02/03/2020,TradeZone,AUTO
66037,FORD,FIESTA,GREY,Petrol,2,7175,22113,91,19/07/2021,PARTEX,MANUAL
94557,FORD,FIESTA,BLACK,Petrol,1,8025,16491,75,30/12/2019,TradeZone,SEMI-AUTO
67240,FORD,FIESTA,WHITE,Petrol,3,5550,61803,83,23/09/2018,TradeZone,MANUAL
82680,FORD,FIESTA,BLUE,Petrol,2,7175,27000,82,01/03/2019,PARTEX,MANUAL
36486,FORD,FIESTA,BLACK,Petrol,2,6175,47800,85,22/10/2020,TradeZone,AUTO
98191,FORD,FIESTA,BLACK,Petrol,3,5275,65000,88,12/02/2019,TradeZone,SEMI-AUTO
14680,HONDA,CIVIC,RED,Petrol,2,14100,27457,62,26/11/2018,TradeZone,MANUAL
16548,VAUXHALL,GRANDLAND X,BLUE,Petrol,3,8875,35461,66,22/09/2021,TradeZone,SEMI-AUTO
77215,VAUXHALL,GRANDLAND X,BLACK,Petrol,3,9050,29025,72,18/03/2020,TradeZone,MANUAL
51824,BMW,1 SERIES,BLACK,Petrol,1,13050,52113,35,29/03/2021,TradeZone,AUTO
76138,JAGUAR,I-PACE,BLUE,Electric,2,11400,47500,71,20/04/2021,TradeZone,MANUAL
18885,JAGUAR,I-PACE,BLUE,Electric,3,13300,31600,56,25/09/2017,TradeZone,AUTO
11918,VAUXHALL,ASTRA,WHITE,Petrol,1,15500,21234,22,24/09/2018,TradeZone,SEMI-AUTO
89839,CITROEN,C3,BRONZE,Petrol,2,9250,23620,51,02/09/2021,TradeZone,AUTO
67991,CITROEN,C3,BLUE,Petrol,1,7925,52045,49,24/05/2018,TradeZone,MANUAL
50513,AUDI,A4,RED,Petrol,3,6650,77062,103,21/09/2021,TradeZone,AUTO
37606,KIA,PICANTO,BLACK,Petrol,3,9250,31904,66,07/06/2021,TradeZone,MANUAL
89138,TOYOTA,YARIS,BLACK,Petrol,4,2375,109500,149,30/06/2017,PARTEX,MANUAL
99627,HONDA,CR-V,SILVER,Diesel,2,7725,80075,97,31/07/2017,TradeZone,SEMI-AUTO
84375,SKODA,KAROQ,WHITE,Petrol,3,17050,49536,62,25/04/2019,TradeZone,MANUAL
98819,SKODA,KAROQ,BLACK,Petrol,1,20750,24617,44,02/09/2021,TradeZone,AUTO
93682,SKODA,KAROQ,SILVER,Petrol,1,16400,66161,50,28/04/2017,TradeZone,MANUAL
25966,SKODA,KAROQ,GREY,Petrol,1,20450,17310,53,13/12/2022,PARTEX,MANUAL
10722,SKODA,KAROQ,GREY,Petrol,1,20550,16493,53,31/10/2018,TradeZone,MANUAL
35676,SKODA,KAROQ,WHITE,Petrol,1,17750,50164,47,29/11/2019,TradeZone,MANUAL
34376,SKODA,KAROQ,GREY,Petrol,1,18450,43533,50,29/03/2019,TradeZone,MANUAL
94622,SKODA,KAROQ,BLACK,Petrol,1,18450,43173,47,07/01/2021,OTHER,AUTO
8742,SKODA,FABIA,WHITE,Petrol,2,1575,117000,143,17/03/2017,TradeZone,MANUAL
11860,VOLKSWAGEN,ID.3,BLACK,Electric,1,22200,8058,19,29/07/2020,TradeZone,AUTO
95351,BMW,4 SERIES,SILVER,Diesel,2,9650,77481,84,21/12/2020,TradeZone,AUTO
5914,FORD,KUGA,GREY,Diesel,3,3525,107496,114,17/09/2015,PARTEX,MANUAL
6069,FORD,KUGA,SILVER,Diesel,3,4275,86000,113,28/09/2017,TradeZone,AUTO
57199,CITROEN,GRAND C4 PICASSO,UNKNOWN,Diesel,3,5700,87000,97,30/06/2021,OTHER,AUTO
34384,CITROEN,GRAND C4 PICASSO,WHITE,Diesel,2,6925,72600,86,30/09/2018,PARTEX,MANUAL
89313,CITROEN,GRAND C4 PICASSO,GREY,Diesel,2,6750,75015,83,29/03/2019,TradeZone,SEMI-AUTO
66057,SKODA,FABIA,WHITE,Diesel,4,1425,93700,163,20/05/2019,TradeZone,SEMI-AUTO
94926,CITROEN,C1,RED,Petrol,2,3425,37965,86,08/06/2018,TradeZone,SEMI-AUTO
96439,VOLKSWAGEN,POLO,BLACK,Petrol,3,3075,94876,141,02/08/2021,OTHER,MANUAL
94128,BMW,2 SERIES,WHITE,Petrol,4,11300,46290,90,17/06/2020,TradeZone,SEMI-AUTO
39216,VAUXHALL,ZAFIRA,BLUE,Diesel,2,2925,72000,120,07/06/2019,TradeZone,MANUAL
75878,FIAT,500C,GREY,Petrol,2,3675,47067,116,29/12/2021,TradeZone,SEMI-AUTO
32216,RENAULT,MEGANE,GREY,Diesel,4,1425,76257,157,23/09/2016,PARTEX,MANUAL
40369,NISSAN,JUKE,WHITE,Petrol,3,4925,36320,91,19/11/2018,OTHER,MANUAL
68302,MINI,HATCHBACK,WHITE,Diesel,4,1375,113000,145,11/08/2020,PARTEX,SEMI-AUTO
31798,BMW,3 SERIES,BLUE,Hybrid,2,18800,32703,64,29/07/2020,TradeZone,AUTO
14860,PEUGEOT,208,BLACK,Petrol,3,3725,42768,94,18/11/2020,PARTEX,SEMI-AUTO
30236,PEUGEOT,208,BLUE,Petrol,2,4025,42522,86,20/04/2018,TradeZone,MANUAL
64790,VAUXHALL,CORSA,BLUE,Petrol,2,3400,62000,125,30/10/2020,TradeZone,MANUAL
48269,MERCEDES-BENZ,A-CLASS,WHITE,Diesel,2,6875,70342,97,23/03/2019,TradeZone,SEMI-AUTO
56387,SKODA,KODIAQ,WHITE,Petrol,1,26250,11029,33,21/05/2021,TradeZone,MANUAL
25611,HYUNDAI,IX35,BLACK,Diesel,4,1900,134400,140,11/01/2019,TradeZone,MANUAL
42030,PEUGEOT,3008,BLACK,Diesel,4,2800,62500,131,04/12/2020,OTHER,MANUAL
73862,BMW,2 SERIES GRAN COUPE,GREY,Petrol,1,17350,23200,50,25/03/2019,TradeZone,MANUAL
27661,BMW,2 SERIES GRAN COUPE,WHITE,Petrol,1,16550,32995,47,26/11/2019,TradeZone,MANUAL
13136,TOYOTA,AYGO X,BLUE,Petrol,2,12750,10142,34,04/12/2020,TradeZone,MANUAL
60292,VAUXHALL,CORSA,RED,Petrol,1,12150,14501,38,31/01/2018,TradeZone,SEMI-AUTO
91690,VAUXHALL,CORSA,SILVER,Petrol,1,12800,5043,37,02/09/2016,TradeZone,MANUAL
92557,VAUXHALL,ASTRA,WHITE,Petrol,2,16800,11633,37,30/07/2018,TradeZone,MANUAL
12727,VOLKSWAGEN,JETTA,GREY,Diesel,3,4225,69493,104,14/09/2017,TradeZone,SEMI-AUTO
24021,MINI,HATCHBACK,PURPLE,Petrol,1,14300,24751,39,23/05/2016,TradeZone,AUTO
99615,FORD,FOCUS,BLACK,Petrol,2,6775,60210,76,30/09/2019,TradeZone,MANUAL
20817,FORD,FOCUS,RED,Petrol,2,7900,40090,69,16/07/2020,TradeZone,AUTO
82856,FORD,FOCUS,BLUE,Petrol,2,7600,46167,72,01/03/2021,TradeZone,MANUAL
78720,FORD,FOCUS,BLACK,Petrol,2,7525,50000,68,29/03/2021,TradeZone,SEMI-AUTO
59410,CITROEN,C4 CACTUS,RED,Petrol,2,5150,56029,83,30/06/2021,TradeZone,MANUAL
10911,CITROEN,C4 CACTUS,BLACK,Petrol,2,5550,45200,83,16/04/2019,TradeZone,SEMI-AUTO
54350,MERCEDES-BENZ,C-CLASS,GREY,Diesel,3,13350,31800,76,01/09/2020,TradeZone,AUTO
47664,TOYOTA,YARIS,BLACK,Petrol,3,2775,98000,153,19/09/2017,TradeZone,MANUAL
94676,SKODA,OCTAVIA,BLACK,Diesel,1,17750,14607,39,13/09/2018,TradeZone,MANUAL
23461,VOLKSWAGEN,T-ROC,WHITE,Petrol,1,14400,35697,50,16/08/2021,TradeZone,SEMI-AUTO
51764,VOLKSWAGEN,T-ROC,ORANGE,Petrol,2,14150,34145,52,30/06/2021,TradeZone,MANUAL
81987,VOLKSWAGEN,T-ROC,WHITE,Petrol,1,14400,35029,49,21/03/2020,TradeZone,AUTO
37493,VOLKSWAGEN,T-ROC,WHITE,Petrol,1,15850,20250,44,01/07/2019,TradeZone,MANUAL
8710,PEUGEOT,3008,ORANGE,Hybrid,1,15250,30756,44,03/03/2015,PARTEX,AUTO
66590,SEAT,IBIZA,SILVER,Petrol,2,6625,35185,94,30/03/2018,PARTEX,AUTO
80660,SKODA,ENYAQ IV,GREY,Electric,1,14000,58846,42,02/05/2018,PARTEX,MANUAL
6526,BMW,1 SERIES,GREEN,Diesel,4,1650,98000,167,30/06/2019,TradeZone,SEMI-AUTO
7483,VAUXHALL,CORSA,SILVER,Petrol,1,9250,16341,47,30/03/2018,PARTEX,MANUAL
49483,VAUXHALL,CORSA,BLACK,Petrol,4,8150,27712,62,27/05/2022,TradeZone,MANUAL
24065,VAUXHALL,CORSA,BLUE,Petrol,2,8300,38911,44,22/10/2021,PARTEX,SEMI-AUTO
3029,VAUXHALL,CORSA,RED,Petrol,1,8375,32628,46,11/10/2019,TradeZone,SEMI-AUTO
4468,VAUXHALL,CORSA,SILVER,Petrol,1,8675,23051,52,28/07/2020,TradeZone,AUTO
5256,VAUXHALL,CORSA,BLACK,Petrol,2,7025,51833,58,19/11/2019,TradeZone,MANUAL
67809,VAUXHALL,CORSA,GREY,Petrol,3,8700,26818,50,09/04/2019,TradeZone,MANUAL
53344,FIAT,500E,BLUE,Electric,1,9350,15069,42,20/08/2020,TradeZone,SEMI-AUTO
76591,MINI,HATCHBACK,BLUE,Petrol,2,12300,37789,74,24/08/2017,TradeZone,MANUAL
1382,AUDI,Q3,GREY,Diesel,2,10550,54306,109,29/09/2022,PARTEX,MANUAL
88904,MG,ZS EV,WHITE,Electric,2,9025,35645,53,21/12/2021,TradeZone,SEMI-AUTO
79227,MG,ZS EV,GREY,Electric,4,9075,34707,56,31/10/2017,TradeZone,SEMI-AUTO
31,MG,ZS EV,GREY,Electric,1,9700,27626,50,21/03/2017,PARTEX,MANUAL
6508,MG,ZS EV,BLUE,Electric,3,9075,34039,56,04/11/2019,TradeZone,MANUAL
23735,MG,ZS EV,WHITE,Electric,1,8150,55000,56,07/12/2020,TradeZone,SEMI-AUTO
94400,MG,ZS EV,GREY,Electric,1,10300,15453,50,06/12/2021,OTHER,MANUAL
60387,VOLKSWAGEN,GOLF,GREEN,Petrol,1,19450,7236,46,30/11/2020,TradeZone,MANUAL
66883,AUDI,A4 AVANT,WHITE,Diesel,4,2000,105000,203,21/10/2019,OTHER,MANUAL
81383,NISSAN,X-TRAIL,BLACK,Diesel,2,12400,50500,70,31/03/2018,PARTEX,SEMI-AUTO
94896,TOYOTA,AYGO,WHITE,Petrol,2,9200,26700,50,29/09/2020,TradeZone,MANUAL
24248,BMW,4 SERIES,ORANGE,Diesel,1,16400,38912,86,30/09/2021,TradeZone,MANUAL
37011,AUDI,Q3,GREY,Petrol,1,22250,38226,38,01/07/2019,TradeZone,MANUAL
29698,SEAT,ARONA,WHITE,Petrol,2,13750,10996,46,29/07/2022,TradeZone,SEMI-AUTO
29023,MAZDA,MAZDA3,BLUE,Petrol,3,7475,40945,109,14/02/2020,TradeZone,MANUAL
73456,VOLVO,XC60,BLUE,Diesel,1,27650,37728,38,23/12/2020,TradeZone,SEMI-AUTO
71425,AUDI,A3,WHITE,Petrol,1,16850,23724,38,17/06/2020,TradeZone,SEMI-AUTO
45999,VOLKSWAGEN,POLO,GREY,Diesel,3,9250,42748,77,12/09/2018,TradeZone,MANUAL
23863,VOLKSWAGEN,POLO,GREY,Diesel,3,7400,74947,81,30/11/2019,TradeZone,AUTO
47870,MINI,HATCHBACK,BLACK,Petrol,2,10050,41891,54,01/04/2017,PARTEX,MANUAL
20052,MINI,HATCHBACK,BLUE,Petrol,2,10050,31087,68,04/03/2017,PARTEX,MANUAL
90364,DACIA,DUSTER,BLUE,Petrol,1,9275,18231,47,03/08/2021,TradeZone,MANUAL
68926,NISSAN,JUKE,BLACK,Petrol,2,1775,138638,156,30/04/2017,TradeZone,SEMI-AUTO
61930,BMW,1 SERIES,GREY,Petrol,2,19000,27353,71,30/09/2017,TradeZone,SEMI-AUTO
11621,BMW,1 SERIES,WHITE,Petrol,3,18750,30872,74,04/08/2017,PARTEX,MANUAL
92932,NISSAN,QASHQAI,SILVER,Petrol,2,9525,60387,86,29/01/2019,TradeZone,MANUAL
93243,NISSAN,MICRA,WHITE,Petrol,3,2425,48315,152,12/08/2020,TradeZone,AUTO
83621,JAGUAR,E-PACE,BLACK,Petrol,2,18800,12911,68,30/09/2021,TradeZone,MANUAL
6303,AUDI,A3,RED,Petrol,1,20400,21851,40,13/11/2017,TradeZone,AUTO
62252,AUDI,A3,BLUE,Petrol,1,20150,18994,50,16/05/2019,TradeZone,MANUAL
25494,KIA,SPORTAGE,BLACK,Petrol,1,8125,70591,85,15/09/2021,TradeZone,MANUAL
16820,FORD,GRAND TOURNEO CONNECT,BLACK,Diesel,1,11200,64461,47,15/09/2022,TradeZone,AUTO
4168,SMART,FORFOUR,WHITE,Electric,3,5675,24057,79,10/09/2019,TradeZone,MANUAL
90332,MERCEDES-BENZ,A-CLASS,RED,Petrol,1,19600,13994,54,26/09/2020,TradeZone,MANUAL
26430,PEUGEOT,3008,BLUE,Petrol,1,16450,40964,41,25/10/2021,TradeZone,AUTO
31368,LAND ROVER,FREELANDER 2,BLACK,Diesel,4,5950,91500,146,22/09/2021,OTHER,AUTO
34312,VAUXHALL,CORSA,SILVER,Petrol,4,8600,26000,78,20/08/2019,PARTEX,MANUAL
5664,SKODA,KAMIQ,ORANGE,Petrol,1,15250,14847,10,07/10/2019,TradeZone,MANUAL
56149,BMW,1 SERIES,WHITE,Diesel,3,16700,32231,54,07/11/2019,TradeZone,SEMI-AUTO
70139,MINI,HATCHBACK,WHITE,Petrol,5,,147000,247,31/07/2018,TradeZone,MANUAL
82166,MINI,HATCHBACK,WHITE,Diesel,2,5375,43976,101,16/09/2020,TradeZone,AUTO
56701,MINI,HATCHBACK,BLACK,Diesel,3,4275,69686,107,17/07/2021,TradeZone,SEMI-AUTO
92636,MINI,HATCHBACK,GREY,Diesel,5,4475,63944,106,30/03/2018,TradeZone,AUTO
29250,SEAT,IBIZA,BLUE,Petrol,3,7500,62654,83,21/06/2018,TradeZone,MANUAL
49761,BMW,3 SERIES,BLUE,Diesel,2,25050,25894,62,18/06/2019,TradeZone,MANUAL
1147,SKODA,KODIAQ,RED,Petrol,1,18900,19332,49,12/07/2021,OTHER,MANUAL
68670,MERCEDES-BENZ,CLA,GREY,Hybrid,2,21150,21117,56,26/11/2019,PARTEX,SEMI-AUTO
98188,MERCEDES-BENZ,CLA,GREY,Hybrid,3,18850,43516,56,31/03/2017,TradeZone,AUTO
3593,CITROEN,C1,GREY,Petrol,2,2600,76332,95,25/10/2017,TradeZone,AUTO
95458,AUDI,A3,ORANGE,Petrol,4,1375,134000,193,14/03/2020,TradeZone,MANUAL
84165,VOLVO,XC60,BLACK,Hybrid,1,31300,44964,40,31/01/2017,TradeZone,AUTO
19870,LAND ROVER,RANGE ROVER EVOQUE,WHITE,Petrol,1,23450,34931,58,10/09/2018,TradeZone,MANUAL
50175,LAND ROVER,RANGE ROVER EVOQUE,WHITE,Petrol,1,19950,64598,74,11/04/2019,TradeZone,MANUAL
61138,RENAULT,KADJAR,WHITE,Petrol,2,5550,73587,98,12/09/2017,TradeZone,MANUAL
55608,CHRYSLER,CROSSFIRE,GREY,Petrol,5,1150,92306,233,29/02/2020,TradeZone,MANUAL
29887,BMW,1 SERIES,WHITE,Diesel,3,11000,51000,89,16/05/2021,TradeZone,AUTO
7127,BMW,1 SERIES,BLACK,Diesel,2,11650,56334,73,26/10/2018,TradeZone,AUTO
73440,PEUGEOT,5008,RED,Diesel,1,18450,28429,44,31/10/2020,TradeZone,MANUAL
11156,TOYOTA,YARIS CROSS,GREY,Hybrid,1,18800,11872,42,22/09/2020,TradeZone,MANUAL
53112,VOLKSWAGEN,SHARAN,WHITE,Diesel,4,5375,68000,123,15/09/2020,TradeZone,MANUAL
5576,PEUGEOT,208,WHITE,Diesel,2,1275,108000,139,01/06/2021,TradeZone,MANUAL
13077,PEUGEOT,208,WHITE,Diesel,4,2175,45000,148,11/12/2018,TradeZone,AUTO
53212,HYUNDAI,I10,WHITE,Petrol,1,11000,7365,26,29/11/2019,TradeZone,MANUAL
28720,HYUNDAI,I10,RED,Petrol,1,10000,19471,28,25/06/2018,TradeZone,MANUAL
52380,VAUXHALL,CORSA,RED,Petrol,2,4825,44588,85,30/07/2020,TradeZone,MANUAL
65644,BMW,3 SERIES,BLUE,Petrol,3,9600,47402,80,03/05/2019,TradeZone,SEMI-AUTO
91233,BMW,2 SERIES,WHITE,Diesel,3,9975,66627,68,17/01/2020,TradeZone,AUTO
38457,ALFA ROMEO,GIULIETTA,GREY,Petrol,3,7625,46822,95,26/05/2017,TradeZone,SEMI-AUTO
64937,KIA,SPORTAGE,BLACK,Diesel,3,10000,37218,85,30/06/2018,TradeZone,AUTO
25642,VOLKSWAGEN,T-ROC,BLUE,Petrol,2,17900,31492,50,31/01/2019,PARTEX,MANUAL
1814,CUPRA,LEON,GREY,Hybrid,1,25150,3428,7,28/03/2017,TradeZone,MANUAL
34841,SKODA,FABIA,WHITE,Petrol,2,8050,43392,57,02/05/2018,TradeZone,AUTO
93015,FORD,C-MAX,SILVER,Petrol,2,2750,93400,114,25/09/2020,TradeZone,SEMI-AUTO
89073,DACIA,DUSTER,RED,Diesel,2,2200,89000,127,22/07/2021,TradeZone,AUTO
86015,VOLKSWAGEN,TIGUAN,BLACK,Petrol,2,12650,40199,74,23/04/2016,TradeZone,SEMI-AUTO
17170,FORD,FOCUS,WHITE,Petrol,2,9300,48000,77,30/06/2017,PARTEX,MANUAL
98911,NISSAN,JUKE,GREY,Petrol,3,4025,78940,130,29/09/2018,TradeZone,MANUAL
4971,VOLVO,XC60,WHITE,Petrol,2,32400,18960,48,13/11/2021,TradeZone,SEMI-AUTO
8968,NISSAN,QASHQAI,GREY,Petrol,2,7275,70954,83,15/05/2019,PARTEX,SEMI-AUTO
38150,NISSAN,QASHQAI,RED,Petrol,1,10700,22000,80,09/08/2018,PARTEX,SEMI-AUTO
59531,NISSAN,QASHQAI,RED,Petrol,3,10200,29750,80,30/06/2021,TradeZone,MANUAL
72781,NISSAN,QASHQAI,BLACK,Petrol,3,7125,73660,86,28/02/2022,TradeZone,MANUAL
18627,VAUXHALL,MOKKA-E,SILVER,Electric,1,11450,18357,40,31/03/2021,TradeZone,SEMI-AUTO
68019,VAUXHALL,MOKKA-E,RED,Electric,1,11800,16525,38,31/05/2021,TradeZone,MANUAL
7961,VAUXHALL,MOKKA-E,GREY,Electric,1,10250,43628,35,31/05/2021,TradeZone,SEMI-AUTO
13382,VAUXHALL,MOKKA-E,BLACK,Electric,1,11600,19186,38,30/04/2019,TradeZone,MANUAL
31581,VAUXHALL,MOKKA-E,GREY,Electric,1,10100,46810,38,26/01/2018,TradeZone,SEMI-AUTO
54035,VAUXHALL,MOKKA-E,WHITE,Electric,1,11600,13900,41,15/08/2019,TradeZone,SEMI-AUTO
80949,VAUXHALL,MOKKA-E,BLACK,Electric,3,11050,23612,42,07/11/2019,TradeZone,AUTO
64317,MINI,HATCHBACK,BLUE,Petrol,2,2450,79000,152,01/09/2021,PARTEX,SEMI-AUTO
75949,FORD,FOCUS,BLUE,Petrol,2,5650,59765,84,08/12/2023,OTHER,AUTO
68172,MINI,HATCHBACK,RED,Petrol,1,12450,31240,50,31/05/2018,TradeZone,MANUAL
20283,FORD,FOCUS,BLACK,Petrol,2,4250,33641,133,30/03/2019,TradeZone,MANUAL
84383,VOLKSWAGEN,POLO,BLACK,Petrol,2,10100,14644,98,15/12/2016,PARTEX,SEMI-AUTO
11154,VAUXHALL,CORSA,GREY,Petrol,4,1825,57389,174,10/02/2021,TradeZone,AUTO
31320,NISSAN,JUKE,WHITE,Petrol,1,13300,26172,38,29/06/2021,TradeZone,AUTO
91565,NISSAN,JUKE,BLACK,Petrol,1,16350,5692,14,25/03/2021,TradeZone,MANUAL
31803,NISSAN,JUKE,BLUE,Petrol,4,14900,10645,27,05/09/2018,TradeZone,MANUAL
86087,NISSAN,JUKE,WHITE,Petrol,2,11300,48108,45,11/09/2018,TradeZone,MANUAL
14154,NISSAN,QASHQAI,GREY,Petrol,3,11000,34594,85,18/12/2019,TradeZone,AUTO
66867,CITROEN,C3,GREY,Petrol,3,3325,48632,109,29/09/2020,PARTEX,AUTO
2243,KIA,SPORTAGE,GREY,Hybrid,1,25100,25000,26,27/04/2021,TradeZone,MANUAL
68967,MERCEDES-BENZ,A-CLASS,BLACK,Petrol,4,11400,64500,108,23/06/2017,TradeZone,MANUAL
1562,NISSAN,QASHQAI,RED,Petrol,2,5800,66218,101,31/07/2018,TradeZone,MANUAL
77288,AUDI,Q2,BLACK,Petrol,3,12000,32438,76,29/04/2019,TradeZone,SEMI-AUTO
47507,AUDI,Q2,WHITE,Petrol,3,10600,49294,84,30/07/2022,TradeZone,SEMI-AUTO
6182,HYUNDAI,BAYON,RED,Petrol,2,10450,51040,38,31/01/2020,TradeZone,MANUAL
36040,FORD,S-MAX,GREY,Diesel,3,2525,70796,132,31/05/2017,PARTEX,AUTO
55152,VOLKSWAGEN,POLO,BLACK,Petrol,6,2175,81000,180,07/06/2019,TradeZone,MANUAL
82595,AUDI,A1,SILVER,Petrol,3,5675,63571,140,31/03/2021,TradeZone,SEMI-AUTO
54145,VOLKSWAGEN,UP!,BLACK,Petrol,1,6200,56442,83,22/01/2018,TradeZone,AUTO
81848,RENAULT,ZOE,WHITE,Electric,1,10750,14266,29,16/06/2017,PARTEX,MANUAL
9992,RENAULT,ZOE,BLUE,Electric,1,11050,9480,29,29/06/2020,TradeZone,AUTO
76743,RENAULT,ZOE,GREY,Electric,1,10800,13698,29,29/12/2016,PARTEX,MANUAL
7374,RENAULT,ZOE,BLUE,Electric,2,10550,14800,35,13/01/2019,TradeZone,SEMI-AUTO
41249,BMW,5 SERIES,GREY,Diesel,2,10400,50274,102,21/12/2018,TradeZone,SEMI-AUTO
65085,MERCEDES-BENZ,A-CLASS,BLUE,Diesel,3,12600,33133,92,28/12/2021,TradeZone,MANUAL
29445,MERCEDES-BENZ,A-CLASS,WHITE,Diesel,2,11150,53773,87,26/06/2018,TradeZone,SEMI-AUTO
85398,MINI,HATCHBACK,BLUE,Petrol,2,13750,31076,65,29/07/2019,PARTEX,MANUAL
13237,MINI,HATCHBACK,BLUE,Petrol,2,14550,26700,62,11/05/2021,TradeZone,MANUAL
78671,FORD,KUGA,GREY,Diesel,3,4775,71000,114,30/05/2017,TradeZone,AUTO
8258,FORD,FIESTA,BLACK,Diesel,3,5300,81000,92,16/07/2019,TradeZone,AUTO
73231,FORD,FIESTA,BLACK,Diesel,2,2750,103000,120,03/07/2020,PARTEX,SEMI-AUTO
62644,HYUNDAI,I10,GREY,Petrol,5,1325,85000,159,31/05/2021,TradeZone,AUTO
19035,BMW,X1,WHITE,Hybrid,1,17900,53000,35,01/09/2017,TradeZone,AUTO
9659,SKODA,OCTAVIA,WHITE,Hybrid,1,13900,44901,40,05/03/2021,TradeZone,AUTO
61158,SKODA,OCTAVIA,GREY,Hybrid,1,20300,2863,12,06/09/2022,TradeZone,AUTO
70082,SKODA,OCTAVIA,BLACK,Hybrid,1,,7728,8,07/11/2017,OTHER,AUTO
49241,SKODA,OCTAVIA,GREY,Hybrid,1,15200,30820,40,30/07/2018,TradeZone,SEMI-AUTO
97838,LAND ROVER,RANGE ROVER EVOQUE,SILVER,Diesel,2,11500,53681,84,15/08/2022,TradeZone,MANUAL
26123,JEEP,RENEGADE,WHITE,Petrol,3,8875,44949,74,14/02/2020,TradeZone,MANUAL
67862,JEEP,RENEGADE,BLACK,Petrol,3,9575,35259,63,29/11/2017,TradeZone,AUTO
6813,TOYOTA,C-HR,GREY,Hybrid,3,10350,85000,93,26/01/2018,TradeZone,AUTO
56861,TOYOTA,C-HR,WHITE,Hybrid,4,12300,52097,98,31/01/2017,TradeZone,SEMI-AUTO
86604,FORD,FIESTA,GREY,Petrol,3,4000,36300,111,26/09/2017,TradeZone,AUTO
17206,FORD,FIESTA,BLACK,Petrol,3,3425,53250,110,05/07/2018,TradeZone,MANUAL
97442,VOLKSWAGEN,TIGUAN ALLSPACE,WHITE,Diesel,3,20800,41322,62,15/11/2021,TradeZone,MANUAL
74040,FORD,FIESTA,BLACK,Diesel,2,530,160000,176,21/08/2018,TradeZone,MANUAL
27776,MERCEDES-BENZ,A-CLASS,GREEN,Hybrid,2,13900,62645,54,19/02/2021,TradeZone,SEMI-AUTO
4343,MERCEDES-BENZ,A-CLASS,BLACK,Petrol,4,15350,40000,71,23/07/2018,TradeZone,MANUAL
69458,MERCEDES-BENZ,A-CLASS,BLUE,Petrol,2,14800,48304,67,31/05/2021,TradeZone,MANUAL
73406,PEUGEOT,208,WHITE,Petrol,2,6225,39702,66,28/01/2022,TradeZone,SEMI-AUTO
49728,VOLKSWAGEN,TIGUAN,RED,Diesel,1,19500,24853,76,27/03/2018,TradeZone,SEMI-AUTO
25971,TOYOTA,RAV4,BLUE,Hybrid,1,20850,50181,65,21/07/2021,TradeZone,MANUAL
37174,AUDI,A1,GREY,Petrol,3,6725,58260,95,22/10/2016,TradeZone,SEMI-AUTO
23235,AUDI,A1,GREY,Petrol,3,7475,48125,90,31/01/2021,OTHER,SEMI-AUTO
83946,NISSAN,JUKE,WHITE,Petrol,2,10350,29618,56,21/10/2022,TradeZone,SEMI-AUTO
16358,PEUGEOT,2008,GREY,Petrol,2,6725,34993,71,12/03/2019,TradeZone,MANUAL
42753,PEUGEOT,2008,BLACK,Petrol,2,6500,35000,76,29/05/2020,TradeZone,AUTO
36924,PEUGEOT,2008,RED,Petrol,2,5200,61035,78,28/10/2016,PARTEX,MANUAL
19312,PEUGEOT,2008,SILVER,Petrol,2,6775,26640,80,05/09/2019,TradeZone,AUTO
96547,TOYOTA,C-HR,WHITE,Hybrid,2,16400,25725,32,01/09/2022,TradeZone,MANUAL
31798,TOYOTA,C-HR,RED,Hybrid,1,13050,56371,45,21/10/2022,TradeZone,SEMI-AUTO
44502,HONDA,CR-V,BLUE,Petrol,2,3150,113185,180,30/10/2017,TradeZone,MANUAL
64109,SUZUKI,SWIFT,BLACK,Petrol,5,1075,90159,227,31/01/2019,TradeZone,MANUAL
45161,VOLKSWAGEN,TIGUAN,BLACK,Diesel,2,17000,29848,67,12/02/2020,TradeZone,AUTO
99841,VOLKSWAGEN,TIGUAN,SILVER,Diesel,2,17450,33439,56,17/05/2021,TradeZone,MANUAL
41996,VOLKSWAGEN,TOURAN,WHITE,Petrol,1,16400,66361,39,21/03/2022,TradeZone,SEMI-AUTO
33506,KIA,SORENTO,WHITE,Hybrid,1,27100,28000,50,11/06/2021,TradeZone,SEMI-AUTO
38393,VOLKSWAGEN,PASSAT,BLUE,Diesel,2,12800,43871,71,02/07/2021,PARTEX,AUTO
30353,CITROEN,C5 AIRCROSS,WHITE,Petrol,1,18150,26275,23,30/06/2022,TradeZone,MANUAL
82614,MG,ZS EV,BLUE,Electric,1,13750,19717,28,23/01/2019,TradeZone,MANUAL
85995,VOLKSWAGEN,TOURAN,GREY,Diesel,1,14250,27874,80,15/01/2022,TradeZone,MANUAL
16001,VOLKSWAGEN,TOURAN,SILVER,Diesel,2,10300,67719,89,12/12/2018,TradeZone,MANUAL
16208,NISSAN,QASHQAI,GREY,Petrol,2,10450,37199,64,19/04/2021,OTHER,MANUAL
93366,VAUXHALL,CORSA,BLACK,Petrol,2,13600,13363,35,31/03/2021,TradeZone,MANUAL
98072,VAUXHALL,CORSA,BLACK,Petrol,2,13250,17071,37,30/12/2019,TradeZone,MANUAL
21267,VOLKSWAGEN,ID.3,GREY,Electric,1,14700,18512,38,21/03/2017,TradeZone,SEMI-AUTO
73635,VOLKSWAGEN,ID.3,SILVER,Electric,1,14050,27834,38,29/04/2019,TradeZone,MANUAL
87792,VOLKSWAGEN,ID.3,BLUE,Electric,1,14500,21933,38,01/12/2016,PARTEX,MANUAL
31140,PEUGEOT,308,SILVER,Diesel,2,6725,61012,64,30/09/2020,TradeZone,MANUAL
82179,FORD,FOCUS,WHITE,Petrol,1,12050,29351,41,25/04/2023,PARTEX,MANUAL
17696,FORD,FOCUS,BLACK,Diesel,3,4900,75111,95,08/06/2021,TradeZone,MANUAL
38328,FORD,FOCUS,WHITE,Diesel,3,4800,77288,96,20/02/2019,TradeZone,SEMI-AUTO
98406,FORD,FOCUS,GREY,Diesel,3,5450,67411,92,17/01/2020,TradeZone,AUTO
13738,BMW,X6,GREY,Diesel,1,39800,45021,38,31/05/2019,TradeZone,MANUAL
37141,SUBARU,OUTBACK,BLACK,Petrol,2,15750,28200,67,15/01/2019,TradeZone,AUTO
5489,AUDI,Q2,BLUE,Petrol,2,13500,32968,74,22/03/2021,TradeZone,SEMI-AUTO
43409,BMW,4 SERIES GRAN COUPE,BLUE,Petrol,2,15200,40454,71,11/06/2021,OTHER,MANUAL
96715,VOLVO,XC60,BLACK,Diesel,2,9275,80000,100,08/10/2019,TradeZone,MANUAL
72445,JAGUAR,F-PACE,RED,Diesel,1,36600,13573,23,02/01/2019,PARTEX,MANUAL
30381,RENAULT,CLIO,RED,Petrol,2,12200,9000,45,10/09/2020,TradeZone,MANUAL
56769,VOLKSWAGEN,GOLF,BLACK,Petrol,3,5450,94267,110,11/03/2019,TradeZone,MANUAL
7168,BMW,1 SERIES,SILVER,Petrol,3,15100,47058,50,26/06/2020,TradeZone,MANUAL
45047,CITROEN,C1,BLUE,Petrol,3,2825,41555,126,27/11/2019,TradeZone,AUTO
28096,VAUXHALL,ASTRA,BLACK,Petrol,2,9200,26000,56,30/06/2017,TradeZone,SEMI-AUTO
53602,BMW,X1,RED,Hybrid,1,16700,53296,50,22/06/2017,TradeZone,MANUAL
462,KIA,PICANTO,RED,Petrol,2,7600,25288,80,19/03/2021,TradeZone,SEMI-AUTO
90254,KIA,PICANTO,GREY,Petrol,2,7675,23012,77,31/05/2021,TradeZone,MANUAL
26450,MERCEDES-BENZ,SLK,BLUE,Petrol,6,1425,66549,235,30/04/2021,TradeZone,SEMI-AUTO
15635,AUDI,A4,WHITE,Diesel,1,12300,27572,112,19/07/2019,TradeZone,SEMI-AUTO
26487,SMART,FORTWO COUPE,BLACK,Petrol,6,1225,76702,194,28/06/2019,OTHER,MANUAL
20962,MERCEDES-BENZ,A-CLASS,BLACK,Diesel,2,6450,107000,115,31/05/2021,TradeZone,MANUAL
15266,SEAT,ARONA,BLACK,Petrol,2,10200,62841,64,31/03/2021,OTHER,SEMI-AUTO
86127,DS,DS 3,BLUE,Petrol,3,5800,42803,74,11/08/2021,TradeZone,SEMI-AUTO
9795,VAUXHALL,ADAM,WHITE,Petrol,2,3350,92000,122,09/06/2022,PARTEX,AUTO
49237,VOLKSWAGEN,GOLF,GREY,Petrol,2,11850,50819,79,28/09/2018,PARTEX,MANUAL
19697,VOLKSWAGEN,GOLF,BLACK,Petrol,3,11750,51127,77,12/03/2021,TradeZone,MANUAL
39105,MERCEDES-BENZ,A-CLASS,GREY,Petrol,3,5175,102000,140,31/10/2019,TradeZone,MANUAL
6197,PEUGEOT,308,BLACK,Diesel,3,2975,72300,114,27/07/2018,TradeZone,MANUAL
51286,PEUGEOT,308,GREY,Diesel,2,3600,57500,108,31/07/2019,TradeZone,SEMI-AUTO
61630,KIA,PICANTO,GREY,Petrol,1,11350,16541,40,30/06/2017,TradeZone,SEMI-AUTO
49728,PEUGEOT,508,GREY,Petrol,1,15150,25037,27,10/06/2019,PARTEX,MANUAL
21157,PEUGEOT,3008,SILVER,Petrol,2,1175,60000,163,29/03/2018,PARTEX,SEMI-AUTO
36003,LAND ROVER,RANGE ROVER EVOQUE,WHITE,Diesel,1,20200,28580,50,13/07/2020,TradeZone,MANUAL
95744,LAND ROVER,RANGE ROVER SPORT,GREY,Hybrid,2,27400,57500,62,17/06/2021,TradeZone,MANUAL
94214,LAND ROVER,RANGE ROVER SPORT,BLACK,Hybrid,1,30400,44738,50,31/03/2021,TradeZone,SEMI-AUTO
76031,AUDI,Q7,BLACK,Diesel,2,24600,70603,70,30/09/2019,TradeZone,SEMI-AUTO
59174,VAUXHALL,MOKKA,BLACK,Diesel,2,2400,92779,113,30/12/2019,TradeZone,MANUAL
76466,LAND ROVER,DEFENDER,RED,Diesel,1,66400,7055,21,27/08/2019,TradeZone,MANUAL
50031,RENAULT,CLIO,GREY,Petrol,3,410,64464,218,30/09/2019,TradeZone,MANUAL
18230,MERCEDES-BENZ,A-CLASS,GREY,Petrol,2,13300,47650,58,30/09/2019,TradeZone,MANUAL
96729,MERCEDES-BENZ,A-CLASS,SILVER,Petrol,2,14700,33901,55,09/06/2021,TradeZone,SEMI-AUTO
7491,VAUXHALL,GRANDLAND,BLACK,Diesel,1,19350,15322,31,18/06/2021,PARTEX,SEMI-AUTO
5183,TOYOTA,YARIS,WHITE,Hybrid,2,7450,61288,78,31/01/2018,TradeZone,SEMI-AUTO
41374,TOYOTA,YARIS,BLUE,Hybrid,3,7025,61876,91,18/02/2020,TradeZone,MANUAL
87762,TOYOTA,YARIS,BLUE,Hybrid,1,9050,39350,67,19/03/2020,PARTEX,MANUAL
13549,VOLKSWAGEN,GOLF,BLACK,Petrol,2,22350,27196,51,30/03/2021,TradeZone,AUTO
33089,VOLKSWAGEN,GOLF,SILVER,Petrol,3,21300,39083,48,25/10/2018,TradeZone,AUTO
89241,VOLKSWAGEN,GOLF,WHITE,Petrol,1,23000,27121,44,16/06/2020,TradeZone,AUTO
14394,VOLKSWAGEN,GOLF,BLUE,Petrol,1,25800,17659,26,05/04/2022,TradeZone,MANUAL
26504,AUDI,Q5,RED,Diesel,4,3300,132825,153,22/04/2022,TradeZone,MANUAL
64175,TOYOTA,AYGO,RED,Petrol,3,4025,50502,119,31/01/2018,TradeZone,MANUAL
80700,KIA,CEED,BLUE,Diesel,4,6150,66785,83,24/09/2021,TradeZone,AUTO
44794,KIA,CEED,WHITE,Diesel,2,7675,46461,80,19/04/2021,TradeZone,MANUAL
21981,VOLVO,XC40,WHITE,Diesel,2,16600,71133,70,23/06/2020,TradeZone,AUTO
32437,SKODA,OCTAVIA,GREY,Hybrid,1,12350,67165,47,28/05/2021,TradeZone,MANUAL
30282,TOYOTA,YARIS,WHITE,Petrol,2,910,54000,227,25/10/2017,TradeZone,SEMI-AUTO
65292,TOYOTA,YARIS,BLACK,Petrol,4,830,67222,224,17/08/2018,PARTEX,SEMI-AUTO
55463,MERCEDES-BENZ,A-CLASS,ORANGE,Diesel,3,6975,67750,95,27/03/2019,TradeZone,SEMI-AUTO
4347,MERCEDES-BENZ,A-CLASS,GREY,Diesel,2,8575,35358,98,26/10/2022,TradeZone,MANUAL
77874,BMW,2 SERIES GRAN COUPE,RED,Petrol,1,,47515,40,19/04/2018,TradeZone,MANUAL
13823,BMW,2 SERIES GRAN COUPE,BLUE,Petrol,3,14950,49142,51,31/03/2021,TradeZone,SEMI-AUTO
85975,BMW,2 SERIES GRAN COUPE,BLACK,Petrol,1,18000,13000,51,29/02/2020,TradeZone,SEMI-AUTO
42309,TOYOTA,AYGO,BLACK,Petrol,3,2725,85286,109,29/09/2020,TradeZone,SEMI-AUTO
66089,TOYOTA,AYGO,WHITE,Petrol,5,3575,35441,116,31/05/2017,PARTEX,MANUAL
53247,BMW,X1,BLUE,Hybrid,1,17800,40522,38,24/06/2021,TradeZone,MANUAL
17728,SEAT,IBIZA,RED,Petrol,1,13300,18235,49,29/11/2018,TradeZone,AUTO
31866,AUDI,Q5,GREY,Petrol,3,13300,98603,95,31/07/2020,TradeZone,MANUAL
55450,BMW,I5,GREY,Electric,1,42300,3273,11,31/10/2019,TradeZone,SEMI-AUTO
68975,VAUXHALL,ASTRA,BLACK,Petrol,3,10700,17286,45,04/11/2020,TradeZone,SEMI-AUTO
66044,VOLKSWAGEN,FOX,BLUE,Petrol,3,500,98000,176,31/08/2018,TradeZone,MANUAL
36916,VOLKSWAGEN,GOLF,WHITE,Hybrid,1,16300,37801,38,30/03/2021,TradeZone,MANUAL
99448,VOLKSWAGEN,GOLF,BLACK,Hybrid,1,17900,25944,28,30/10/2018,TradeZone,MANUAL
2895,VOLKSWAGEN,GOLF,BLACK,Hybrid,1,17150,37100,26,31/10/2020,TradeZone,MANUAL
77876,VOLKSWAGEN,PASSAT,GREY,Diesel,3,2875,114780,150,31/03/2017,PARTEX,MANUAL
42500,AUDI,A1,BLUE,Petrol,2,10650,43943,86,26/06/2020,TradeZone,SEMI-AUTO
45889,AUDI,A1,BLUE,Petrol,3,11300,34500,88,04/03/2021,TradeZone,SEMI-AUTO
86993,VOLVO,V40,BLACK,Diesel,3,4075,81000,136,31/03/2021,TradeZone,AUTO
69068,LAND ROVER,RANGE ROVER SPORT,BLUE,Diesel,2,34700,28286,56,18/03/2022,TradeZone,SEMI-AUTO
20168,AUDI,A6 AVANT,GREY,Diesel,1,31100,23602,26,25/02/2020,TradeZone,SEMI-AUTO
11693,MITSUBISHI,OUTLANDER,BLUE,Hybrid,2,10950,39980,89,11/01/2019,TradeZone,MANUAL
71970,SEAT,ARONA,SILVER,Petrol,2,11950,17775,47,26/10/2018,TradeZone,MANUAL
48062,MITSUBISHI,OUTLANDER,RED,Hybrid,2,7950,66000,107,30/04/2018,TradeZone,MANUAL
78058,BMW,X2,ORANGE,Petrol,2,19350,25064,46,17/06/2021,TradeZone,MANUAL
90680,BMW,3 SERIES,RED,Diesel,1,14400,65489,58,25/10/2018,TradeZone,AUTO
85571,AUDI,Q2,BLUE,Petrol,1,18400,24456,56,05/11/2020,TradeZone,SEMI-AUTO
75394,VAUXHALL,GRANDLAND X,WHITE,Petrol,2,9250,41400,76,11/12/2021,TradeZone,AUTO
40701,NISSAN,QASHQAI,BLACK,Petrol,1,12800,66376,47,31/12/2021,TradeZone,AUTO
65649,BMW,1 SERIES,BLUE,Diesel,4,4100,52000,128,27/04/2018,TradeZone,SEMI-AUTO
3454,BMW,2 SERIES,GREY,Petrol,3,,68720,104,01/03/2019,TradeZone,SEMI-AUTO
48920,AUDI,A3,BLACK,Petrol,2,11400,41488,90,27/03/2020,TradeZone,MANUAL
61313,AUDI,A3,BLUE,Petrol,3,10550,59673,83,14/11/2017,TradeZone,SEMI-AUTO
53668,LAND ROVER,RANGE ROVER EVOQUE,BLACK,Diesel,2,26950,31609,51,06/10/2020,TradeZone,SEMI-AUTO
41102,LAND ROVER,RANGE ROVER EVOQUE,RED,Diesel,1,29250,28072,37,22/09/2020,TradeZone,AUTO
46395,SKODA,FABIA,BLACK,Petrol,2,2150,76032,133,31/10/2021,TradeZone,AUTO
75475,LAND ROVER,RANGE ROVER EVOQUE,WHITE,Petrol,1,21950,55023,49,10/06/2020,TradeZone,SEMI-AUTO
79640,AUDI,A3,WHITE,Petrol,1,19050,11567,38,08/11/2019,TradeZone,MANUAL
39131,AUDI,A3,WHITE,Petrol,2,16450,30800,48,18/09/2020,TradeZone,MANUAL
12496,FORD,KUGA,GREY,Diesel,1,16000,24097,52,09/09/2022,OTHER,AUTO
47611,SEAT,LEON,RED,Petrol,2,9225,49244,86,20/06/2018,TradeZone,MANUAL
60594,SEAT,LEON,BLUE,Petrol,3,9100,51198,85,20/06/2018,TradeZone,SEMI-AUTO
61529,MINI,HATCHBACK,WHITE,Petrol,1,15450,50239,44,12/07/2021,TradeZone,MANUAL
73408,FORD,FIESTA,GREY,Petrol,2,6100,46328,86,30/06/2021,OTHER,SEMI-AUTO
75962,FORD,FIESTA,BLACK,Petrol,1,7825,17532,76,21/07/2021,TradeZone,SEMI-AUTO
87040,FORD,FIESTA,GREY,Petrol,4,5400,70001,72,14/02/2019,PARTEX,MANUAL
8856,FORD,FIESTA,WHITE,Petrol,2,7450,24000,76,01/02/2020,TradeZone,MANUAL
88377,FORD,FIESTA,RED,Petrol,2,5250,63500,88,28/09/2020,TradeZone,MANUAL
39561,AUDI,TT,BLACK,Petrol,3,12300,74000,86,29/03/2019,TradeZone,AUTO
41803,PEUGEOT,3008,BLUE,Diesel,1,17000,33167,38,31/03/2020,PARTEX,AUTO
62356,PEUGEOT,3008,GREY,Diesel,2,18350,14604,40,14/12/2020,TradeZone,MANUAL
13387,SEAT,IBIZA,GREY,Petrol,2,10900,51884,62,17/12/2020,TradeZone,MANUAL
78491,MG,ZS,BLUE,Petrol,1,15100,13003,20,07/12/2021,TradeZone,SEMI-AUTO
87182,MG,ZS,RED,Petrol,2,14100,17392,31,19/06/2018,OTHER,MANUAL
38004,JAGUAR,XF,BLUE,Diesel,1,18350,36765,16,27/07/2020,TradeZone,MANUAL
11061,JAGUAR,XJ,BEIGE,Diesel,3,14050,34361,98,21/08/2019,TradeZone,MANUAL
36679,NISSAN,QASHQAI,BLUE,Petrol,4,1975,110300,161,31/07/2019,TradeZone,SEMI-AUTO
8452,KIA,SPORTAGE,SILVER,Diesel,1,17550,19289,50,07/03/2019,TradeZone,SEMI-AUTO
44953,VOLKSWAGEN,POLO,BLUE,Petrol,2,4275,80200,126,13/12/2019,TradeZone,AUTO
28054,VOLKSWAGEN,PASSAT,GREY,Petrol,3,12050,70290,64,23/11/2021,TradeZone,MANUAL
83825,MINI,CLUBMAN,BLUE,Diesel,3,6875,64551,88,12/08/2019,TradeZone,SEMI-AUTO
63205,VAUXHALL,INSIGNIA,BLACK,Diesel,2,3375,38743,126,27/03/2019,TradeZone,SEMI-AUTO
63722,AUDI,A3,SILVER,Diesel,2,7450,60000,104,01/03/2020,TradeZone,MANUAL
23118,AUDI,A3,BLACK,Petrol,2,11800,33300,108,30/07/2020,TradeZone,MANUAL
87572,BMW,5 SERIES,BLUE,Diesel,1,22700,24417,55,28/01/2019,TradeZone,MANUAL
8685,BMW,5 SERIES,BLACK,Diesel,1,21400,47087,43,29/03/2019,TradeZone,MANUAL
98504,FORD,FIESTA,WHITE,Petrol,3,5225,59120,86,25/05/2021,TradeZone,MANUAL
35719,FORD,FIESTA,RED,Petrol,1,6125,43602,76,26/11/2021,TradeZone,SEMI-AUTO
89254,PEUGEOT,508,BLACK,Diesel,2,13500,26047,64,14/11/2017,TradeZone,SEMI-AUTO
74002,TOYOTA,C-HR,BLACK,Hybrid,2,11350,64000,96,10/01/2022,TradeZone,MANUAL
49617,LAND ROVER,RANGE ROVER VELAR,BLACK,Diesel,2,17900,75680,73,31/01/2022,TradeZone,AUTO
75041,SUZUKI,SX4 S-CROSS,GREY,Petrol,4,8900,73237,86,30/10/2019,TradeZone,MANUAL
78437,VAUXHALL,ADAM,BLACK,Petrol,4,3475,54747,114,27/11/2021,TradeZone,MANUAL
70906,LAND ROVER,RANGE ROVER SPORT,BLACK,Petrol,3,40700,35900,68,01/03/2020,TradeZone,AUTO
67889,SKODA,KAROQ,RED,Petrol,1,17350,27134,47,01/03/2020,TradeZone,AUTO
66895,SKODA,KAROQ,BLACK,Petrol,2,16450,31762,55,01/10/2020,TradeZone,SEMI-AUTO
77871,SKODA,KAROQ,WHITE,Petrol,4,14850,29539,86,31/12/2017,TradeZone,SEMI-AUTO
96499,SKODA,KAROQ,BLACK,Petrol,1,16900,32000,50,17/09/2021,TradeZone,MANUAL
36596,SKODA,KAROQ,BLUE,Petrol,1,18250,17581,50,10/02/2020,TradeZone,MANUAL
1510,FORD,FIESTA,GREY,Petrol,2,4650,40000,114,14/08/2020,TradeZone,MANUAL
85395,FORD,FIESTA,BLUE,Petrol,4,1650,130000,139,31/05/2021,TradeZone,SEMI-AUTO
31780,FORD,FIESTA,BLUE,Petrol,2,3075,79000,122,31/07/2020,TradeZone,SEMI-AUTO
10764,FORD,FIESTA,BLACK,Petrol,5,4075,52814,115,23/10/2020,TradeZone,AUTO
79070,FORD,FIESTA,BLACK,Petrol,2,3125,83000,110,30/09/2019,TradeZone,SEMI-AUTO
82766,VOLVO,V60,WHITE,Diesel,1,10650,67229,79,02/12/2021,TradeZone,AUTO
47507,TOYOTA,AYGO,RED,Petrol,4,6050,85000,84,30/06/2021,TradeZone,MANUAL
94981,FORD,MONDEO,BLACK,Diesel,2,3500,87338,132,31/07/2022,TradeZone,MANUAL
49130,VAUXHALL,MOKKA X,BLACK,Petrol,3,6550,32361,85,14/07/2021,OTHER,MANUAL
62971,VAUXHALL,MOKKA X,BLACK,Petrol,3,4400,73000,86,31/05/2021,TradeZone,MANUAL
24125,VAUXHALL,MOKKA X,WHITE,Petrol,2,7125,23251,86,31/05/2017,TradeZone,SEMI-AUTO
18038,VAUXHALL,MOKKA X,GREY,Petrol,2,6450,37088,80,03/06/2021,TradeZone,MANUAL
84311,VAUXHALL,MOKKA X,WHITE,Petrol,2,4325,79900,76,11/02/2020,TradeZone,MANUAL
66171,VAUXHALL,MOKKA X,GREY,Petrol,2,6600,40166,74,10/03/2021,TradeZone,AUTO
66335,VAUXHALL,MOKKA X,BLACK,Petrol,3,8075,21896,68,30/11/2016,PARTEX,MANUAL
79764,VAUXHALL,MOKKA X,GREY,Petrol,2,5500,52494,78,14/05/2018,TradeZone,MANUAL
45590,VAUXHALL,MOKKA X,BLUE,Petrol,2,7700,17787,80,25/06/2018,PARTEX,SEMI-AUTO
54933,VAUXHALL,MOKKA X,BLACK,Petrol,2,5425,54244,79,31/07/2019,TradeZone,AUTO
82947,KIA,XCEED,WHITE,Petrol,1,13600,32700,47,30/09/2020,TradeZone,AUTO
84326,VAUXHALL,MOKKA,SILVER,Petrol,2,14100,28565,39,31/05/2018,TradeZone,MANUAL
54706,MG,HS,BLUE,Petrol,1,12000,26665,51,24/05/2019,TradeZone,SEMI-AUTO
96767,MG,HS,GREY,Petrol,1,12600,20930,46,02/08/2022,TradeZone,AUTO
73333,MG,HS,ORANGE,Petrol,2,10050,55918,58,28/02/2022,TradeZone,MANUAL
95369,MG,HS,GREY,Petrol,1,13950,9491,35,25/01/2018,PARTEX,MANUAL
60305,RENAULT,SCENIC,SILVER,Petrol,3,860,77000,170,31/12/2020,TradeZone,AUTO
96786,BMW,5 SERIES,GREY,Diesel,2,20300,24981,58,21/05/2019,TradeZone,SEMI-AUTO
17189,JAGUAR,XE,BLACK,Diesel,2,10800,32650,79,31/07/2021,TradeZone,MANUAL
48678,JAGUAR,XE,GREY,Diesel,3,8975,52167,76,01/03/2019,TradeZone,MANUAL
44836,NISSAN,PULSAR,WHITE,Diesel,3,4000,48017,101,31/03/2020,TradeZone,MANUAL
60834,SEAT,ARONA,GREY,Petrol,1,12350,24165,38,31/03/2020,TradeZone,MANUAL
60268,SEAT,ARONA,BLUE,Petrol,1,13250,10172,38,31/03/2021,TradeZone,MANUAL
32253,VOLKSWAGEN,GOLF,RED,Petrol,3,16400,20349,73,31/03/2021,TradeZone,AUTO
8243,VOLKSWAGEN,POLO,BLUE,Petrol,3,3000,88076,171,15/12/2020,TradeZone,MANUAL
31788,MINI,HATCHBACK,BLUE,Petrol,1,13100,11117,39,30/09/2021,TradeZone,AUTO
9914,RENAULT,CLIO,BLUE,Petrol,2,3325,72500,105,21/10/2021,TradeZone,MANUAL
17818,FORD,FIESTA,RED,Petrol,5,310,130000,203,19/10/2022,PARTEX,SEMI-AUTO
54413,VAUXHALL,CORSA,GREY,Petrol,2,6100,27855,87,31/10/2022,TradeZone,SEMI-AUTO
37057,VAUXHALL,CORSA,WHITE,Petrol,3,4675,46486,103,01/11/2021,PARTEX,AUTO
81524,VAUXHALL,INSIGNIA GRAND SPORT,BLUE,Diesel,3,6050,64548,92,18/05/2018,TradeZone,MANUAL
75356,VAUXHALL,INSIGNIA GRAND SPORT,BLUE,Diesel,2,5900,69800,88,30/06/2020,TradeZone,MANUAL
39864,VAUXHALL,INSIGNIA GRAND SPORT,GREY,Diesel,3,7375,56892,72,17/05/2021,TradeZone,SEMI-AUTO
41491,VAUXHALL,INSIGNIA GRAND SPORT,GREY,Diesel,3,6275,60000,89,17/05/2022,TradeZone,AUTO
32674,VAUXHALL,CORSA,SILVER,Petrol,1,2525,95600,117,10/12/2018,TradeZone,SEMI-AUTO
31124,BMW,3 SERIES,GREY,Petrol,5,2125,133500,182,12/01/2018,PARTEX,MANUAL
278,AUDI,A3,BLACK,Petrol,2,18100,26560,46,14/12/2019,TradeZone,AUTO
15107,AUDI,A3,WHITE,Petrol,1,18300,24000,50,21/02/2022,TradeZone,MANUAL
63696,AUDI,A3,WHITE,Petrol,1,19150,15000,50,30/12/2022,TradeZone,AUTO
60907,AUDI,A3,BLACK,Petrol,1,18250,18270,56,30/05/2019,TradeZone,MANUAL
47711,AUDI,A3,WHITE,Petrol,1,17600,31746,49,21/03/2019,TradeZone,MANUAL
27624,CITROEN,C1,WHITE,Petrol,2,1100,90600,151,27/03/2020,TradeZone,SEMI-AUTO
36951,CITROEN,C1,GREY,Petrol,3,1100,100817,140,31/03/2020,TradeZone,MANUAL
88927,BMW,3 SERIES,GREY,Diesel,4,1425,108000,173,31/03/2020,TradeZone,MANUAL
6223,RENAULT,CLIO,GREY,Petrol,2,10050,25345,66,31/03/2020,TradeZone,MANUAL
52722,VAUXHALL,GRANDLAND X,BLACK,Petrol,2,7525,45508,81,31/03/2021,TradeZone,AUTO
49786,VAUXHALL,GRANDLAND X,GREY,Petrol,2,7575,44038,81,31/03/2021,TradeZone,AUTO
10061,VAUXHALL,GRANDLAND X,BLACK,Petrol,1,8200,35779,80,31/03/2021,TradeZone,MANUAL
53361,LAND ROVER,RANGE ROVER SPORT,BLACK,Diesel,4,28600,59176,56,31/03/2021,TradeZone,SEMI-AUTO
9319,HONDA,CIVIC,ORANGE,Petrol,3,12200,34142,76,30/04/2021,TradeZone,MANUAL
72942,TOYOTA,RAV4,BLACK,Hybrid,1,18550,62918,41,26/09/2019,OTHER,SEMI-AUTO
77399,TOYOTA,RAV4,WHITE,Hybrid,1,18250,62415,49,31/10/2019,TradeZone,MANUAL
67102,BMW,X1,GREY,Diesel,3,19950,31474,48,26/11/2021,TradeZone,AUTO
42974,VAUXHALL,ASTRA,WHITE,Diesel,2,6250,37370,80,31/10/2022,TradeZone,SEMI-AUTO
2727,VAUXHALL,ASTRA,WHITE,Diesel,1,6850,29871,70,30/06/2018,TradeZone,SEMI-AUTO
831,VAUXHALL,ASTRA,WHITE,Diesel,2,5500,53694,80,30/03/2019,TradeZone,AUTO
79684,SKODA,KODIAQ,BLACK,Diesel,2,18100,57653,72,27/08/2020,TradeZone,MANUAL
4332,AUDI,Q3,GREY,Petrol,2,21250,41384,44,30/04/2021,TradeZone,AUTO
14728,LAND ROVER,DISCOVERY SPORT,WHITE,Hybrid,1,20150,49911,51,20/07/2021,TradeZone,AUTO
18030,LAND ROVER,DISCOVERY SPORT,BLACK,Hybrid,1,18550,66593,51,26/11/2018,TradeZone,MANUAL
3548,LAND ROVER,DISCOVERY SPORT,GREY,Hybrid,1,20250,51347,50,06/01/2020,PARTEX,MANUAL
44731,HYUNDAI,TUCSON,GREY,Petrol,2,7125,65000,92,31/12/2020,TradeZone,MANUAL
17566,HYUNDAI,TUCSON,GREY,Petrol,4,7775,55706,84,21/07/2021,TradeZone,AUTO
87309,HYUNDAI,TUCSON,WHITE,Petrol,2,7550,61050,85,31/07/2021,TradeZone,MANUAL
29380,HYUNDAI,TUCSON,RED,Petrol,2,6400,86131,90,16/02/2019,PARTEX,MANUAL
60608,RENAULT,CAPTUR,BLACK,Petrol,4,12150,16100,62,31/03/2020,TradeZone,MANUAL
29384,RENAULT,CAPTUR,BLACK,Petrol,2,11850,21061,59,31/03/2020,TradeZone,MANUAL
19515,AUDI,Q4 E-TRON SPORTBACK,GREY,Electric,1,35900,5566,6,31/03/2020,TradeZone,MANUAL
35006,PEUGEOT,E-2008,BLUE,Electric,1,11400,33048,49,31/03/2021,TradeZone,MANUAL
3939,PEUGEOT,E-2008,BLUE,Electric,1,11450,32462,49,30/04/2021,TradeZone,MANUAL
14491,VOLKSWAGEN,POLO,BLACK,Petrol,3,8900,69054,59,12/12/2019,PARTEX,MANUAL
46073,VOLKSWAGEN,POLO,ORANGE,Petrol,2,11700,33801,48,30/09/2020,PARTEX,MANUAL
65463,VOLKSWAGEN,POLO,WHITE,Petrol,3,10550,44000,56,30/09/2022,TradeZone,SEMI-AUTO
73829,VOLKSWAGEN,POLO,WHITE,Petrol,1,12150,27950,46,30/06/2020,OTHER,AUTO
77141,VOLKSWAGEN,TIGUAN,WHITE,Petrol,1,18150,27271,39,06/05/2022,TradeZone,MANUAL
69258,VOLKSWAGEN,TIGUAN,SILVER,Petrol,2,20600,10461,31,19/11/2016,TradeZone,SEMI-AUTO
33256,VOLKSWAGEN,TIGUAN,BLACK,Petrol,1,18700,25986,37,31/10/2016,PARTEX,MANUAL
79309,VOLKSWAGEN,TIGUAN,BLUE,Petrol,1,18300,20240,50,16/02/2018,TradeZone,MANUAL
75059,LAND ROVER,RANGE ROVER VELAR,RED,Petrol,1,26850,56833,42,17/02/2023,OTHER,AUTO
93231,NISSAN,QASHQAI,BLACK,Hybrid,1,21400,20724,13,20/08/2019,TradeZone,SEMI-AUTO
69554,NISSAN,QASHQAI,BLACK,Hybrid,2,22900,3862,16,31/07/2021,TradeZone,MANUAL
57144,NISSAN,QASHQAI,RED,Hybrid,2,21250,8585,27,24/06/2019,TradeZone,MANUAL
8191,NISSAN,QASHQAI,BLACK,Hybrid,2,20200,22222,26,03/07/2020,TradeZone,SEMI-AUTO
66916,VAUXHALL,ASTRA,GREY,Petrol,2,1050,155000,169,31/03/2020,TradeZone,MANUAL
43850,AUDI,Q2,GREY,Petrol,3,13450,45395,91,31/03/2021,TradeZone,MANUAL
3066,PEUGEOT,5008,SILVER,Petrol,1,19350,24390,38,31/03/2021,TradeZone,MANUAL
67344,PEUGEOT,5008,BLUE,Petrol,1,16550,55797,38,31/03/2021,TradeZone,MANUAL
79373,NISSAN,NOTE,BLUE,Petrol,2,4550,19735,98,20/04/2022,TradeZone,AUTO
51106,VOLKSWAGEN,GOLF,BEIGE,Diesel,3,6275,105332,87,16/10/2017,TradeZone,SEMI-AUTO
10481,VOLKSWAGEN,GOLF,BLUE,Diesel,4,6925,87000,92,30/09/2021,TradeZone,AUTO
58599,VOLKSWAGEN,GOLF,GREY,Diesel,3,8825,61165,84,05/12/2019,TradeZone,MANUAL
20762,FORD,MONDEO,BLACK,Diesel,3,9075,32533,81,31/12/2020,TradeZone,MANUAL
1863,CITROEN,C2,WHITE,Petrol,5,670,48320,205,31/01/2019,TradeZone,MANUAL
34489,DACIA,DUSTER,BLUE,Diesel,2,9100,49704,72,31/07/2021,TradeZone,AUTO
69281,BMW,1 SERIES,GREY,Diesel,2,8925,57521,101,12/05/2017,PARTEX,MANUAL
58513,NISSAN,QASHQAI,BLACK,Diesel,3,9100,39668,72,31/03/2020,TradeZone,MANUAL
81529,MERCEDES-BENZ,CLA,BLACK,Petrol,2,12000,40315,74,31/03/2020,TradeZone,MANUAL
46484,MERCEDES-BENZ,CLA,GREY,Petrol,2,12400,34534,74,31/03/2021,TradeZone,MANUAL
53508,HONDA,CIVIC,BLACK,Petrol,3,17550,46000,84,31/03/2022,TradeZone,SEMI-AUTO
77711,PEUGEOT,108,BLUE,Petrol,2,7275,17461,62,31/03/2022,TradeZone,MANUAL
78514,PEUGEOT,108,RED,Petrol,2,7425,18423,56,18/11/2016,TradeZone,AUTO
2498,VOLKSWAGEN,POLO,BLACK,Petrol,2,12450,28654,74,26/05/2018,TradeZone,SEMI-AUTO
25158,MERCEDES-BENZ,C-CLASS,BLUE,Diesel,3,15550,57001,63,29/03/2019,TradeZone,SEMI-AUTO
87705,BMW,Z4,ORANGE,Petrol,1,23800,26823,42,30/06/2020,TradeZone,AUTO
6155,BMW,Z4,GREY,Petrol,2,19950,65743,49,30/06/2022,TradeZone,MANUAL
75532,HONDA,CIVIC,BLACK,Petrol,3,2950,94031,146,30/11/2020,TradeZone,SEMI-AUTO
70487,FORD,FOCUS,BLUE,Petrol,1,9475,57782,49,30/11/2020,TradeZone,SEMI-AUTO
87687,NISSAN,QASHQAI,BLUE,Petrol,3,12950,30872,74,07/01/2021,TradeZone,AUTO
21113,NISSAN,QASHQAI,BLUE,Petrol,1,8750,103257,65,31/12/2020,TradeZone,MANUAL
88872,NISSAN,QASHQAI,BLACK,Petrol,1,14000,14667,70,31/07/2021,TradeZone,AUTO
4151,AUDI,A1,BLUE,Petrol,2,6850,44003,103,29/01/2019,TradeZone,MANUAL
54029,NISSAN,MICRA,BLACK,Petrol,3,1100,73840,217,17/02/2022,TradeZone,MANUAL
73159,VAUXHALL,CORSA,BLACK,Petrol,2,6450,35558,106,31/03/2018,TradeZone,MANUAL
7087,RENAULT,CLIO,SILVER,Petrol,1,12050,13905,26,02/03/2019,TradeZone,MANUAL
8171,RENAULT,CLIO,GREY,Petrol,1,11750,17094,26,31/03/2020,TradeZone,MANUAL
81761,MINI,CLUBMAN,GREY,Petrol,2,8900,32388,86,31/03/2020,TradeZone,MANUAL
43165,PEUGEOT,5008,GREY,Diesel,4,11300,64519,84,31/03/2020,TradeZone,MANUAL
13251,SUZUKI,ALTO,BLUE,Petrol,3,2475,34900,169,31/03/2021,OTHER,MANUAL
56131,SSANGYONG,KORANDO,BLACK,Diesel,2,7900,28300,82,31/03/2021,TradeZone,MANUAL
8906,LAND ROVER,RANGE ROVER EVOQUE,BLUE,Hybrid,1,32900,3003,6,31/03/2021,TradeZone,MANUAL
10346,VOLKSWAGEN,TIGUAN,SILVER,Petrol,1,18250,15484,38,30/09/2017,TradeZone,MANUAL
50809,HYUNDAI,I20,WHITE,Petrol,2,7500,59452,68,11/11/2019,TradeZone,SEMI-AUTO
42044,HYUNDAI,I20,BLUE,Petrol,2,8500,45863,59,28/09/2021,TradeZone,MANUAL
95141,RENAULT,CAPTUR,BLACK,Petrol,2,4225,67500,98,12/07/2019,TradeZone,SEMI-AUTO
75421,RENAULT,CAPTUR,GREY,Petrol,2,5225,39589,97,01/06/2021,TradeZone,MANUAL
9321,BMW,X1,BLACK,Hybrid,1,18800,33181,43,18/11/2019,TradeZone,MANUAL
51634,BMW,X1,RED,Hybrid,2,18900,24228,53,29/01/2018,PARTEX,MANUAL
82833,BMW,X1,SILVER,Hybrid,1,15350,63828,49,07/06/2019,TradeZone,SEMI-AUTO
95581,AUDI,A3 CABRIOLET,BLACK,Diesel,2,2225,76400,154,31/07/2021,TradeZone,AUTO
26891,SUZUKI,VITARA,BLACK,Petrol,1,12400,46200,48,31/07/2021,TradeZone,AUTO
17389,SKODA,KAMIQ,ORANGE,Petrol,1,14500,17800,50,31/08/2021,TradeZone,AUTO
97992,SKODA,KAMIQ,BLACK,Petrol,1,13800,27000,50,29/01/2019,PARTEX,MANUAL
43824,VOLVO,XC40,SILVER,Hybrid,1,18350,56637,49,24/06/2020,TradeZone,AUTO
93400,LEXUS,IS,BLUE,Petrol,3,,65283,247,31/03/2020,TradeZone,MANUAL
46977,SKODA,FABIA,WHITE,Petrol,1,17050,1989,5,24/04/2021,PARTEX,MANUAL
33022,SKODA,OCTAVIA,BLACK,Diesel,4,10500,63821,68,30/04/2021,TradeZone,AUTO
83831,PEUGEOT,2008,BLACK,Petrol,1,8550,38690,68,14/04/2022,TradeZone,SEMI-AUTO
39969,PEUGEOT,2008,WHITE,Petrol,2,8375,41172,68,30/09/2017,TradeZone,MANUAL
91217,KIA,SPORTAGE,BLACK,Petrol,4,7350,72042,105,29/10/2019,TradeZone,SEMI-AUTO
47012,VAUXHALL,INSIGNIA,BLACK,Diesel,2,660,190000,128,14/10/2021,TradeZone,MANUAL
30620,MERCEDES-BENZ,C-CLASS,GREY,Hybrid,3,9975,37887,101,31/10/2022,TradeZone,MANUAL
89281,VAUXHALL,CROSSLAND X,GREY,Petrol,2,6025,37764,71,10/05/2018,TradeZone,MANUAL
96445,SEAT,TARRACO,BLUE,Petrol,1,16850,45698,40,30/04/2022,TradeZone,AUTO
19495,AUDI,Q7,GREY,Diesel,1,23900,44802,68,26/08/2022,TradeZone,AUTO
32349,BMW,3 SERIES,PURPLE,Hybrid,3,11900,42876,81,11/11/2017,TradeZone,MANUAL
26314,KIA,STONIC,BLUE,Petrol,1,9025,26794,74,16/12/2020,TradeZone,MANUAL
41616,VAUXHALL,CROSSLAND X,ORANGE,Petrol,1,7350,38688,49,26/11/2019,TradeZone,SEMI-AUTO
4268,FORD,ECOSPORT,WHITE,Petrol,2,10200,26019,72,26/01/2022,TradeZone,MANUAL
5609,FORD,ECOSPORT,GREY,Petrol,2,9575,41359,65,29/06/2019,TradeZone,MANUAL
63018,FORD,ECOSPORT,RED,Petrol,3,8250,55000,76,17/06/2019,TradeZone,MANUAL
84706,NISSAN,QASHQAI,BRONZE,Petrol,5,860,82233,211,30/09/2022,TradeZone,MANUAL
29133,AUDI,A1,GREY,Petrol,2,13350,25631,67,11/06/2019,TradeZone,SEMI-AUTO
61428,AUDI,A1,GREY,Petrol,1,13700,36991,50,12/12/2018,PARTEX,MANUAL
15768,AUDI,A1,BLUE,Petrol,2,14750,22869,47,05/06/2019,TradeZone,AUTO
95287,FORD,FIESTA,BLACK,Petrol,7,2000,64947,182,31/03/2021,TradeZone,SEMI-AUTO
25278,FORD,FIESTA,BLACK,Petrol,3,2100,72000,152,19/12/2018,TradeZone,MANUAL
73234,FORD,FIESTA,GREY,Petrol,2,1575,96500,163,18/05/2018,TradeZone,SEMI-AUTO
72437,FORD,FIESTA,BLACK,Petrol,2,950,137300,176,23/08/2018,PARTEX,MANUAL
71968,FORD,FIESTA,GREY,Petrol,3,520,63100,211,23/05/2017,PARTEX,SEMI-AUTO
23273,FORD,FIESTA,GREY,Petrol,5,240,131856,226,31/03/2020,TradeZone,SEMI-AUTO
27321,AUDI,Q7,BROWN,Petrol,1,56700,7788,8,31/03/2021,TradeZone,SEMI-AUTO
52707,NISSAN,MICRA,BLUE,Petrol,2,8575,17949,98,22/01/2021,OTHER,SEMI-AUTO
67255,NISSAN,JUKE,BLACK,Petrol,1,12750,16063,41,30/09/2020,TradeZone,MANUAL
33546,HYUNDAI,SANTA FE,BLUE,Diesel,3,19000,59600,63,29/03/2017,TradeZone,MANUAL
25572,BMW,1 SERIES,GREY,Petrol,1,16300,18114,50,31/03/2019,TradeZone,MANUAL
20202,MERCEDES-BENZ,A-CLASS,WHITE,Diesel,3,5075,83000,134,27/08/2019,TradeZone,MANUAL
29731,HONDA,CIVIC,WHITE,Petrol,3,11800,29201,71,03/08/2021,TradeZone,MANUAL
83456,PEUGEOT,308,BLUE,Petrol,3,7325,26520,74,13/03/2023,TradeZone,MANUAL
36228,FIAT,500,RED,Petrol,1,6600,62932,41,14/12/2020,TradeZone,MANUAL
5330,FIAT,500,BLACK,Petrol,1,9425,6332,28,24/09/2020,OTHER,SEMI-AUTO
42720,FIAT,500,WHITE,Petrol,1,8775,12005,37,21/05/2019,TradeZone,SEMI-AUTO
36627,PEUGEOT,2008,RED,Petrol,3,2400,54403,112,02/05/2018,TradeZone,MANUAL
9367,MERCEDES-BENZ,C-CLASS,BLACK,Petrol,3,4675,85992,131,26/03/2019,TradeZone,MANUAL
82320,LAND ROVER,RANGE ROVER EVOQUE,GREY,Diesel,3,8750,64000,86,05/03/2019,TradeZone,AUTO
89538,LAND ROVER,RANGE ROVER EVOQUE,GREY,Diesel,2,9125,57471,84,21/04/2022,TradeZone,SEMI-AUTO
93231,LAND ROVER,RANGE ROVER EVOQUE,BLACK,Diesel,4,9375,38456,106,29/11/2018,TradeZone,AUTO
66449,LAND ROVER,RANGE ROVER EVOQUE,WHITE,Diesel,2,9900,45331,82,30/09/2020,TradeZone,MANUAL
74792,LAND ROVER,RANGE ROVER EVOQUE,ORANGE,Diesel,4,8975,60000,83,25/09/2017,TradeZone,AUTO
41924,MINI,COUNTRYMAN,GREY,Hybrid,2,11800,49187,91,16/08/2018,TradeZone,MANUAL
67774,KIA,PROCEED,WHITE,Petrol,1,16000,26944,27,26/03/2020,TradeZone,MANUAL
27856,VOLKSWAGEN,GOLF,BLACK,Diesel,2,1800,131309,158,28/02/2022,TradeZone,MANUAL
95582,BMW,X3,BLUE,Diesel,2,20650,51195,87,07/11/2019,TradeZone,SEMI-AUTO
94353,JAGUAR,XE,GREY,Diesel,3,4450,89988,113,06/05/2021,TradeZone,MANUAL
43620,FORD,FIESTA,BLACK,Petrol,2,9500,29234,64,31/01/2022,TradeZone,AUTO
73488,FORD,FIESTA,SILVER,Petrol,3,9225,37812,62,31/10/2017,PARTEX,AUTO
33645,FORD,FIESTA,BLACK,Petrol,2,8350,43300,74,06/01/2020,TradeZone,SEMI-AUTO
49542,MERCEDES-BENZ,A-CLASS,BLACK,Diesel,3,11250,59752,80,10/09/2018,PARTEX,AUTO
62579,MERCEDES-BENZ,A-CLASS,WHITE,Diesel,4,13050,36356,79,17/09/2019,PARTEX,MANUAL
87760,AUDI,Q2,GREY,Petrol,2,23350,18366,36,28/03/2019,TradeZone,SEMI-AUTO
63239,VOLVO,V50,BLACK,Diesel,3,1850,117000,168,19/12/2017,TradeZone,AUTO
4164,FORD,EDGE,ORANGE,Diesel,2,10000,74000,91,31/03/2019,TradeZone,MANUAL
84182,VOLKSWAGEN,POLO,RED,Petrol,1,18700,3583,7,02/09/2019,TradeZone,SEMI-AUTO
27580,BMW,2 SERIES ACTIVE TOURER,GREY,Petrol,3,8625,35853,89,17/09/2020,TradeZone,MANUAL
20146,BMW,3 SERIES,BLACK,Diesel,6,15050,51000,98,25/09/2023,PARTEX,AUTO
8004,PEUGEOT,5008,RED,Diesel,1,17700,25574,47,27/01/2022,TradeZone,SEMI-AUTO
49523,SEAT,ARONA,GREY,Petrol,2,14400,37826,22,31/03/2021,TradeZone,MANUAL
72153,VOLKSWAGEN,GOLF,BLUE,Petrol,2,9275,65744,86,26/07/2022,TradeZone,AUTO
89359,FORD,FIESTA,SILVER,Petrol,2,5600,75000,84,23/05/2019,TradeZone,AUTO
11492,KIA,RIO,WHITE,Petrol,2,9350,42500,44,31/10/2017,PARTEX,SEMI-AUTO
99620,BMW,4 SERIES,BLUE,Diesel,3,12100,60881,84,16/07/2020,TradeZone,AUTO
67303,BMW,4 SERIES,BLUE,Diesel,3,11700,71915,80,13/10/2017,TradeZone,SEMI-AUTO
82440,HYUNDAI,I30,BLACK,Petrol,4,1400,147637,154,12/02/2021,TradeZone,AUTO
24795,FORD,FIESTA,SILVER,Petrol,9,3200,65340,123,30/11/2020,TradeZone,SEMI-AUTO
14833,TOYOTA,C-HR,BLUE,Hybrid,2,14350,27000,75,20/09/2021,TradeZone,MANUAL
15305,SMART,FORFOUR,SILVER,Petrol,3,6925,37991,77,28/11/2019,TradeZone,AUTO
17614,FORD,FOCUS,BLUE,Diesel,3,6350,63500,92,30/09/2019,TradeZone,MANUAL
1346,VAUXHALL,ASTRA,WHITE,Hybrid,1,21050,2893,8,01/09/2021,OTHER,MANUAL
90138,MERCEDES-BENZ,A-CLASS,GREY,Petrol,2,7450,73266,89,06/03/2017,PARTEX,SEMI-AUTO
3158,BMW,2 SERIES GRAN COUPE,GREY,Petrol,1,14650,63381,49,01/03/2018,TradeZone,MANUAL
32754,BMW,4 SERIES GRAN COUPE,BLACK,Diesel,2,15400,46847,83,19/09/2018,TradeZone,SEMI-AUTO
64957,MINI,COUNTRYMAN,GREY,Hybrid,1,17000,42828,50,22/05/2019,TradeZone,SEMI-AUTO
10053,AUDI,A5,GREY,Petrol,3,12700,51500,97,31/05/2019,TradeZone,MANUAL
20281,MINI,HATCHBACK,WHITE,Petrol,4,8100,69000,116,28/04/2023,TradeZone,AUTO
63467,VOLVO,XC90,GREY,Diesel,2,33100,28798,48,16/01/2020,TradeZone,MANUAL
88716,RENAULT,CAPTUR,BLUE,Petrol,1,12800,7176,42,31/12/2019,TradeZone,SEMI-AUTO
89343,KIA,SPORTAGE,WHITE,Diesel,2,9750,47485,86,14/02/2020,OTHER,MANUAL
48961,AUDI,A3,WHITE,Petrol,2,11800,40127,77,27/01/2021,OTHER,AUTO
97539,MINI,HATCHBACK,RED,Petrol,2,11300,64608,65,10/02/2021,TradeZone,AUTO
82386,VOLKSWAGEN,GOLF,WHITE,Petrol,3,10250,48470,93,22/06/2017,TradeZone,AUTO
41560,VAUXHALL,CORSA,WHITE,Diesel,5,1175,82867,148,08/08/2018,TradeZone,SEMI-AUTO
56837,KIA,SPORTAGE,RED,Diesel,2,16050,25913,70,03/12/2018,PARTEX,MANUAL
79275,KIA,SPORTAGE,GREY,Diesel,1,16950,34995,48,18/12/2020,TradeZone,AUTO
25803,KIA,SPORTAGE,BLACK,Diesel,1,18250,13536,57,26/06/2019,TradeZone,AUTO
54459,KIA,SPORTAGE,BLUE,Diesel,1,15100,44000,62,28/03/2018,TradeZone,SEMI-AUTO
64136,MERCEDES-BENZ,GLA,GREY,Petrol,1,21950,35677,40,14/03/2019,TradeZone,MANUAL
74250,FIAT,500,GREY,Petrol,1,8425,28376,50,19/12/2017,TradeZone,AUTO
6722,VOLVO,XC90,BLUE,Diesel,4,,178602,245,31/12/2020,TradeZone,SEMI-AUTO
68797,NISSAN,X-TRAIL,PINK,Diesel,3,7125,49505,101,12/12/2019,TradeZone,MANUAL
77386,MINI,HATCHBACK,SILVER,Petrol,4,1450,116000,174,17/09/2019,TradeZone,MANUAL
83534,KIA,STONIC,GREY,Petrol,2,12550,27450,50,26/09/2017,TradeZone,MANUAL
80938,KIA,STONIC,SILVER,Petrol,2,12850,26030,41,02/09/2021,OTHER,SEMI-AUTO
4330,AUDI,Q4 E-TRON SPORTBACK,WHITE,Electric,1,35100,3478,14,05/07/2022,OTHER,MANUAL
68589,FORD,FOCUS,GREY,Diesel,2,15300,23032,38,28/12/2018,TradeZone,MANUAL
30196,MITSUBISHI,SHOGUN SPORT,GREY,Diesel,2,15200,64000,80,30/01/2019,TradeZone,MANUAL
36068,JAGUAR,I-PACE,BLACK,Electric,1,16150,66045,44,16/12/2022,TradeZone,MANUAL
58990,VOLKSWAGEN,ID.7,GREY,Electric,2,32200,11793,16,22/07/2022,TradeZone,AUTO
36950,DACIA,DUSTER,GREY,Petrol,1,13150,19598,23,21/12/2020,TradeZone,SEMI-AUTO
83391,VOLKSWAGEN,GOLF,BLACK,Petrol,6,1475,155000,230,15/12/2020,TradeZone,SEMI-AUTO
17863,VAUXHALL,CROSSLAND,WHITE,Diesel,1,10750,42349,38,18/01/2021,TradeZone,MANUAL
2065,KIA,PICANTO,WHITE,Petrol,1,6700,29000,50,25/01/2022,TradeZone,SEMI-AUTO
79848,KIA,PICANTO,RED,Petrol,1,6850,22600,51,14/02/2022,TradeZone,SEMI-AUTO
80624,LAND ROVER,RANGE ROVER,BLUE,Petrol,4,53900,29800,55,31/05/2021,TradeZone,MANUAL
34460,BMW,X3,BLUE,Diesel,2,21050,64141,53,31/05/2021,TradeZone,MANUAL
87679,BMW,X3,BLACK,Diesel,1,23200,51408,48,10/03/2017,PARTEX,MANUAL
55334,BMW,X3,BLACK,Diesel,3,23450,49639,45,20/03/2017,PARTEX,MANUAL
55325,AUDI,A3,BLUE,Diesel,5,3700,102000,116,19/09/2018,TradeZone,MANUAL
39404,FORD,ECOSPORT,WHITE,Petrol,2,10300,32000,48,21/09/2020,TradeZone,MANUAL
99616,PEUGEOT,208,GREY,Petrol,3,1100,46500,143,31/01/2021,TradeZone,SEMI-AUTO
7129,AUDI,A3,GREY,Diesel,1,20450,38476,20,26/01/2017,PARTEX,MANUAL
89873,AUDI,A3,BLUE,Diesel,1,16600,49985,56,22/12/2017,PARTEX,SEMI-AUTO
56617,MAZDA,CX-5,BLUE,Petrol,2,13700,38383,74,30/12/2019,TradeZone,MANUAL
27889,LAND ROVER,RANGE ROVER SPORT,GREY,Diesel,2,21950,38428,81,29/03/2016,PARTEX,SEMI-AUTO
98725,AUDI,Q2,BLACK,Petrol,3,11800,44990,67,11/03/2022,TradeZone,SEMI-AUTO
97370,AUDI,Q2,BLUE,Petrol,2,13800,23832,56,11/09/2017,PARTEX,SEMI-AUTO
47264,FIAT,500,BLACK,Petrol,3,1925,100500,122,13/09/2017,TradeZone,SEMI-AUTO
36794,FIAT,500,SILVER,Petrol,4,2300,75237,128,07/08/2017,TradeZone,MANUAL
33978,FIAT,500,BLACK,Petrol,2,1700,73100,182,31/08/2022,TradeZone,MANUAL
53135,FIAT,500,RED,Petrol,2,2825,50240,128,31/01/2018,TradeZone,MANUAL
74324,FIAT,500,GREY,Petrol,5,1825,77047,164,31/01/2021,TradeZone,MANUAL
72282,FIAT,500,BLACK,Petrol,3,2475,58943,140,30/06/2022,TradeZone,AUTO
64717,FIAT,500,BLACK,Petrol,4,1400,97000,176,28/01/2022,TradeZone,AUTO
44770,FIAT,500,WHITE,Petrol,5,1725,96500,144,21/06/2021,TradeZone,MANUAL
6051,HYUNDAI,I20,WHITE,Petrol,2,7700,40226,93,15/02/2021,TradeZone,MANUAL
67888,HYUNDAI,IX35,WHITE,Diesel,2,3150,73548,127,06/10/2021,PARTEX,SEMI-AUTO
88586,HYUNDAI,IX35,BLUE,Diesel,3,2825,86155,126,31/03/2019,TradeZone,MANUAL
24076,LAND ROVER,RANGE ROVER EVOQUE,BLUE,Diesel,1,12750,53662,62,31/10/2018,TradeZone,MANUAL
52581,LAND ROVER,RANGE ROVER EVOQUE,RED,Diesel,2,13800,26185,65,02/09/2021,TradeZone,SEMI-AUTO
51738,LAND ROVER,RANGE ROVER EVOQUE,WHITE,Diesel,1,14250,25070,62,22/12/2016,TradeZone,SEMI-AUTO
20708,LAND ROVER,RANGE ROVER EVOQUE,YELLOW,Diesel,1,14000,29735,62,30/12/2019,TradeZone,SEMI-AUTO
37457,KIA,PROCEED,BLACK,Petrol,2,13300,34300,48,31/03/2019,TradeZone,MANUAL
69964,NISSAN,JUKE,BLUE,Petrol,1,14250,25055,38,20/09/2018,TradeZone,MANUAL
49360,FIAT,500X,BLACK,Petrol,2,4400,47346,98,11/10/2019,TradeZone,SEMI-AUTO
3684,FIAT,500X,BLUE,Petrol,3,5200,36322,79,30/09/2020,PARTEX,MANUAL
51782,FORD,MONDEO,TURQUOISE,Diesel,2,10100,62419,68,29/09/2021,TradeZone,MANUAL
29020,FIAT,500,WHITE,Petrol,6,1850,58000,152,18/05/2016,PARTEX,SEMI-AUTO
15420,BMW,1 SERIES,WHITE,Petrol,4,6825,60335,107,31/12/2018,TradeZone,MANUAL
43371,FORD,FIESTA,BLACK,Petrol,2,8025,21508,69,31/01/2019,TradeZone,SEMI-AUTO
768,FORD,FIESTA,GREY,Petrol,1,6575,45144,76,23/11/2018,TradeZone,SEMI-AUTO
18950,FORD,FIESTA,BLACK,Petrol,2,8700,14171,64,26/05/2021,PARTEX,SEMI-AUTO
67556,AUDI,A3,WHITE,Diesel,5,1400,133129,178,25/01/2017,TradeZone,MANUAL
81387,FORD,FOCUS,GREY,Petrol,1,16850,14903,28,14/02/2020,TradeZone,MANUAL
55975,LAND ROVER,RANGE ROVER EVOQUE,SILVER,Diesel,1,7500,49331,80,02/03/2018,TradeZone,SEMI-AUTO
24154,JAGUAR,F-PACE,BLACK,Diesel,2,27300,41908,29,30/05/2018,TradeZone,SEMI-AUTO
18007,FORD,FIESTA,GREY,Petrol,5,,42000,254,23/01/2020,TradeZone,AUTO
15015,MERCEDES-BENZ,CLK,BLACK,Diesel,4,1000,127695,191,30/11/2018,PARTEX,MANUAL
82261,PEUGEOT,308,BLACK,Diesel,2,8100,34885,86,19/06/2020,TradeZone,AUTO
74648,FORD,FOCUS,BLACK,Diesel,3,10750,52094,74,07/09/2018,TradeZone,MANUAL
39033,AUDI,A3,BLACK,Petrol,2,13500,29328,79,04/09/2020,TradeZone,AUTO
78644,MERCEDES-BENZ,SLC,GREY,Diesel,4,11850,60000,95,04/09/2020,TradeZone,SEMI-AUTO
77542,MERCEDES-BENZ,SLC,BLACK,Diesel,1,13350,31884,95,21/06/2017,PARTEX,MANUAL
97398,BMW,X1,GREY,Hybrid,2,14550,77432,52,31/05/2019,TradeZone,MANUAL
94875,SMART,FORTWO COUPE,GREY,Petrol,1,1825,104938,138,25/06/2016,TradeZone,AUTO
77683,NISSAN,LEAF,GREY,Electric,1,3275,37067,92,11/06/2021,OTHER,MANUAL
25648,NISSAN,LEAF,SILVER,Electric,3,2550,71003,94,30/12/2016,TradeZone,SEMI-AUTO
27507,VAUXHALL,CORSA,WHITE,Petrol,1,6275,32778,74,23/04/2018,TradeZone,MANUAL
43998,VAUXHALL,CORSA,BLACK,Petrol,2,6475,26801,76,18/09/2020,TradeZone,MANUAL
5330,HYUNDAI,TUCSON,GREY,Diesel,3,8900,48592,96,16/11/2017,TradeZone,MANUAL
79294,HYUNDAI,TUCSON,ORANGE,Diesel,3,8750,51624,96,30/09/2021,TradeZone,MANUAL
2949,AUDI,Q7,WHITE,Petrol,1,54400,7161,8,03/09/2021,TradeZone,AUTO
21305,MERCEDES-BENZ,A-CLASS,RED,Petrol,3,9550,51557,87,21/04/2021,TradeZone,MANUAL
1311,RENAULT,KADJAR,GREY,Petrol,3,5600,55170,80,28/02/2023,TradeZone,AUTO
97516,MAZDA,MAZDA3,WHITE,Petrol,2,13700,33350,40,29/08/2019,TradeZone,MANUAL
54536,AUDI,A6,GREY,Petrol,1,18850,35029,50,28/03/2019,TradeZone,SEMI-AUTO
24655,VOLVO,S90,GREY,Petrol,2,14050,46859,68,02/04/2019,OTHER,MANUAL
70718,TOYOTA,COROLLA,ORANGE,Petrol,2,,89450,244,10/08/2020,TradeZone,AUTO
59328,SEAT,ARONA,BLACK,Petrol,1,10500,51695,49,31/12/2021,TradeZone,SEMI-AUTO
5012,BMW,2 SERIES GRAN TOURER,GREY,Diesel,2,7700,81000,82,25/11/2019,TradeZone,SEMI-AUTO
38520,MERCEDES-BENZ,C-CLASS,GREY,Diesel,2,14250,55883,92,01/02/2020,PARTEX,SEMI-AUTO
35382,MAZDA,MX-5 HARD-TOP,WHITE,Petrol,3,6800,60305,122,23/01/2021,TradeZone,MANUAL
16173,VAUXHALL,CORSA,GREY,Petrol,1,9700,21022,47,04/03/2019,PARTEX,MANUAL
65560,SEAT,LEON,BLACK,Diesel,3,9725,21661,90,27/09/2020,TradeZone,AUTO
4890,MAZDA,MAZDA3,GREY,Petrol,2,10000,45675,55,02/03/2021,TradeZone,MANUAL
31185,RENAULT,CLIO,BLACK,Petrol,1,12650,18603,44,03/12/2020,OTHER,AUTO
14160,VOLKSWAGEN,PASSAT,WHITE,Diesel,3,8200,60808,86,14/06/2021,OTHER,MANUAL
70692,HYUNDAI,I10,BLACK,Petrol,4,3400,52142,116,31/07/2021,TradeZone,MANUAL
42578,SEAT,TARRACO,BLUE,Diesel,2,17350,49150,65,11/03/2019,TradeZone,AUTO
30902,PEUGEOT,208,GREY,Petrol,2,3075,82000,93,29/03/2019,PARTEX,MANUAL
59511,LAND ROVER,RANGE ROVER EVOQUE,RED,Hybrid,1,21850,15441,41,31/03/2021,TradeZone,AUTO
1481,LAND ROVER,RANGE ROVER EVOQUE,ORANGE,Hybrid,1,23200,12878,29,31/03/2021,TradeZone,AUTO
11505,NISSAN,JUKE,SILVER,Diesel,2,2050,110500,118,19/05/2017,PARTEX,MANUAL
93748,NISSAN,JUKE,RED,Diesel,4,2875,72744,128,28/06/2018,PARTEX,MANUAL
42560,MERCEDES-BENZ,C-CLASS,GREY,Petrol,2,14000,79723,57,22/06/2018,TradeZone,MANUAL
72133,PEUGEOT,3008,GREY,Diesel,2,7250,76763,92,30/06/2020,TradeZone,MANUAL
39990,PEUGEOT,3008,BLUE,Diesel,4,6150,106875,95,24/05/2021,TradeZone,SEMI-AUTO
17850,SKODA,KAROQ,BLUE,Diesel,2,15350,54667,68,05/03/2021,TradeZone,MANUAL
68671,PORSCHE,MACAN,SILVER,Diesel,4,18900,54159,103,22/12/2020,TradeZone,MANUAL
72040,MINI,COUNTRYMAN,GREY,Petrol,1,12350,35209,69,31/10/2020,TradeZone,MANUAL
30657,MAZDA,MAZDA3,BLACK,Petrol,1,12750,18157,50,31/10/2020,TradeZone,MANUAL
63251,MAZDA,MAZDA3,BLACK,Petrol,1,12100,35508,36,28/01/2021,TradeZone,MANUAL
39903,CITROEN,C5 AIRCROSS,BLUE,Diesel,1,13700,19821,39,30/11/2020,TradeZone,SEMI-AUTO
35748,CITROEN,C5 AIRCROSS,BLUE,Diesel,1,13450,29782,38,31/03/2021,TradeZone,AUTO
29750,CITROEN,C5 AIRCROSS,WHITE,Diesel,2,13700,25346,38,08/11/2021,TradeZone,MANUAL
49160,CITROEN,C5 AIRCROSS,ORANGE,Diesel,2,11650,51864,39,30/04/2021,TradeZone,AUTO
54087,SKODA,OCTAVIA,GREY,Petrol,1,9800,53041,59,31/03/2020,TradeZone,MANUAL
33554,SEAT,LEON,GREY,Petrol,2,16100,21003,30,28/12/2017,TradeZone,SEMI-AUTO
59811,SEAT,LEON,RED,Petrol,1,15750,18934,40,25/05/2023,TradeZone,AUTO
4621,SEAT,LEON,BLACK,Petrol,1,16000,19507,35,30/03/2016,TradeZone,MANUAL
60315,AUDI,A5,WHITE,Diesel,4,1375,173787,170,05/04/2019,TradeZone,AUTO
48538,BMW,4 SERIES GRAN COUPE,GREY,Diesel,1,15850,59384,62,30/11/2020,TradeZone,SEMI-AUTO
70497,BMW,4 SERIES GRAN COUPE,GREY,Diesel,2,13950,76415,62,01/12/2021,TradeZone,MANUAL
78662,FORD,KUGA,WHITE,Petrol,2,18050,13500,35,16/03/2018,PARTEX,MANUAL
12428,FORD,FIESTA,WHITE,Petrol,5,1875,70000,170,22/03/2021,TradeZone,SEMI-AUTO
1336,LAND ROVER,DISCOVERY,BLUE,Diesel,2,13250,68424,83,31/03/2021,TradeZone,SEMI-AUTO
57846,LAND ROVER,DISCOVERY,WHITE,Diesel,3,13200,74385,77,31/03/2021,TradeZone,MANUAL
73405,LAND ROVER,DISCOVERY,BLACK,Diesel,4,15700,51512,62,30/09/2019,TradeZone,MANUAL
39119,LAND ROVER,DISCOVERY,BLACK,Diesel,4,13300,60827,89,06/12/2021,TradeZone,AUTO
31970,FORD,FIESTA,GREY,Petrol,1,1675,108400,132,12/03/2021,TradeZone,MANUAL
4476,HONDA,JAZZ,BLACK,Petrol,4,11800,36257,76,15/09/2021,TradeZone,AUTO
57637,FORD,MONDEO,BLUE,Petrol,2,7100,52510,104,29/07/2021,TradeZone,SEMI-AUTO
46233,VOLKSWAGEN,GOLF,GREY,Petrol,3,11100,60000,74,31/08/2018,PARTEX,AUTO
67120,VAUXHALL,MERIVA,BLACK,Petrol,4,2950,36332,100,30/12/2019,TradeZone,MANUAL
41577,BMW,1 SERIES,GREY,Diesel,1,14300,70585,49,31/12/2023,OTHER,MANUAL
93306,BMW,1 SERIES,BLACK,Diesel,1,16400,39149,52,30/11/2020,TradeZone,SEMI-AUTO
89939,BMW,1 SERIES,BLUE,Diesel,1,15900,49631,50,20/03/2020,TradeZone,SEMI-AUTO
89924,RENAULT,CAPTUR,ORANGE,Diesel,2,6625,34333,92,28/08/2020,TradeZone,MANUAL
17481,RENAULT,CAPTUR,GREY,Diesel,3,4975,71062,92,30/03/2021,TradeZone,SEMI-AUTO
3294,VOLKSWAGEN,PASSAT,GREY,Diesel,1,16000,43164,53,31/03/2021,TradeZone,MANUAL
75706,MERCEDES-BENZ,A-CLASS,GREY,Petrol,2,11050,43000,88,13/09/2017,TradeZone,MANUAL
10329,FORD,C-MAX,GREY,Diesel,4,1875,109331,133,01/09/2017,PARTEX,SEMI-AUTO
42694,VOLKSWAGEN,E-UP!,WHITE,Electric,1,10750,5225,28,30/09/2020,TradeZone,MANUAL
70018,VOLKSWAGEN,E-UP!,BLACK,Electric,1,8850,19392,41,09/12/2021,OTHER,MANUAL
79409,VOLKSWAGEN,E-UP!,RED,Electric,1,9175,22728,38,15/03/2016,PARTEX,MANUAL
60130,SEAT,TARRACO,BLACK,Diesel,3,16250,52956,67,19/03/2018,TradeZone,MANUAL
22011,VOLKSWAGEN,GOLF,BLUE,Petrol,3,11250,80000,73,13/04/2021,TradeZone,MANUAL
17122,VAUXHALL,ASTRA,GREY,Petrol,2,6975,43564,68,26/07/2021,TradeZone,AUTO
47419,LAND ROVER,RANGE ROVER VELAR,BLACK,Diesel,3,16500,58805,80,30/06/2018,TradeZone,SEMI-AUTO
58489,SEAT,IBIZA,PURPLE,Petrol,1,13450,20350,50,18/09/2017,PARTEX,AUTO
89912,AUDI,A5,RED,Petrol,1,34000,1325,6,31/01/2020,TradeZone,MANUAL
28153,VOLKSWAGEN,MULTIVAN,WHITE,Diesel,1,41600,4133,10,21/08/2020,PARTEX,SEMI-AUTO
67038,PEUGEOT,2008,ORANGE,Petrol,1,11200,22762,50,30/11/2020,TradeZone,AUTO
19743,PEUGEOT,2008,BLUE,Petrol,1,12050,22472,37,31/03/2021,TradeZone,SEMI-AUTO
69595,MINI,HATCHBACK,GREY,Petrol,2,6925,62922,104,13/05/2021,OTHER,SEMI-AUTO
16134,MERCEDES-BENZ,A-CLASS,WHITE,Hybrid,1,15350,55592,50,30/09/2020,TradeZone,MANUAL
49822,MERCEDES-BENZ,A-CLASS,BLUE,Hybrid,1,14150,64441,54,30/09/2020,TradeZone,MANUAL
74177,MERCEDES-BENZ,A-CLASS,BLUE,Hybrid,1,14150,64620,56,28/06/2019,TradeZone,MANUAL
49213,MERCEDES-BENZ,A-CLASS,BLUE,Hybrid,1,16550,43024,49,21/03/2017,TradeZone,MANUAL
43612,MERCEDES-BENZ,A-CLASS,GREY,Hybrid,1,16350,40196,56,13/08/2018,TradeZone,MANUAL
32246,BMW,2 SERIES GRAN COUPE,GREY,Petrol,1,17600,22691,38,01/06/2020,TradeZone,AUTO
35361,BMW,2 SERIES GRAN COUPE,BLACK,Petrol,1,16700,32311,37,03/09/2018,TradeZone,AUTO
30648,BMW,2 SERIES GRAN COUPE,RED,Petrol,1,15100,44921,50,30/09/2019,TradeZone,MANUAL
80957,BMW,2 SERIES GRAN COUPE,BLACK,Petrol,1,17250,26517,38,04/09/2019,TradeZone,AUTO
60180,NISSAN,QASHQAI,RED,Petrol,2,12850,22122,86,21/09/2018,TradeZone,SEMI-AUTO
94622,SKODA,KODIAQ,GREY,Diesel,2,15550,70192,73,30/08/2019,TradeZone,MANUAL
32377,SKODA,KODIAQ,BLUE,Diesel,3,17750,40615,76,30/07/2015,PARTEX,MANUAL
64236,VAUXHALL,CORSA,WHITE,Petrol,,4425,45000,80,31/12/2023,OTHER,MANUAL
16647,VAUXHALL,CORSA,BLUE,Petrol,3,5475,23182,80,30/11/2020,TradeZone,MANUAL
2293,SEAT,LEON,RED,Diesel,2,3650,92053,118,30/11/2020,TradeZone,AUTO
60428,AUDI,A4 ALLROAD,RED,Diesel,1,24850,37421,50,14/09/2016,TradeZone,AUTO
30759,JAGUAR,F-PACE,BLACK,Hybrid,1,25600,40310,38,05/11/2019,TradeZone,SEMI-AUTO
10952,VOLKSWAGEN,ARTEON,GREY,Diesel,2,25550,31735,26,27/09/2019,TradeZone,MANUAL
12380,VOLKSWAGEN,ARTEON,BLACK,Diesel,2,27000,18700,27,30/09/2020,TradeZone,MANUAL
90541,SEAT,ARONA,GREY,Petrol,2,10250,32948,79,02/09/2020,TradeZone,SEMI-AUTO
3059,KIA,SPORTAGE,SILVER,Diesel,1,14250,40838,40,30/09/2020,TradeZone,SEMI-AUTO
11178,KIA,SPORTAGE,BLUE,Diesel,1,14750,29179,46,16/09/2020,TradeZone,MANUAL
8301,KIA,SPORTAGE,WHITE,Diesel,1,14400,29539,52,30/09/2020,TradeZone,MANUAL
97076,HYUNDAI,I20,BLUE,Petrol,1,7550,39629,72,10/09/2021,TradeZone,MANUAL
79087,MINI,HATCHBACK,WHITE,Petrol,2,2175,42000,152,30/09/2021,TradeZone,MANUAL
79839,MINI,HATCHBACK,GREY,Petrol,3,1750,69938,146,31/10/2015,PARTEX,MANUAL
65759,VAUXHALL,CORSA,BLACK,Petrol,3,13300,20000,53,25/09/2018,TradeZone,MANUAL
2295,PEUGEOT,108,BLACK,Petrol,1,7925,2739,50,31/03/2021,OTHER,SEMI-AUTO
65724,PEUGEOT,108,WHITE,Petrol,1,5400,36029,77,01/09/2018,TradeZone,MANUAL
86489,MERCEDES-BENZ,C-CLASS,GREY,Petrol,4,13100,44349,95,31/07/2018,TradeZone,MANUAL
12080,MINI,COUNTRYMAN,GREY,Diesel,2,2450,69301,168,31/07/2020,TradeZone,AUTO
91441,CITROEN,C1,BLACK,Petrol,2,1450,57930,131,30/06/2021,TradeZone,MANUAL
64693,BMW,2 SERIES,BLACK,Diesel,2,13050,31247,77,31/12/2018,TradeZone,SEMI-AUTO
53943,FORD,FOCUS,RED,Diesel,4,960,110000,164,31/01/2019,PARTEX,MANUAL
50892,LAND ROVER,DEFENDER,GREY,Diesel,3,46800,37584,48,31/12/2023,OTHER,MANUAL
68327,VAUXHALL,MOKKA,WHITE,Petrol,1,15450,13612,39,31/12/2023,OTHER,MANUAL
24518,CITROEN,C3 PICASSO,GREY,Diesel,2,2700,48011,122,31/12/2023,OTHER,MANUAL
75487,HYUNDAI,I10,BLUE,Petrol,4,880,40322,202,31/03/2017,TradeZone,SEMI-AUTO
88025,MAZDA,MAZDA3,GREY,Petrol,2,9525,40752,83,22/06/2020,TradeZone,SEMI-AUTO
95111,MAZDA,MAZDA3,WHITE,Petrol,2,7375,79000,83,30/12/2020,TradeZone,MANUAL
21814,NISSAN,JUKE,BLACK,Petrol,2,12600,42000,48,31/12/2020,TradeZone,MANUAL
20076,KIA,RIO,SILVER,Petrol,3,7650,70750,68,31/03/2021,TradeZone,SEMI-AUTO
13350,MERCEDES-BENZ,C-CLASS,WHITE,Petrol,2,20600,27535,92,22/06/2022,TradeZone,MANUAL
62878,MERCEDES-BENZ,E-CLASS,WHITE,Petrol,1,33300,16086,34,19/10/2018,TradeZone,MANUAL
28242,SKODA,FABIA,WHITE,Petrol,5,7300,45643,95,30/09/2022,TradeZone,SEMI-AUTO
91035,VAUXHALL,CORSA,BLACK,Petrol,1,11550,20042,36,01/07/2019,OTHER,MANUAL
8270,AUDI,A3,RED,Petrol,2,2200,89474,176,24/09/2018,TradeZone,SEMI-AUTO
90762,DACIA,SANDERO,RED,Petrol,1,5275,13279,55,08/07/2019,TradeZone,MANUAL
4541,VOLKSWAGEN,T-CROSS,BLACK,Petrol,1,17350,13710,36,06/03/2020,TradeZone,AUTO
3692,VOLKSWAGEN,T-CROSS,RED,Petrol,1,16250,26114,37,22/09/2017,TradeZone,AUTO
29495,BMW,2 SERIES ACTIVE TOURER,BLACK,Diesel,2,9475,31610,87,04/09/2019,TradeZone,SEMI-AUTO
14020,LAND ROVER,RANGE ROVER EVOQUE,WHITE,Petrol,1,17200,30000,63,15/07/2018,TradeZone,MANUAL
82663,LAND ROVER,RANGE ROVER EVOQUE,WHITE,Petrol,1,14250,77470,63,21/06/2021,TradeZone,SEMI-AUTO
16108,MERCEDES-BENZ,A-CLASS,BLACK,Diesel,3,14300,28429,74,30/06/2021,TradeZone,MANUAL
29685,FORD,MONDEO,WHITE,Diesel,3,5950,64503,113,31/01/2018,TradeZone,MANUAL
68553,FORD,PUMA,RED,Petrol,1,12050,17013,58,08/02/2021,TradeZone,AUTO
5573,VAUXHALL,CORSA-E,WHITE,Electric,1,8650,45512,48,03/01/2022,TradeZone,SEMI-AUTO
146,VOLVO,XC40,GREY,Hybrid,1,21700,24659,38,31/12/2023,OTHER,MANUAL
58381,VOLVO,XC40,WHITE,Hybrid,1,17550,54932,50,31/12/2023,OTHER,MANUAL
55953,VOLVO,XC40,WHITE,Hybrid,1,19500,33883,50,31/03/2018,TradeZone,MANUAL
28424,VOLVO,XC40,WHITE,Hybrid,1,20550,23973,50,25/06/2021,TradeZone,SEMI-AUTO
19564,VOLVO,XC40,ORANGE,Hybrid,1,18400,45520,49,30/11/2020,TradeZone,MANUAL
83484,TOYOTA,AYGO,SILVER,Petrol,5,8150,29500,74,13/05/2021,TradeZone,MANUAL
50917,MINI,COUNTRYMAN,BLACK,Hybrid,1,18100,39536,39,31/03/2021,TradeZone,MANUAL
29811,HYUNDAI,IONIQ 5,RED,Electric,1,16750,21148,38,01/03/2022,TradeZone,MANUAL
27672,KIA,SPORTAGE,BLACK,Petrol,2,8100,42000,86,14/09/2017,PARTEX,MANUAL
71306,KIA,SPORTAGE,GREY,Petrol,2,7450,57686,84,30/09/2018,PARTEX,MANUAL
83044,KIA,SPORTAGE,GREY,Petrol,2,7675,51956,85,30/09/2020,TradeZone,MANUAL
28637,KIA,SPORTAGE,WHITE,Petrol,2,8025,44128,82,30/09/2020,TradeZone,MANUAL
9029,KIA,SPORTAGE,BLUE,Petrol,2,6525,64455,104,27/04/2018,TradeZone,MANUAL
30641,KIA,SPORTAGE,SILVER,Petrol,2,7150,60000,87,23/11/2019,PARTEX,AUTO
78471,KIA,SPORTAGE,GREY,Petrol,3,7075,67967,86,08/10/2019,TradeZone,SEMI-AUTO
79289,MINI,HATCHBACK,GREY,Petrol,1,17100,19753,32,25/03/2021,TradeZone,SEMI-AUTO
55031,LAND ROVER,DISCOVERY SPORT,BLACK,Hybrid,1,26250,20127,23,30/09/2020,TradeZone,AUTO
32373,VAUXHALL,ASTRA,GREY,Diesel,3,5875,48062,79,01/09/2021,TradeZone,SEMI-AUTO
92256,VAUXHALL,CORSA,RED,Petrol,2,,53828,258,02/09/2020,TradeZone,AUTO
59427,SEAT,ARONA,WHITE,Petrol,4,7775,49736,82,18/06/2021,TradeZone,SEMI-AUTO
63766,SEAT,ARONA,BLUE,Petrol,2,8275,38760,85,30/06/2021,TradeZone,MANUAL
58381,SEAT,ARONA,RED,Petrol,3,7125,67826,82,08/02/2021,TradeZone,SEMI-AUTO
45052,FORD,FIESTA,GREY,Petrol,2,4625,37531,95,31/12/2023,OTHER,MANUAL
19034,FORD,FIESTA,WHITE,Petrol,3,2400,89000,124,31/12/2023,OTHER,MANUAL
36546,FORD,FIESTA,SILVER,Petrol,5,3000,72881,116,31/03/2020,TradeZone,SEMI-AUTO
74372,FORD,FIESTA,BLACK,Petrol,2,3625,45249,133,21/07/2020,TradeZone,MANUAL
2680,FORD,FIESTA,WHITE,Petrol,5,2200,93094,136,28/07/2020,OTHER,MANUAL
97323,AUDI,TT,BLACK,Petrol,1,20450,17903,62,30/06/2020,TradeZone,SEMI-AUTO
62521,BMW,1 SERIES,BLACK,Diesel,5,820,141149,188,18/01/2019,TradeZone,SEMI-AUTO
84468,FORD,FOCUS,GREY,Diesel,3,440,140500,216,13/03/2020,TradeZone,MANUAL
35921,TOYOTA,AYGO,GREY,Petrol,6,890,65000,201,31/03/2021,TradeZone,SEMI-AUTO
84568,BMW,1 SERIES,WHITE,Petrol,1,17550,44645,38,30/09/2020,TradeZone,MANUAL
66647,BMW,1 SERIES,BLUE,Petrol,2,21850,15067,20,30/09/2020,TradeZone,AUTO
71639,BMW,1 SERIES,ORANGE,Petrol,1,20500,14886,38,30/09/2020,TradeZone,MANUAL
65414,DACIA,SANDERO,BLUE,Petrol,1,3975,16187,85,03/03/2020,TradeZone,MANUAL
57703,AUDI,Q3,WHITE,Diesel,3,9875,71807,107,13/08/2019,TradeZone,SEMI-AUTO
1121,AUDI,Q3,BLUE,Diesel,4,10200,64500,111,08/06/2023,TradeZone,SEMI-AUTO
53268,VAUXHALL,CORSA,BLUE,Diesel,2,2000,107200,102,31/01/2020,TradeZone,SEMI-AUTO
94064,VAUXHALL,CORSA,WHITE,Petrol,3,3925,58800,120,31/03/2021,TradeZone,SEMI-AUTO
13724,MAZDA,MAZDA6,BLUE,Petrol,4,7225,70267,98,30/11/2020,TradeZone,MANUAL
23146,KIA,SPORTAGE,BLACK,Petrol,1,20200,25873,37,11/03/2020,TradeZone,SEMI-AUTO
16570,NISSAN,QASHQAI,GREY,Petrol,2,10650,37200,67,05/03/2021,TradeZone,MANUAL
32618,AUDI,A4 AVANT,BLACK,Diesel,3,7575,77092,106,22/03/2021,OTHER,MANUAL
2926,JAGUAR,XE,BLACK,Petrol,3,9900,24555,102,31/01/2021,OTHER,AUTO
56696,AUDI,A6,WHITE,Petrol,1,20250,26278,62,30/09/2020,TradeZone,MANUAL
57885,NISSAN,LEAF,GREY,Electric,1,12300,7417,14,29/09/2016,PARTEX,SEMI-AUTO
24497,TOYOTA,YARIS,BLACK,Hybrid,1,12750,40923,38,19/02/2021,TradeZone,SEMI-AUTO
23920,TOYOTA,YARIS,BLACK,Hybrid,1,14150,18619,44,16/08/2018,OTHER,SEMI-AUTO
83023,AUDI,A3,RED,Petrol,2,17650,59531,42,19/06/2019,TradeZone,MANUAL
2636,MERCEDES-BENZ,A-CLASS,BLACK,Diesel,2,9475,65994,83,23/03/2021,OTHER,SEMI-AUTO
35634,VAUXHALL,MOKKA,WHITE,Petrol,2,2800,82500,110,23/09/2019,TradeZone,MANUAL
72409,SMART,FORTWO COUPE,BLUE,Electric,2,6775,10500,76,31/12/2020,TradeZone,SEMI-AUTO
9966,HYUNDAI,I20,BLACK,Petrol,2,3275,110050,95,11/09/2019,PARTEX,SEMI-AUTO
29668,HYUNDAI,I20,GREY,Petrol,3,5650,43000,90,31/05/2019,TradeZone,MANUAL
7761,VAUXHALL,MERIVA,SILVER,Petrol,4,890,64754,161,28/12/2018,TradeZone,MANUAL
58904,VAUXHALL,MERIVA,WHITE,Petrol,3,560,135000,151,28/05/2021,TradeZone,AUTO
13770,MINI,HATCHBACK,GREY,Electric,2,11450,17160,40,28/12/2018,TradeZone,MANUAL
75530,MINI,HATCHBACK,WHITE,Electric,2,13050,5884,26,01/03/2018,TradeZone,MANUAL
74176,MINI,HATCHBACK,GREY,Electric,1,10950,23445,49,03/09/2018,PARTEX,MANUAL
51629,MERCEDES-BENZ,C-CLASS,GREY,Diesel,3,2000,141377,131,16/07/2019,TradeZone,MANUAL
22790,HYUNDAI,I10,BLUE,Petrol,2,3425,71000,104,28/02/2021,TradeZone,MANUAL
58341,HYUNDAI,I10,BLUE,Petrol,4,4175,44488,103,13/12/2019,TradeZone,SEMI-AUTO
55122,SEAT,LEON,GREY,Diesel,2,10700,54000,64,15/03/2021,TradeZone,MANUAL
34082,VOLKSWAGEN,GOLF,BLACK,Diesel,4,15050,38864,68,03/12/2020,OTHER,AUTO
69714,VOLKSWAGEN,GOLF,SILVER,Diesel,3,14350,41011,73,21/06/2018,PARTEX,MANUAL
19629,RENAULT,CAPTUR,BLACK,Diesel,3,6325,50615,80,27/08/2020,TradeZone,MANUAL
4387,VAUXHALL,ZAFIRA,BLUE,Petrol,2,920,133956,140,19/08/2020,TradeZone,AUTO
38124,VAUXHALL,ZAFIRA,BLACK,Petrol,3,1350,81457,147,22/04/2021,TradeZone,AUTO
35467,FORD,GRAND C-MAX,WHITE,Diesel,4,6300,54100,89,28/11/2019,TradeZone,AUTO
90127,CITROEN,C3,RED,Petrol,3,7500,31541,58,31/10/2019,TradeZone,MANUAL
22503,JEEP,RENEGADE,GREY,Diesel,3,3075,119500,106,30/09/2021,TradeZone,AUTO
60897,VOLVO,C40,GREY,Electric,1,28750,6883,30,13/11/2021,TradeZone,SEMI-AUTO
34623,NISSAN,JUKE,WHITE,Petrol,1,14950,19849,38,09/01/2023,TradeZone,AUTO
82948,NISSAN,JUKE,GREY,Petrol,2,14500,25500,37,29/03/2021,TradeZone,SEMI-AUTO
24911,MG,ZS,GREY,Petrol,3,7450,67645,53,30/09/2019,TradeZone,SEMI-AUTO
45564,MG,ZS,GREY,Petrol,1,9900,27939,36,30/09/2019,TradeZone,MANUAL
71522,MG,ZS,BLACK,Petrol,1,9225,40379,38,31/10/2019,TradeZone,SEMI-AUTO
61509,MG,ZS,BLACK,Petrol,1,9700,27290,40,22/09/2020,TradeZone,AUTO
81947,SEAT,ARONA,BLACK,Petrol,2,10700,29408,57,31/05/2018,TradeZone,SEMI-AUTO
39081,SEAT,ARONA,WHITE,Petrol,3,9800,31934,79,31/07/2020,TradeZone,SEMI-AUTO
31405,SEAT,ARONA,WHITE,Petrol,2,8500,68645,66,24/09/2018,PARTEX,AUTO
88195,SEAT,ARONA,BLACK,Petrol,1,10600,30243,57,02/03/2017,PARTEX,SEMI-AUTO
16000,SKODA,SUPERB,RED,Petrol,1,14250,35918,37,30/09/2020,TradeZone,MANUAL
56300,HYUNDAI,TUCSON,GREY,Diesel,3,12750,36155,67,30/06/2020,TradeZone,MANUAL
16300,KIA,STONIC,BLUE,Petrol,1,11900,31300,42,31/07/2020,TradeZone,SEMI-AUTO
36372,SEAT,LEON,SILVER,Petrol,2,3525,125151,121,22/03/2022,TradeZone,MANUAL
61842,VOLKSWAGEN,TIGUAN,SILVER,Petrol,2,14600,44382,63,15/03/2021,TradeZone,AUTO
54616,VOLKSWAGEN,TIGUAN,YELLOW,Petrol,2,14800,45553,62,31/12/2018,TradeZone,AUTO
4680,VOLKSWAGEN,TIGUAN,BLACK,Petrol,2,13500,62000,57,17/12/2019,TradeZone,MANUAL
72026,RENAULT,CLIO,BLACK,Petrol,5,200,157000,233,31/05/2019,TradeZone,MANUAL
48580,HYUNDAI,I10,BLUE,Petrol,2,9600,23775,48,07/07/2020,TradeZone,AUTO
69154,NISSAN,MICRA,WHITE,Petrol,3,5950,36257,90,30/06/2020,TradeZone,AUTO
47799,NISSAN,MICRA,GREY,Petrol,4,6050,46661,71,27/05/2021,TradeZone,MANUAL
18059,NISSAN,MICRA,WHITE,Petrol,3,6500,29009,86,14/05/2022,TradeZone,AUTO
55964,HYUNDAI,KONA,WHITE,Electric,1,26200,2831,8,06/04/2023,TradeZone,SEMI-AUTO
90837,LAND ROVER,RANGE ROVER EVOQUE,BLACK,Diesel,1,18950,26756,49,30/09/2020,TradeZone,MANUAL
76411,LAND ROVER,RANGE ROVER EVOQUE,BLACK,Diesel,2,18000,38682,48,31/10/2022,TradeZone,SEMI-AUTO
8597,LAND ROVER,RANGE ROVER EVOQUE,WHITE,Diesel,1,17950,34000,51,08/04/2021,TradeZone,MANUAL
75872,VOLKSWAGEN,MULTIVAN,GREY,Hybrid,1,43800,42194,26,30/09/2019,OTHER,MANUAL
84431,VOLKSWAGEN,MULTIVAN,RED,Hybrid,1,52200,11770,13,30/09/2020,TradeZone,SEMI-AUTO
78006,SKODA,SUPERB,SILVER,Hybrid,1,16850,52948,48,03/09/2021,TradeZone,SEMI-AUTO
40530,FORD,KA,GREY,Petrol,2,2850,37658,112,06/09/2021,TradeZone,AUTO
96570,FORD,KA,WHITE,Other,10,2425,59400,110,21/07/2020,TradeZone,AUTO
50689,DACIA,DUSTER,WHITE,Petrol,2,4525,97517,90,05/05/2021,TradeZone,AUTO
67315,FORD,KUGA,GREY,Hybrid,2,19450,28733,22,19/11/2019,PARTEX,MANUAL
95792,SEAT,IBIZA,GREY,Petrol,1,18950,4850,5,30/11/2020,TradeZone,MANUAL
48976,TOYOTA,AYGO X,BLACK,Petrol,1,13250,9116,34,30/06/2018,TradeZone,MANUAL
21279,TOYOTA,AYGO X,WHITE,Petrol,1,13150,14205,31,19/06/2020,TradeZone,AUTO
29721,LAND ROVER,RANGE ROVER EVOQUE,BLACK,Diesel,3,16150,53506,73,28/04/2022,OTHER,MANUAL
33492,LAND ROVER,DISCOVERY,BLACK,Diesel,3,23900,70045,55,29/01/2020,TradeZone,AUTO
45665,JAGUAR,F-PACE,RED,Diesel,2,35900,8943,15,23/10/2020,OTHER,MANUAL
24718,KIA,SPORTAGE,BLACK,Diesel,4,13800,43468,65,20/01/2021,TradeZone,AUTO
26678,FORD,FOCUS,GREY,Diesel,1,10200,49867,50,06/04/2021,TradeZone,AUTO
82855,AUDI,A3,RED,Petrol,1,21250,26166,37,30/09/2017,TradeZone,MANUAL
27672,AUDI,A3,BLACK,Petrol,1,21100,18097,47,03/02/2022,TradeZone,MANUAL
17802,AUDI,A3,GREY,Petrol,1,18950,39963,49,31/01/2020,TradeZone,SEMI-AUTO
40323,AUDI,TT,BLACK,Petrol,2,19000,23267,62,29/02/2020,TradeZone,SEMI-AUTO
87863,SEAT,LEON,WHITE,Petrol,2,7425,74500,71,05/03/2021,TradeZone,AUTO
45223,AUDI,A4,RED,Petrol,1,17050,34068,39,20/09/2019,TradeZone,MANUAL
48039,AUDI,A4,GREY,Petrol,1,17050,34995,39,09/09/2020,TradeZone,AUTO
51831,AUDI,A4,GREY,Petrol,1,17800,27785,39,30/09/2020,TradeZone,SEMI-AUTO
38017,LAND ROVER,DISCOVERY SPORT,WHITE,Diesel,2,6500,90000,88,13/04/2015,PARTEX,MANUAL
95773,RENAULT,CAPTUR,BLUE,Petrol,2,7425,44613,92,31/07/2019,TradeZone,SEMI-AUTO
42332,FORD,KUGA,GREY,Petrol,2,10150,32069,72,30/11/2020,TradeZone,MANUAL
44951,FORD,KUGA,RED,Petrol,2,8275,62168,68,30/11/2021,TradeZone,SEMI-AUTO
31934,FORD,KUGA,BLUE,Petrol,2,7550,71000,69,10/12/2021,TradeZone,AUTO
51257,RENAULT,KADJAR,WHITE,Diesel,3,4175,107000,104,25/06/2020,TradeZone,AUTO
2239,MAZDA,MAZDA3,WHITE,Petrol,2,7025,77424,86,25/06/2020,TradeZone,AUTO
82715,VAUXHALL,ADAM,GREY,Petrol,1,2175,92000,143,27/07/2020,TradeZone,SEMI-AUTO
82090,MAZDA,CX-5,BLACK,Petrol,1,20700,26825,38,19/05/2021,TradeZone,MANUAL
68945,AUDI,Q2,BLACK,Petrol,2,10750,62237,84,30/09/2020,TradeZone,MANUAL
70473,AUDI,Q2,SILVER,Petrol,3,11200,54931,82,26/10/2021,TradeZone,MANUAL
95346,AUDI,Q2,GREY,Petrol,2,10400,69990,86,30/09/2021,TradeZone,AUTO
25779,AUDI,Q2,WHITE,Petrol,1,19850,22055,55,23/04/2021,TradeZone,MANUAL
88084,KIA,PICANTO,RED,Petrol,1,8250,3563,48,31/03/2021,TradeZone,AUTO
2048,KIA,PICANTO,BLACK,Petrol,1,7300,31217,38,31/01/2020,TradeZone,SEMI-AUTO
27699,BMW,3 SERIES,GREY,Hybrid,2,6675,70054,90,29/06/2018,TradeZone,MANUAL
53808,BMW,3 SERIES,BLACK,Hybrid,3,7150,61647,90,12/08/2020,TradeZone,AUTO
51543,RENAULT,CLIO,BLUE,Hybrid,2,11150,42006,47,31/07/2020,TradeZone,MANUAL
48962,BMW,5 SERIES,WHITE,Petrol,,16950,37066,64,21/01/2017,TradeZone,SEMI-AUTO
3379,SEAT,LEON,BLACK,Petrol,2,12500,37796,63,27/01/2017,PARTEX,MANUAL
68475,SEAT,LEON,SILVER,Petrol,2,10000,74923,67,25/01/2019,TradeZone,AUTO
5700,SEAT,LEON,SILVER,Petrol,2,7575,130561,58,22/04/2022,TradeZone,AUTO
7282,SKODA,KAMIQ,WHITE,Petrol,2,16250,33881,38,18/11/2020,TradeZone,AUTO
12849,DACIA,DUSTER,GREY,Petrol,1,12100,23638,41,11/12/2020,TradeZone,AUTO
85713,PEUGEOT,3008,SILVER,Diesel,3,4175,43171,134,27/04/2018,TradeZone,SEMI-AUTO
71965,VAUXHALL,CORSA,BLACK,Petrol,2,3100,76000,122,31/03/2020,TradeZone,SEMI-AUTO
3241,KIA,SPORTAGE,BLACK,Diesel,1,23550,16000,26,30/09/2020,TradeZone,MANUAL
56696,BMW,X1,WHITE,Diesel,2,16600,25702,65,30/11/2019,TradeZone,MANUAL
49864,LAND ROVER,DISCOVERY,WHITE,Diesel,1,29000,61904,50,27/07/2018,TradeZone,AUTO
6817,FORD,KA+,GREY,Petrol,2,6075,51845,67,31/07/2020,TradeZone,MANUAL
42972,FORD,KA+,WHITE,Petrol,2,7200,20014,74,10/08/2020,TradeZone,AUTO
5224,FORD,KA+,GREY,Petrol,3,6575,35888,74,01/03/2021,TradeZone,SEMI-AUTO
67340,FORD,KA+,WHITE,Petrol,2,6950,26282,73,18/12/2017,OTHER,MANUAL
20787,FORD,KA+,BLACK,Petrol,2,5250,72208,74,19/12/2017,TradeZone,SEMI-AUTO
91774,FORD,KA+,GREY,Petrol,3,6575,35000,72,30/11/2020,TradeZone,MANUAL
54578,MAZDA,MAZDA2,WHITE,Petrol,2,6375,70700,80,25/01/2021,TradeZone,AUTO
94929,MAZDA,MAZDA2,WHITE,Petrol,1,8700,29608,73,01/12/2021,TradeZone,AUTO
64112,HONDA,JAZZ,BLUE,Petrol,4,10750,29234,86,11/06/2019,TradeZone,SEMI-AUTO
11885,HONDA,JAZZ,BLACK,Petrol,4,10200,33000,91,21/07/2020,TradeZone,AUTO
91281,HONDA,JAZZ,PURPLE,Petrol,2,12650,15468,64,08/12/2016,PARTEX,MANUAL
53608,HONDA,JAZZ,BLACK,Petrol,2,9925,44500,84,08/12/2020,TradeZone,SEMI-AUTO
84350,HONDA,JAZZ,GREY,Petrol,1,11100,10014,94,30/09/2021,TradeZone,SEMI-AUTO
78517,TOYOTA,C-HR,BLACK,Hybrid,1,13050,58521,49,21/11/2022,TradeZone,AUTO
20974,TOYOTA,C-HR,BLACK,Hybrid,2,10850,88500,55,14/09/2021,TradeZone,MANUAL
9101,TESLA,MODEL X,RED,Electric,2,17150,61455,95,17/07/2019,TradeZone,AUTO
81658,CITROEN,DS3 CABRIO,BLACK,Petrol,6,1050,75251,145,29/02/2020,TradeZone,SEMI-AUTO
57589,NISSAN,QASHQAI,GREY,Diesel,3,10600,33955,84,21/01/2021,TradeZone,MANUAL
33735,NISSAN,QASHQAI,GREY,Diesel,3,9250,43454,92,01/03/2016,TradeZone,SEMI-AUTO
2479,NISSAN,QASHQAI,GREY,Diesel,2,7275,73160,88,01/03/2021,TradeZone,SEMI-AUTO
38328,NISSAN,QASHQAI,BLACK,Diesel,2,8100,64510,86,02/08/2017,PARTEX,MANUAL
15168,NISSAN,QASHQAI,WHITE,Diesel,2,9150,44843,91,16/07/2021,TradeZone,SEMI-AUTO
22375,HYUNDAI,I30,BLUE,Petrol,2,1300,91897,184,30/01/2018,TradeZone,AUTO
90311,PEUGEOT,408,GREY,Petrol,2,20200,22577,8,17/01/2020,OTHER,MANUAL
98562,HYUNDAI,I20,GREY,Petrol,2,13900,7022,38,31/12/2023,OTHER,MANUAL
19413,AUDI,A3,GREY,Petrol,2,20500,26092,44,30/11/2020,TradeZone,MANUAL
10015,AUDI,A3,GREY,Petrol,1,25400,9443,14,29/11/2019,TradeZone,MANUAL
92697,NISSAN,JUKE,GREY,Petrol,1,12900,32962,50,31/12/2023,OTHER,MANUAL
76340,NISSAN,JUKE,BLACK,Petrol,2,12150,44246,50,04/09/2020,TradeZone,MANUAL
94709,BMW,X1,BLACK,Diesel,3,4850,90008,134,30/09/2018,TradeZone,MANUAL
68698,LAND ROVER,RANGE ROVER EVOQUE,RED,Diesel,1,22650,35000,50,05/03/2018,TradeZone,MANUAL
90579,MINI,HATCHBACK,WHITE,Petrol,1,12450,54805,62,04/03/2020,PARTEX,AUTO
7847,VAUXHALL,CROSSLAND X,SILVER,Petrol,1,7550,25496,56,01/09/2020,TradeZone,SEMI-AUTO
75673,LAND ROVER,RANGE ROVER VELAR,GREY,Diesel,4,17150,53283,93,31/12/2023,OTHER,MANUAL
89250,LAND ROVER,RANGE ROVER VELAR,WHITE,Diesel,3,20600,33615,71,31/12/2023,OTHER,MANUAL
20960,LAND ROVER,RANGE ROVER VELAR,ORANGE,Diesel,4,17150,58010,92,30/11/2020,OTHER,AUTO
50520,MERCEDES-BENZ,CLA,RED,Petrol,2,12150,33932,79,31/03/2021,TradeZone,MANUAL
6906,FORD,KUGA,GREY,Hybrid,1,13650,77197,42,01/09/2020,TradeZone,SEMI-AUTO
28575,FORD,KUGA,GREY,Hybrid,1,16350,52369,38,29/09/2018,TradeZone,MANUAL
68520,FORD,KUGA,BLACK,Hybrid,1,17650,39481,37,29/06/2019,TradeZone,MANUAL
21272,FORD,KUGA,BLACK,Hybrid,1,21050,14609,30,30/12/2023,OTHER,MANUAL
65166,NISSAN,MICRA,WHITE,Petrol,5,1625,93540,162,31/10/2018,TradeZone,SEMI-AUTO
39608,MAZDA,CX-5,BLACK,Petrol,1,14400,42131,48,19/05/2018,TradeZone,MANUAL
7118,PEUGEOT,3008,BLACK,Diesel,3,1125,132604,142,31/08/2020,TradeZone,AUTO
22892,VOLKSWAGEN,GOLF,BLUE,Petrol,1,20650,23484,26,31/01/2020,TradeZone,SEMI-AUTO
71405,AUDI,Q8,WHITE,Hybrid,2,44000,32054,44,21/10/2020,TradeZone,SEMI-AUTO
2463,MERCEDES-BENZ,GLA,RED,Diesel,2,13600,17022,85,01/03/2017,PARTEX,MANUAL
20914,NISSAN,QASHQAI+2,RED,Diesel,3,2350,94963,150,28/03/2018,TradeZone,MANUAL
8102,HONDA,CIVIC,ORANGE,Diesel,2,8900,54363,85,21/04/2022,TradeZone,MANUAL
81585,HONDA,CIVIC,GREY,Diesel,3,11200,33352,59,17/03/2020,TradeZone,MANUAL
54948,HONDA,CIVIC,BLACK,Diesel,3,9275,48041,83,11/09/2018,TradeZone,MANUAL
73042,SUZUKI,SX4 S-CROSS,RED,Petrol,2,4375,65271,110,08/06/2021,TradeZone,SEMI-AUTO
32176,MINI,HATCHBACK,BLUE,Petrol,1,10650,23737,50,09/12/2017,TradeZone,SEMI-AUTO
62736,MINI,HATCHBACK,RED,Petrol,1,7475,67889,77,14/01/2020,TradeZone,MANUAL
94600,PEUGEOT,2008,BLACK,Petrol,1,15350,23727,38,08/04/2016,TradeZone,MANUAL
32059,PEUGEOT,2008,GREY,Petrol,1,19500,5790,14,27/09/2019,TradeZone,AUTO
24812,PEUGEOT,2008,BLACK,Petrol,1,12600,47510,50,08/10/2020,TradeZone,SEMI-AUTO
10780,CITROEN,C5 AIRCROSS,BLACK,Hybrid,1,14700,29855,36,28/05/2021,TradeZone,MANUAL
88468,MERCEDES-BENZ,C-CLASS,BLUE,Petrol,1,20600,13087,62,19/09/2019,TradeZone,AUTO
76938,LAND ROVER,DISCOVERY SPORT,BLACK,Diesel,1,14950,56845,50,22/10/2019,TradeZone,AUTO
45963,FORD,FIESTA,WHITE,Petrol,1,7050,53000,48,22/10/2019,PARTEX,SEMI-AUTO
74249,JAGUAR,XF,GREY,Diesel,2,5300,74327,121,28/09/2020,TradeZone,SEMI-AUTO
36513,AUDI,Q3,BLACK,Petrol,1,33300,4459,8,03/01/2022,TradeZone,SEMI-AUTO
60726,SEAT,IBIZA,BLACK,Petrol,3,5825,59738,92,25/08/2021,TradeZone,SEMI-AUTO
30159,SKODA,CITIGO,RED,Petrol,2,3300,46381,111,28/08/2021,TradeZone,MANUAL
3898,MINI,HATCHBACK,BLUE,Petrol,3,14600,27000,52,08/10/2022,PARTEX,AUTO
2489,LEXUS,CT,BLACK,Hybrid,1,14400,27941,66,13/03/2018,TradeZone,SEMI-AUTO
99499,FORD,GALAXY,RED,Diesel,3,3000,101000,127,31/03/2017,TradeZone,AUTO
13406,VOLKSWAGEN,TIGUAN ALLSPACE,BLUE,Diesel,2,22250,15167,47,21/06/2022,TradeZone,SEMI-AUTO
68099,SEAT,IBIZA,SILVER,Petrol,2,8475,42589,52,01/09/2018,PARTEX,MANUAL
7522,BMW,4 SERIES GRAN COUPE,GREEN,Petrol,2,10400,77387,91,30/09/2020,TradeZone,MANUAL
40694,BMW,4 SERIES GRAN COUPE,WHITE,Petrol,1,14400,42782,76,19/08/2021,TradeZone,MANUAL
96806,BMW,4 SERIES GRAN COUPE,WHITE,Petrol,2,16600,36656,59,13/01/2021,TradeZone,SEMI-AUTO
512,CITROEN,C3,GREY,Petrol,1,7900,30391,54,31/12/2020,TradeZone,MANUAL
32961,CITROEN,C3,WHITE,Petrol,2,7400,41674,56,16/12/2022,TradeZone,MANUAL
78827,CITROEN,C3,WHITE,Petrol,1,7775,33511,54,19/03/2020,TradeZone,AUTO
24616,CITROEN,C3,SILVER,Petrol,1,8175,24579,54,26/07/2021,TradeZone,MANUAL
50289,HONDA,CR-V,WHITE,Diesel,2,10550,42341,94,08/04/2021,TradeZone,MANUAL
57717,FIAT,500,WHITE,Petrol,3,4550,36092,100,05/04/2022,PARTEX,SEMI-AUTO
92537,FIAT,500,GREY,Petrol,3,4925,19177,104,12/10/2018,TradeZone,MANUAL
15476,FIAT,500,BLACK,Petrol,2,4525,44791,98,29/04/2022,PARTEX,MANUAL
29747,VOLKSWAGEN,T-ROC,WHITE,Petrol,2,16100,29750,62,20/04/2022,TradeZone,MANUAL
41640,VAUXHALL,CORSA,BLUE,Petrol,2,5100,23678,116,15/09/2020,TradeZone,MANUAL
84762,BMW,X2,BLACK,Diesel,3,13250,67000,80,12/10/2020,TradeZone,SEMI-AUTO
90808,KIA,SORENTO,BLUE,Diesel,3,12750,30000,84,27/09/2021,TradeZone,MANUAL
52753,SEAT,ARONA,BLACK,Petrol,1,13400,17789,43,30/11/2018,TradeZone,SEMI-AUTO
65889,MAZDA,MX-5 RF,BLACK,Petrol,3,13300,29178,74,28/12/2022,TradeZone,SEMI-AUTO
88422,LAND ROVER,DISCOVERY SPORT,WHITE,Diesel,2,18300,58432,56,22/02/2019,TradeZone,MANUAL
59122,LAND ROVER,DISCOVERY SPORT,GREY,Diesel,4,18450,51007,59,26/04/2018,TradeZone,SEMI-AUTO
10296,LAND ROVER,DISCOVERY SPORT,GREY,Diesel,2,18000,57369,62,16/03/2020,TradeZone,MANUAL
7655,FIAT,PUNTO,WHITE,Petrol,4,960,107100,152,17/08/2021,TradeZone,MANUAL
82013,SEAT,ATECA,RED,Petrol,2,8875,57500,68,28/02/2018,TradeZone,MANUAL
64086,FORD,GALAXY,GREY,Diesel,2,9375,77543,104,28/06/2019,TradeZone,SEMI-AUTO
18454,VOLKSWAGEN,GOLF,BLACK,Diesel,4,7125,90242,121,29/05/2021,TradeZone,MANUAL
64898,SKODA,OCTAVIA,BLUE,Diesel,2,5500,85156,86,31/12/2017,TradeZone,SEMI-AUTO
71450,SKODA,OCTAVIA,BLACK,Diesel,2,9600,35487,64,25/01/2020,TradeZone,MANUAL
40108,HYUNDAI,KONA,GREY,Hybrid,1,13850,48105,29,17/04/2018,PARTEX,MANUAL
60055,HYUNDAI,KONA,WHITE,Hybrid,1,13300,39697,49,19/03/2020,TradeZone,AUTO
1311,HYUNDAI,KONA,BLUE,Hybrid,1,14200,38018,38,14/04/2022,TradeZone,AUTO
26968,HYUNDAI,KONA,BLUE,Hybrid,1,13700,45872,38,25/10/2018,TradeZone,MANUAL
72888,RENAULT,KADJAR,GREY,Diesel,1,13150,32010,57,16/04/2019,TradeZone,SEMI-AUTO
5797,FORD,FOCUS,BLUE,Petrol,1,13400,40755,19,21/04/2021,TradeZone,MANUAL
50985,NISSAN,X-TRAIL,YELLOW,Petrol,1,18750,30149,50,20/12/2016,TradeZone,MANUAL
63649,NISSAN,X-TRAIL,SILVER,Petrol,2,16850,36042,67,28/03/2017,PARTEX,MANUAL
19728,MG,HS,RED,Petrol,1,16650,15138,14,10/04/2019,TradeZone,AUTO
46467,MG,HS,GREY,Petrol,1,16900,6015,20,14/07/2020,TradeZone,AUTO
43884,MG,HS,BLACK,Petrol,1,16300,19065,14,30/07/2020,TradeZone,MANUAL
95364,AUDI,A3,SILVER,Petrol,4,12800,50725,75,18/06/2021,OTHER,SEMI-AUTO
27438,JAGUAR,XE,BLUE,Petrol,2,12800,15018,91,01/09/2017,TradeZone,AUTO
47231,JAGUAR,E-PACE,BLACK,Hybrid,1,33200,4493,17,01/09/2018,TradeZone,AUTO
82533,AUDI,TT,BLACK,Diesel,3,9275,48940,113,31/05/2016,PARTEX,MANUAL
10358,BMW,4 SERIES,WHITE,Diesel,2,16600,30557,76,28/06/2018,TradeZone,MANUAL
78651,BMW,4 SERIES,BRONZE,Diesel,3,13050,59800,80,03/06/2019,TradeZone,SEMI-AUTO
8491,LAND ROVER,DISCOVERY,BLUE,Petrol,1,36600,49571,50,26/01/2021,OTHER,AUTO
65046,VOLKSWAGEN,GOLF,SILVER,Petrol,3,4175,69500,137,29/03/2018,PARTEX,SEMI-AUTO
44049,VAUXHALL,CORSA,SILVER,Petrol,4,2025,61000,140,28/07/2021,TradeZone,MANUAL
23819,CUPRA,FORMENTOR,BLACK,Petrol,1,18900,44281,34,29/03/2022,TradeZone,MANUAL
34921,CUPRA,FORMENTOR,BLUE,Petrol,1,21350,26028,26,18/01/2018,TradeZone,AUTO
67721,CUPRA,FORMENTOR,BLUE,Petrol,1,20350,18656,42,30/04/2021,TradeZone,SEMI-AUTO
36612,KIA,PICANTO,GREY,Petrol,2,1950,38405,153,04/07/2022,TradeZone,MANUAL
36369,HONDA,CR-V,BLACK,Petrol,2,17950,37749,56,16/12/2019,TradeZone,MANUAL
61254,VOLKSWAGEN,T-ROC,BLACK,Diesel,2,14700,36113,74,19/11/2020,TradeZone,SEMI-AUTO
68949,AUDI,A1,WHITE,Petrol,1,21800,15229,38,29/10/2021,OTHER,SEMI-AUTO
45910,LAND ROVER,RANGE ROVER VELAR,BLACK,Diesel,2,22600,49628,94,30/11/2021,OTHER,MANUAL
6139,FORD,TOURNEO CONNECT,WHITE,Diesel,1,10050,63841,51,30/11/2021,TradeZone,MANUAL
38446,AUDI,A4 AVANT,BLACK,Diesel,2,15450,68588,62,03/01/2022,TradeZone,SEMI-AUTO
46633,VOLKSWAGEN,MULTIVAN,GREY,Petrol,2,42100,28335,38,29/08/2019,TradeZone,SEMI-AUTO
15659,VAUXHALL,CORSA,BLACK,Petrol,3,6525,38880,86,31/03/2018,TradeZone,MANUAL
62147,MERCEDES-BENZ,C-CLASS,WHITE,Diesel,3,14000,50479,80,01/09/2016,PARTEX,SEMI-AUTO
8585,FORD,FIESTA,WHITE,Petrol,1,12400,16472,53,01/09/2016,PARTEX,MANUAL
73752,KIA,SPORTAGE,GREY,Petrol,3,6325,64000,85,11/01/2018,TradeZone,SEMI-AUTO
13300,KIA,SPORTAGE,BLACK,Petrol,2,7950,21512,81,24/02/2018,TradeZone,MANUAL
88499,KIA,SPORTAGE,SILVER,Petrol,4,5925,70490,92,31/01/2020,TradeZone,MANUAL
70092,NISSAN,JUKE,GREY,Petrol,2,13400,25757,54,31/12/2020,TradeZone,MANUAL
81614,NISSAN,JUKE,GREY,Petrol,3,14600,14600,47,11/02/2021,TradeZone,MANUAL
59785,NISSAN,JUKE,SILVER,Petrol,2,14250,9235,58,28/03/2018,OTHER,AUTO
35834,VOLVO,XC40,GREY,Petrol,2,18550,34347,51,11/03/2021,PARTEX,MANUAL
55393,VOLKSWAGEN,POLO,GREY,Petrol,2,9700,54808,82,30/03/2021,OTHER,SEMI-AUTO
90288,AUDI,A1,BLACK,Petrol,3,12950,42709,91,17/03/2022,TradeZone,MANUAL
56621,MERCEDES-BENZ,C-CLASS,BLUE,Diesel,3,10350,77771,103,29/09/2020,TradeZone,MANUAL
50525,LAND ROVER,RANGE ROVER EVOQUE,GREY,Diesel,3,14150,42000,66,30/09/2020,OTHER,MANUAL
35147,LAND ROVER,RANGE ROVER EVOQUE,BLACK,Diesel,1,14950,40872,56,28/09/2018,TradeZone,SEMI-AUTO
73486,LAND ROVER,RANGE ROVER EVOQUE,BLACK,Diesel,1,15350,29025,62,07/10/2020,TradeZone,SEMI-AUTO
78933,FORD,KUGA,BLUE,Petrol,,5250,90018,92,25/11/2020,TradeZone,AUTO
93788,NISSAN,LEAF,RED,Electric,1,11400,20369,41,14/05/2018,PARTEX,MANUAL
43119,SEAT,LEON,BLACK,Petrol,1,13500,31035,40,31/05/2019,TradeZone,SEMI-AUTO
5051,SEAT,TARRACO,BLUE,Petrol,1,18050,51654,49,17/05/2021,TradeZone,MANUAL
60777,FORD,TOURNEO COURIER,RED,Diesel,1,10350,16278,65,23/11/2019,TradeZone,MANUAL
58737,SEAT,LEON,BLACK,Petrol,3,11400,68710,70,31/10/2019,TradeZone,SEMI-AUTO
32212,SEAT,LEON,BLUE,Petrol,2,13950,31520,74,04/12/2019,TradeZone,MANUAL
74676,SEAT,LEON,GREY,Petrol,2,8775,108014,76,03/11/2020,TradeZone,AUTO
92730,CITROEN,GRAND C4 SPACETOURER,GREY,Petrol,1,15750,30436,38,16/11/2020,TradeZone,AUTO
31290,FORD,GRAND C-MAX,WHITE,Petrol,2,3575,74723,108,30/06/2021,TradeZone,SEMI-AUTO
86943,FIAT,500,GREY,Petrol,2,8925,18000,31,21/08/2021,OTHER,MANUAL
44145,JAGUAR,XJ SERIES,WHITE,Petrol,5,3700,147749,203,27/09/2019,TradeZone,MANUAL
20195,FORD,ECOSPORT,RED,Petrol,2,7100,29000,81,18/03/2017,PARTEX,AUTO
61127,FORD,ECOSPORT,BLUE,Petrol,2,7050,43560,72,31/03/2018,TradeZone,MANUAL
48714,RENAULT,CLIO,WHITE,Petrol,5,580,91747,182,28/03/2023,PARTEX,AUTO
34640,FORD,FOCUS,BLUE,Petrol,2,2850,69420,128,30/09/2017,TradeZone,MANUAL
62522,VAUXHALL,CORSA,GREY,Petrol,2,3075,75141,101,21/10/2020,TradeZone,AUTO
97529,VAUXHALL,CORSA,BLUE,Petrol,3,2700,86000,110,21/01/2022,TradeZone,MANUAL
61044,RENAULT,MEGANE E-TECH,GREY,Electric,1,19950,17144,13,31/03/2017,PARTEX,MANUAL
91434,SEAT,ATECA,GREY,Petrol,2,17600,19283,21,30/06/2020,TradeZone,SEMI-AUTO
51342,SEAT,ATECA,SILVER,Petrol,2,15050,28452,49,06/11/2019,TradeZone,MANUAL
12760,SEAT,ATECA,BLACK,Petrol,1,19500,8766,12,24/12/2016,TradeZone,MANUAL
87124,SEAT,ATECA,WHITE,Petrol,1,15050,28391,48,31/10/2020,TradeZone,SEMI-AUTO
7045,SEAT,ATECA,ORANGE,Petrol,1,14250,41539,50,10/11/2022,TradeZone,AUTO
81497,SEAT,ATECA,RED,Petrol,1,14450,38657,47,29/04/2021,TradeZone,MANUAL
34247,SEAT,ATECA,WHITE,Petrol,1,15450,22674,50,27/11/2021,TradeZone,MANUAL
8241,SEAT,ATECA,WHITE,Petrol,1,14850,31819,48,20/12/2021,TradeZone,SEMI-AUTO
38875,AUDI,Q3,BLUE,Petrol,2,12800,78012,79,21/11/2023,OTHER,AUTO
13507,AUDI,Q3,SILVER,Petrol,4,15700,41478,80,28/10/2022,TradeZone,SEMI-AUTO
3656,AUDI,Q3,RED,Petrol,2,13750,61900,86,24/04/2018,TradeZone,MANUAL
23687,VOLKSWAGEN,GOLF,GREY,Diesel,1,16600,24737,44,21/03/2020,TradeZone,AUTO
11596,SEAT,ATECA,SILVER,Diesel,2,12950,78811,50,05/09/2018,PARTEX,MANUAL
42122,SEAT,TARRACO,WHITE,Diesel,1,21200,26924,37,11/10/2019,TradeZone,AUTO
92287,MINI,CLUBMAN,YELLOW,Petrol,3,10850,34869,92,28/07/2023,TradeZone,MANUAL
26899,NISSAN,X-TRAIL,WHITE,Petrol,2,18950,16807,49,01/02/2021,TradeZone,MANUAL
68754,NISSAN,X-TRAIL,WHITE,Petrol,1,19050,15429,50,07/02/2022,TradeZone,SEMI-AUTO
95706,NISSAN,QASHQAI,GREY,Petrol,1,13800,16196,56,12/04/2018,TradeZone,SEMI-AUTO
75416,BMW,2 SERIES ACTIVE TOURER,WHITE,Hybrid,3,8600,68198,77,31/03/2019,TradeZone,MANUAL
58385,VAUXHALL,ASTRA,GREY,Diesel,2,3150,77524,103,27/10/2020,TradeZone,SEMI-AUTO
81405,VOLKSWAGEN,TIGUAN,WHITE,Diesel,2,14250,47614,68,20/04/2022,TradeZone,MANUAL
86957,VOLKSWAGEN,TIGUAN,BLACK,Diesel,2,10850,72180,96,19/04/2022,TradeZone,MANUAL
48789,TOYOTA,YARIS,GREY,Hybrid,2,11200,24210,62,08/07/2022,TradeZone,MANUAL
30427,TOYOTA,YARIS,WHITE,Hybrid,2,10850,29000,62,27/09/2016,TradeZone,AUTO
98358,PEUGEOT,107,WHITE,Petrol,5,1925,48000,194,30/09/2016,PARTEX,MANUAL
89550,VOLVO,XC90,WHITE,Diesel,1,24300,53021,70,02/10/2020,PARTEX,SEMI-AUTO
89555,JAGUAR,F-PACE,WHITE,Diesel,1,31600,7859,20,24/10/2020,PARTEX,MANUAL
76709,PEUGEOT,2008,BLACK,Diesel,4,5175,60975,95,24/05/2019,TradeZone,AUTO
39704,NISSAN,QASHQAI,SILVER,Petrol,3,1775,129740,158,09/02/2018,TradeZone,MANUAL
40203,AUDI,Q5,SILVER,Petrol,1,29050,27339,44,31/10/2020,OTHER,SEMI-AUTO
82218,MERCEDES-BENZ,C-CLASS,SILVER,Petrol,2,12000,44000,68,01/03/2017,TradeZone,SEMI-AUTO
50098,SEAT,LEON,YELLOW,Hybrid,1,13350,27348,53,30/06/2019,TradeZone,SEMI-AUTO
56028,SEAT,LEON,WHITE,Hybrid,1,13050,40242,44,06/03/2018,PARTEX,SEMI-AUTO
59374,MERCEDES-BENZ,GLE,WHITE,Diesel,1,56600,9489,8,04/10/2022,TradeZone,AUTO
67432,JAGUAR,XF,BLUE,Diesel,3,1850,82209,188,12/04/2018,PARTEX,MANUAL
60868,SEAT,LEON,WHITE,Diesel,4,3275,111390,139,04/10/2019,TradeZone,AUTO
7499,MINI,HATCHBACK,GREY,Petrol,4,5300,50904,96,24/10/2019,TradeZone,MANUAL
44841,MINI,HATCHBACK,WHITE,Petrol,2,5600,39453,104,15/09/2022,TradeZone,AUTO
70127,MINI,HATCHBACK,BLACK,Petrol,4,4625,67712,98,28/06/2019,TradeZone,MANUAL
13345,MINI,HATCHBACK,SILVER,Petrol,2,3875,73014,115,28/07/2021,TradeZone,AUTO
23417,KIA,CEED,GREY,Diesel,3,6900,65000,88,19/02/2021,TradeZone,MANUAL
60272,NISSAN,PULSAR,BLACK,Petrol,4,5800,52013,116,14/06/2021,OTHER,MANUAL
63293,MERCEDES-BENZ,A-CLASS,BLUE,Petrol,1,15050,31500,64,21/12/2020,TradeZone,SEMI-AUTO
31151,BMW,X1,GREY,Petrol,2,11650,62600,65,27/09/2019,TradeZone,MANUAL
39392,SKODA,OCTAVIA,GREY,Petrol,1,12200,43343,43,08/09/2020,TradeZone,SEMI-AUTO
88271,VOLKSWAGEN,TIGUAN,WHITE,Diesel,2,12350,55277,78,29/03/2018,OTHER,MANUAL
5251,VOLKSWAGEN,TIGUAN,BLACK,Diesel,4,11150,72858,78,19/03/2020,TradeZone,AUTO
81612,VAUXHALL,CORSA,GREY,Petrol,2,4700,41106,93,31/05/2018,TradeZone,SEMI-AUTO
84523,VAUXHALL,CORSA,BLACK,Petrol,3,1550,146817,106,07/05/2021,TradeZone,SEMI-AUTO
90323,PORSCHE,MACAN,WHITE,Petrol,2,29200,52900,62,30/09/2021,OTHER,MANUAL
27194,PORSCHE,MACAN,BLUE,Petrol,2,28750,51691,68,24/09/2021,TradeZone,AUTO
84973,KIA,PICANTO,RED,Petrol,3,1425,84400,164,31/05/2017,PARTEX,MANUAL
87548,VOLKSWAGEN,POLO,BLACK,Petrol,,2625,93000,167,17/05/2018,PARTEX,MANUAL
6115,FIAT,500C,GREY,Petrol,2,2450,76390,144,15/12/2021,TradeZone,MANUAL
61006,FORD,FIESTA,BLACK,Petrol,6,1350,90000,198,24/06/2019,TradeZone,MANUAL
51829,SKODA,SUPERB,WHITE,Hybrid,1,13700,26291,58,25/05/2018,TradeZone,SEMI-AUTO
78327,KIA,PROCEED,RED,Petrol,3,10400,80000,76,01/03/2021,TradeZone,MANUAL
95020,VOLKSWAGEN,GOLF,BLACK,Petrol,3,9225,57440,82,04/10/2021,TradeZone,SEMI-AUTO
41470,KIA,NIRO,GREY,Hybrid,1,16500,18400,50,23/06/2016,TradeZone,SEMI-AUTO
61963,KIA,NIRO,WHITE,Hybrid,1,13650,55342,50,28/03/2019,TradeZone,MANUAL
73068,KIA,NIRO,SILVER,Hybrid,4,15000,31957,56,25/05/2017,TradeZone,SEMI-AUTO
38662,KIA,NIRO,WHITE,Hybrid,3,14350,40700,56,22/09/2023,TradeZone,MANUAL
46944,KIA,NIRO,BLACK,Hybrid,2,13350,54302,55,30/06/2021,TradeZone,MANUAL
21024,KIA,NIRO,BLUE,Hybrid,1,15600,29500,50,27/06/2017,PARTEX,AUTO
73857,JAGUAR,F-PACE,BLACK,Diesel,2,24000,47189,52,14/08/2020,TradeZone,SEMI-AUTO
41789,KIA,SPORTAGE,BLUE,Diesel,2,7325,71476,91,12/03/2021,OTHER,MANUAL
91203,FORD,PUMA,BLUE,Petrol,1,16700,16123,37,21/04/2021,TradeZone,AUTO
31278,AUDI,Q3,GREY,Petrol,1,33700,9986,8,10/09/2021,OTHER,AUTO
66150,MAZDA,MAZDA2,GREY,Petrol,1,8900,31953,51,18/10/2021,TradeZone,MANUAL
33538,BMW,1 SERIES,BLUE,Petrol,5,2100,122354,203,10/10/2023,OTHER,MANUAL
90686,JEEP,RENEGADE,BLACK,Petrol,2,6750,42000,98,30/06/2017,TradeZone,SEMI-AUTO
30112,RENAULT,CAPTUR,GREY,Diesel,2,6650,51584,99,13/06/2018,PARTEX,SEMI-AUTO
78080,HYUNDAI,TUCSON,BLACK,Petrol,3,10150,73821,74,21/08/2023,TradeZone,AUTO
78722,HYUNDAI,TUCSON,BLUE,Petrol,3,10800,55810,80,20/06/2023,TradeZone,MANUAL
17035,AUDI,A4 AVANT,BLACK,Diesel,2,9150,69615,98,11/12/2021,TradeZone,MANUAL
94931,AUDI,A5,RED,Diesel,1,26900,7059,30,30/05/2017,TradeZone,AUTO
31467,VAUXHALL,CROSSLAND,SILVER,Diesel,1,12050,31900,37,28/06/2019,TradeZone,SEMI-AUTO
60807,VAUXHALL,CORSA,BLACK,Petrol,2,2725,91000,108,31/07/2018,TradeZone,SEMI-AUTO
31943,VAUXHALL,CORSA,BLUE,Petrol,2,4575,50958,83,08/03/2021,OTHER,MANUAL
79039,SKODA,RAPID SPACEBACK,RED,Petrol,3,5650,66387,79,03/05/2018,TradeZone,MANUAL
21546,KIA,CEED,,Diesel,2,7850,58446,56,,,
76209,NISSAN,QASHQAI,SILVER,Petrol,3,10750,38901,92,02/03/2021,TradeZone,MANUAL
78022,VOLKSWAGEN,GOLF,BLACK,Diesel,2,14000,29117,57,31/01/2022,TradeZone,AUTO
94047,FORD,FIESTA,WHITE,Petrol,5,550,50600,224,19/06/2019,TradeZone,AUTO
80666,RENAULT,KADJAR,GREY,Petrol,3,11350,20859,68,17/11/2016,TradeZone,MANUAL
53128,MERCEDES-BENZ,GLC COUPE,GREY,Diesel,3,11850,160332,100,13/08/2018,TradeZone,MANUAL
28479,AUDI,A5,BLUE,Petrol,2,14100,50754,63,31/07/2018,TradeZone,MANUAL
85471,RENAULT,CAPTUR,BLACK,Petrol,1,14200,9676,38,16/01/2020,TradeZone,MANUAL
36403,PEUGEOT,2008,WHITE,Diesel,3,5525,49000,92,12/12/2020,TradeZone,AUTO
81164,PEUGEOT,2008,GREY,Diesel,3,4625,72116,90,19/12/2018,TradeZone,MANUAL
1437,NISSAN,JUKE,GREY,Petrol,3,5350,71000,73,31/10/2020,TradeZone,MANUAL
15640,NISSAN,JUKE,WHITE,Petrol,1,9075,12353,68,31/03/2017,TradeZone,SEMI-AUTO
11843,KIA,PICANTO,SILVER,Petrol,2,13050,3569,18,31/03/2020,TradeZone,SEMI-AUTO
9982,KIA,PICANTO,BLACK,Petrol,2,11500,4979,48,30/11/2017,TradeZone,MANUAL
12624,LAND ROVER,DISCOVERY,GREY,Diesel,3,24850,57811,80,31/08/2022,TradeZone,MANUAL
79711,VAUXHALL,CORSA,GREY,Diesel,6,460,168000,143,31/08/2022,TradeZone,MANUAL
29797,RENAULT,CAPTUR,WHITE,Hybrid,1,16550,14359,12,11/08/2018,TradeZone,AUTO
19561,NISSAN,JUKE,WHITE,Petrol,4,3600,61000,124,24/06/2022,TradeZone,AUTO
8952,FORD,FIESTA,GREY,Petrol,3,1750,98000,139,11/01/2018,TradeZone,MANUAL
52124,MERCEDES-BENZ,A-CLASS,BLACK,Hybrid,1,18000,30299,55,09/12/2019,TradeZone,SEMI-AUTO
20424,HYUNDAI,KONA,BLUE,Hybrid,2,15700,25592,45,07/01/2020,TradeZone,MANUAL
82996,AUDI,A4 AVANT,BLACK,Petrol,1,19400,40109,49,30/06/2021,TradeZone,SEMI-AUTO
24404,BMW,1 SERIES,WHITE,Petrol,2,10200,48913,94,29/11/2019,TradeZone,AUTO
72609,TOYOTA,AYGO,WHITE,Petrol,3,7925,15504,74,31/10/2020,OTHER,SEMI-AUTO
54806,TOYOTA,AYGO,WHITE,Petrol,3,7500,45810,48,22/10/2021,TradeZone,AUTO
89033,TOYOTA,AYGO,RED,Petrol,2,6150,69459,68,22/12/2017,PARTEX,AUTO
91233,TOYOTA,AYGO,RED,Petrol,2,7950,28190,56,31/10/2017,PARTEX,MANUAL
83581,MINI,HATCHBACK,BLACK,Diesel,3,8575,41307,95,05/07/2019,TradeZone,MANUAL
28871,FORD,KUGA,BLACK,Hybrid,1,18500,25718,38,24/02/2022,OTHER,SEMI-AUTO
97494,FORD,KA+,WHITE,Petrol,4,6025,34073,83,28/06/2021,TradeZone,AUTO
98497,MAZDA,MAZDA2,GREY,Petrol,2,4900,82000,104,12/12/2019,TradeZone,AUTO
75080,BMW,Z4,GREY,Petrol,2,11650,26085,101,31/12/2020,TradeZone,MANUAL
20412,BMW,Z4,BLUE,Petrol,3,5700,83300,156,29/03/2019,TradeZone,MANUAL
85960,VAUXHALL,CORSA-E,GREY,Electric,2,8100,41632,54,31/01/2020,TradeZone,SEMI-AUTO
38731,VAUXHALL,CORSA-E,SILVER,Electric,1,8300,37238,53,01/12/2018,TradeZone,AUTO
59888,VAUXHALL,CORSA-E,GREY,Electric,3,8150,40218,53,30/09/2019,TradeZone,SEMI-AUTO
11051,VAUXHALL,CORSA-E,WHITE,Electric,1,8900,26200,54,31/01/2020,PARTEX,MANUAL
97981,JAGUAR,E-PACE,GREY,Diesel,2,18100,23772,56,26/11/2018,TradeZone,SEMI-AUTO
66126,JAGUAR,E-PACE,GREY,Diesel,3,16900,36385,56,07/09/2021,TradeZone,AUTO
18608,VAUXHALL,CORSA,RED,Petrol,3,9250,54000,63,20/01/2022,TradeZone,MANUAL
63252,MINI,HATCHBACK,BLACK,Petrol,5,6925,51477,120,03/05/2018,TradeZone,AUTO
67645,SKODA,FABIA,BLUE,Petrol,1,4325,40065,94,04/05/2021,OTHER,AUTO
21391,AUDI,A5,BLUE,Diesel,2,4800,81800,146,16/12/2019,TradeZone,MANUAL
7791,MG,ZS,BLACK,Petrol,1,11900,29146,38,30/04/2018,PARTEX,SEMI-AUTO
2329,MG,ZS,BLACK,Petrol,1,9700,70147,38,26/03/2019,TradeZone,AUTO
59495,FORD,FOCUS,BLACK,Diesel,1,12300,36323,43,31/03/2021,TradeZone,SEMI-AUTO
7082,BMW,1 SERIES,BLACK,Diesel,9,2275,84000,161,31/03/2021,TradeZone,AUTO
86257,DACIA,DUSTER,BLACK,Petrol,2,4925,68207,84,04/05/2021,TradeZone,SEMI-AUTO
45321,MAZDA,MAZDA2,GREY,Petrol,2,10800,9623,30,05/11/2021,OTHER,SEMI-AUTO
17458,MAZDA,MAZDA2,BLACK,Petrol,2,8400,34914,53,12/11/2021,TradeZone,SEMI-AUTO
27705,MAZDA,MAZDA2,GREEN,Petrol,1,9850,21965,37,29/03/2018,TradeZone,MANUAL
54420,LAND ROVER,RANGE ROVER,WHITE,Diesel,2,25900,77553,68,03/07/2020,TradeZone,MANUAL
53772,NISSAN,QASHQAI,WHITE,Petrol,3,7800,55199,92,09/08/2021,TradeZone,SEMI-AUTO
22756,PEUGEOT,207,GREY,Diesel,2,640,79000,179,29/09/2017,TradeZone,AUTO
30136,LAND ROVER,DISCOVERY SPORT,GREY,Diesel,1,20200,52005,50,05/09/2019,TradeZone,AUTO
16525,VAUXHALL,CROSSLAND,BLUE,Petrol,1,11000,41865,38,30/09/2020,TradeZone,SEMI-AUTO
50536,NISSAN,QASHQAI,WHITE,Petrol,1,14000,39773,55,02/09/2020,TradeZone,AUTO
41009,NISSAN,QASHQAI,GREY,Petrol,1,14550,28215,62,05/03/2016,PARTEX,SEMI-AUTO
48800,NISSAN,QASHQAI,BLACK,Petrol,2,15150,24673,54,29/04/2019,TradeZone,AUTO
52787,JAGUAR,XF,BLACK,Diesel,3,8375,41016,101,31/03/2021,TradeZone,SEMI-AUTO
13059,MITSUBISHI,ECLIPSE CROSS,WHITE,Petrol,2,7525,78200,80,18/02/2021,TradeZone,MANUAL
88453,VOLVO,XC40,ORANGE,Petrol,2,22350,21980,55,18/12/2020,TradeZone,AUTO
56972,NISSAN,MICRA,SILVER,Petrol,2,10200,10652,46,15/01/2021,TradeZone,SEMI-AUTO
54303,NISSAN,MICRA,BLACK,Petrol,1,9575,27891,35,23/11/2021,TradeZone,AUTO
63391,HYUNDAI,TUCSON,SILVER,Petrol,1,12200,46095,68,17/10/2022,TradeZone,MANUAL
88604,MERCEDES-BENZ,A-CLASS,WHITE,Petrol,3,14050,39500,58,31/03/2021,TradeZone,AUTO
11271,VAUXHALL,CORSA,GREY,Petrol,1,1650,56698,151,31/03/2021,TradeZone,AUTO
14116,AUDI,Q2,RED,Petrol,2,13850,31487,86,31/05/2022,TradeZone,MANUAL
13689,JAGUAR,E-PACE,BLACK,Diesel,2,10150,50420,73,08/11/2017,TradeZone,SEMI-AUTO
32961,FORD,FOCUS,GREEN,Petrol,2,9050,41756,68,15/10/2021,TradeZone,AUTO
93561,FORD,FOCUS,SILVER,Petrol,2,9750,23256,76,05/09/2019,TradeZone,MANUAL
41695,KIA,CEED,WHITE,Petrol,1,13050,27154,37,28/09/2020,TradeZone,MANUAL
50400,PEUGEOT,208,WHITE,Diesel,2,2325,51540,144,22/09/2020,TradeZone,SEMI-AUTO
88614,CUPRA,FORMENTOR,GREY,Petrol,2,23900,23681,48,13/09/2021,TradeZone,SEMI-AUTO
80784,CUPRA,FORMENTOR,WHITE,Petrol,1,24850,18593,42,01/03/2019,TradeZone,SEMI-AUTO
34861,AUDI,Q3,WHITE,Petrol,3,10100,69540,103,05/03/2021,TradeZone,SEMI-AUTO
75091,FORD,FOCUS,BLUE,Diesel,2,7375,74726,71,18/06/2018,PARTEX,SEMI-AUTO
89416,KIA,XCEED,GREY,Petrol,1,9500,33000,63,25/11/2020,TradeZone,SEMI-AUTO
18223,KIA,XCEED,BLACK,Petrol,1,11350,23082,35,24/06/2021,TradeZone,SEMI-AUTO
95527,KIA,XCEED,GREY,Petrol,1,10900,30500,38,31/03/2021,TradeZone,AUTO
44387,KIA,XCEED,BLACK,Petrol,1,11500,21000,38,28/05/2021,TradeZone,AUTO
67737,KIA,XCEED,WHITE,Petrol,3,8625,49498,63,19/04/2021,TradeZone,AUTO
25875,KIA,XCEED,BLACK,Petrol,1,9475,48100,44,30/04/2022,TradeZone,AUTO
31149,KIA,XCEED,RED,Petrol,1,11350,23357,38,29/10/2019,OTHER,SEMI-AUTO
78272,KIA,XCEED,WHITE,Petrol,1,12300,10000,38,26/11/2022,TradeZone,AUTO
19399,KIA,XCEED,WHITE,Petrol,1,12300,10500,38,13/08/2021,OTHER,SEMI-AUTO
95932,KIA,XCEED,SILVER,Petrol,2,8475,58042,55,31/03/2020,TradeZone,SEMI-AUTO
2847,KIA,XCEED,BLUE,Petrol,1,11650,19000,38,03/03/2020,TradeZone,SEMI-AUTO
36356,HONDA,CIVIC,GREEN,Petrol,2,8925,41280,79,16/03/2023,TradeZone,MANUAL
82919,DACIA,DUSTER,BLACK,Diesel,2,7250,41600,79,06/11/2019,TradeZone,AUTO
47578,BMW,1 SERIES,RED,Diesel,3,6150,58199,104,13/01/2020,TradeZone,AUTO
31683,BMW,1 SERIES,BLACK,Diesel,2,6800,55000,91,30/09/2020,TradeZone,MANUAL
56127,SMART,FORFOUR,GREY,Petrol,4,3625,52900,87,14/09/2020,TradeZone,MANUAL
7348,SMART,FORFOUR,BLUE,Petrol,2,2825,92221,82,15/09/2020,TradeZone,SEMI-AUTO
98704,MERCEDES-BENZ,C-CLASS,BLACK,Diesel,3,1800,145210,154,26/10/2020,TradeZone,AUTO
88282,FORD,FOCUS,BLACK,Petrol,2,3625,79971,91,24/09/2020,TradeZone,SEMI-AUTO
70235,MERCEDES-BENZ,A-CLASS,BLUE,Petrol,1,20600,16000,36,16/03/2021,TradeZone,MANUAL
89188,MERCEDES-BENZ,A-CLASS,GREY,Petrol,3,15350,30968,56,30/06/2022,TradeZone,MANUAL
95585,MERCEDES-BENZ,A-CLASS,WHITE,Petrol,1,16050,34423,47,30/06/2022,TradeZone,MANUAL
56015,MINI,COUNTRYMAN,WHITE,Petrol,3,11350,29700,68,29/01/2019,OTHER,MANUAL
62780,VOLKSWAGEN,TOUAREG,GREY,Diesel,1,36700,35963,50,19/11/2020,TradeZone,SEMI-AUTO
23891,CITROEN,C4,WHITE,Petrol,2,13650,8739,38,04/11/2021,TradeZone,MANUAL
84636,MG,MG4,BLACK,Electric,2,13850,12830,23,09/11/2018,TradeZone,SEMI-AUTO
97241,MG,MG4,GREY,Electric,1,14000,10066,26,10/09/2020,PARTEX,SEMI-AUTO
83286,SKODA,KODIAQ,BLACK,Petrol,2,16600,50359,83,30/09/2020,TradeZone,MANUAL
23801,LAND ROVER,RANGE ROVER VELAR,BLACK,Diesel,1,40900,12642,16,31/03/2019,TradeZone,AUTO
59537,AUDI,Q3,SILVER,Diesel,3,3700,163000,128,01/03/2016,TradeZone,AUTO
5497,LAND ROVER,RANGE ROVER VELAR,RED,Diesel,2,15550,44571,86,30/04/2019,TradeZone,MANUAL
59971,SEAT,ATECA,WHITE,Petrol,1,13200,43231,49,10/08/2020,TradeZone,SEMI-AUTO
32089,SEAT,ATECA,BLUE,Petrol,1,13200,43197,50,18/12/2020,TradeZone,AUTO
64076,SEAT,ATECA,BLACK,Petrol,1,14350,23597,46,31/10/2022,TradeZone,MANUAL
89212,SEAT,ATECA,BLACK,Petrol,1,13850,31479,49,25/05/2018,OTHER,MANUAL
30247,SEAT,ATECA,WHITE,Petrol,1,14050,28601,50,20/03/2019,TradeZone,AUTO
37874,SEAT,ATECA,WHITE,Petrol,1,14750,16337,49,30/06/2020,TradeZone,MANUAL
39015,SEAT,ATECA,BLUE,Petrol,1,14150,26317,46,26/06/2020,OTHER,SEMI-AUTO
85313,BMW,1 SERIES,GREY,Petrol,1,19950,33000,50,28/05/2021,TradeZone,SEMI-AUTO
3370,RENAULT,CLIO,SILVER,Petrol,5,530,119447,176,30/04/2021,TradeZone,AUTO
11408,RENAULT,CLIO,SILVER,Petrol,4,710,99000,168,07/10/2020,OTHER,SEMI-AUTO
99352,VOLKSWAGEN,GOLF,WHITE,Petrol,2,16050,42875,40,22/11/2021,TradeZone,AUTO
31504,VOLKSWAGEN,GOLF,GREY,Petrol,1,17550,26025,44,18/03/2017,TradeZone,SEMI-AUTO
21597,VOLKSWAGEN,GOLF,BLACK,Petrol,1,19200,21087,28,31/05/2019,PARTEX,SEMI-AUTO
83316,VAUXHALL,CORSA,BLUE,Petrol,2,1750,88300,132,29/12/2023,TradeZone,AUTO
54966,AUDI,A5,BLACK,Diesel,3,7900,67606,120,30/09/2020,TradeZone,MANUAL
20514,AUDI,Q5,WHITE,Petrol,3,9000,63000,121,25/09/2018,TradeZone,MANUAL
73211,TOYOTA,AYGO,BLACK,Petrol,4,720,80914,222,10/09/2020,TradeZone,SEMI-AUTO
45336,MINI,HATCHBACK,GREY,Petrol,1,12800,20644,51,17/09/2021,TradeZone,SEMI-AUTO
5709,KIA,SPORTAGE,WHITE,Petrol,2,25350,27520,34,16/05/2018,TradeZone,SEMI-AUTO
70644,VOLKSWAGEN,T-CROSS,BLUE,Petrol,2,15950,28058,48,21/07/2020,TradeZone,AUTO
14813,VOLKSWAGEN,T-CROSS,WHITE,Petrol,1,16800,27412,34,30/04/2021,OTHER,SEMI-AUTO
50794,FORD,KUGA,WHITE,Diesel,4,830,147000,180,24/02/2020,TradeZone,MANUAL
89551,SUZUKI,VITARA,BLACK,Petrol,2,6650,49580,102,18/12/2019,TradeZone,MANUAL
70384,VOLKSWAGEN,POLO,WHITE,Petrol,3,6650,87364,92,27/11/2019,TradeZone,SEMI-AUTO
29476,AUDI,A1,SILVER,Petrol,2,14200,39657,59,30/03/2017,TradeZone,SEMI-AUTO
94178,BMW,X1,BLACK,Petrol,1,17400,41396,52,30/06/2020,TradeZone,SEMI-AUTO
74784,BMW,X1,BLACK,Petrol,1,18600,29582,53,31/03/2021,TradeZone,AUTO
47988,VAUXHALL,INSIGNIA,BLUE,Diesel,6,1500,135475,137,31/03/2021,TradeZone,AUTO
49066,MERCEDES-BENZ,C-CLASS,WHITE,Other,3,9900,59717,91,07/12/2020,TradeZone,MANUAL
75287,MINI,HATCHBACK,RED,Petrol,2,3775,59164,158,06/01/2021,TradeZone,AUTO
36251,SKODA,KAROQ,BLACK,Petrol,2,14650,31737,53,12/12/2021,OTHER,AUTO
43987,HYUNDAI,I20,RED,Petrol,3,1350,55000,164,20/08/2022,TradeZone,SEMI-AUTO
17176,VOLVO,XC60,BLUE,Petrol,3,28250,32324,41,20/07/2021,TradeZone,AUTO
59055,FORD,KUGA,SILVER,Diesel,2,10900,40343,68,18/09/2019,TradeZone,MANUAL
87969,FORD,KUGA,RED,Diesel,2,9475,53872,74,21/09/2020,PARTEX,MANUAL
47278,RENAULT,CAPTUR,GREY,Petrol,3,13400,23569,50,23/01/2024,OTHER,SEMI-AUTO
10081,HYUNDAI,IX20,GREY,Petrol,3,5700,50713,104,06/08/2016,TradeZone,SEMI-AUTO
86218,MERCEDES-BENZ,GLA,GREY,Diesel,2,12050,70151,80,23/03/2020,TradeZone,SEMI-AUTO
57868,DACIA,DUSTER,BLACK,Petrol,1,14550,13613,12,28/11/2017,TradeZone,SEMI-AUTO
46852,FIAT,500L,WHITE,Diesel,4,2500,48950,142,23/09/2020,TradeZone,AUTO
36335,BMW,2 SERIES GRAN COUPE,RED,Petrol,1,16150,23305,47,24/01/2019,TradeZone,AUTO
21593,BMW,2 SERIES GRAN COUPE,GREY,Petrol,2,13600,57170,47,30/04/2021,TradeZone,MANUAL
46347,BMW,2 SERIES GRAN COUPE,GREY,Petrol,1,14950,38771,45,28/04/2021,TradeZone,SEMI-AUTO
78208,BMW,2 SERIES GRAN COUPE,WHITE,Petrol,1,17000,16094,44,12/05/2021,TradeZone,SEMI-AUTO
59598,BMW,2 SERIES GRAN COUPE,BLACK,Petrol,2,16750,19000,44,09/12/2020,TradeZone,SEMI-AUTO
44058,HYUNDAI,TUCSON,GREY,Diesel,3,6125,95200,90,31/05/2022,TradeZone,MANUAL
1678,HYUNDAI,TUCSON,WHITE,Diesel,2,8175,43551,89,21/04/2021,OTHER,MANUAL
4953,HYUNDAI,TUCSON,WHITE,Diesel,3,6550,69709,110,17/03/2022,TradeZone,MANUAL
4970,HYUNDAI,TUCSON,BLUE,Diesel,2,5825,89000,108,14/10/2019,TradeZone,MANUAL
53751,AUDI,A3,WHITE,Petrol,4,7225,57741,91,21/09/2020,TradeZone,MANUAL
62908,VOLKSWAGEN,ID.3,BLACK,Electric,1,10750,70963,39,02/03/2020,TradeZone,AUTO
24987,VOLKSWAGEN,ID.3,WHITE,Electric,2,14850,14830,30,19/08/2021,TradeZone,AUTO
65408,DACIA,DUSTER,YELLOW,Diesel,2,7750,73611,74,24/06/2021,TradeZone,AUTO
95660,KIA,STINGER,BLACK,Petrol,4,14100,48625,76,30/09/2020,TradeZone,AUTO
87804,CUPRA,FORMENTOR,BLUE,Petrol,1,21500,21913,41,30/09/2020,TradeZone,SEMI-AUTO
7962,CUPRA,FORMENTOR,SILVER,Petrol,1,22300,15117,40,29/10/2021,TradeZone,AUTO
70872,CUPRA,FORMENTOR,BLACK,Petrol,1,21250,24752,41,01/04/2021,TradeZone,MANUAL
97233,VAUXHALL,GRANDLAND X,BLACK,Petrol,3,8075,40749,86,30/01/2020,TradeZone,MANUAL
27151,AUDI,Q3,WHITE,Petrol,2,11050,41000,95,10/12/2020,TradeZone,AUTO
14908,PEUGEOT,3008,BLACK,Hybrid,1,18750,20497,38,14/04/2021,TradeZone,AUTO
24007,CITROEN,C3,WHITE,Petrol,1,10200,10430,50,18/05/2021,TradeZone,SEMI-AUTO
84775,CITROEN,C3,BLUE,Petrol,1,9425,32482,39,03/12/2020,TradeZone,AUTO
88544,CITROEN,C3,WHITE,Petrol,1,10350,15865,39,24/02/2020,TradeZone,SEMI-AUTO
19703,CITROEN,C3,GREEN,Petrol,1,8875,36443,50,07/11/2019,TradeZone,MANUAL
34223,CITROEN,C3,WHITE,Petrol,1,8800,37055,45,30/10/2018,TradeZone,SEMI-AUTO
68239,CITROEN,C3,RED,Petrol,1,8600,41428,50,20/12/2022,TradeZone,MANUAL
13697,CITROEN,C3,BLUE,Petrol,1,10400,18598,38,02/07/2018,TradeZone,SEMI-AUTO
18197,KIA,EV6,BLUE,Electric,1,21550,55898,37,23/09/2019,TradeZone,MANUAL
53186,SUZUKI,VITARA,BLUE,Diesel,2,5850,77000,105,27/04/2019,TradeZone,MANUAL
71799,VOLKSWAGEN,ID.4,BLACK,Electric,1,16900,31037,49,01/02/2021,TradeZone,SEMI-AUTO
24727,LAND ROVER,DISCOVERY,RED,Diesel,3,21450,79500,74,25/09/2017,TradeZone,MANUAL
42265,AUDI,A3,WHITE,Hybrid,1,17700,38865,50,22/06/2016,TradeZone,MANUAL
27813,VOLKSWAGEN,POLO,SILVER,Petrol,1,1475,147000,172,18/06/2018,TradeZone,SEMI-AUTO
40568,VOLVO,S90,WHITE,Diesel,1,14550,55360,62,27/05/2021,TradeZone,SEMI-AUTO
30951,VAUXHALL,CORSA,GREY,Petrol,2,1300,85000,152,24/05/2021,TradeZone,SEMI-AUTO
97317,VAUXHALL,CORSA,BLUE,Petrol,1,710,142194,152,20/08/2021,TradeZone,SEMI-AUTO
67308,MAZDA,MAZDA6,WHITE,Diesel,2,3125,80350,122,10/12/2019,TradeZone,MANUAL
51462,FORD,FIESTA,GREY,Petrol,2,9125,46200,54,18/12/2019,TradeZone,SEMI-AUTO
31487,FORD,FIESTA,BLACK,Petrol,2,12500,7407,50,21/01/2021,TradeZone,MANUAL
46168,FORD,FIESTA,BLUE,Petrol,2,9750,37453,56,05/12/2022,TradeZone,AUTO
5601,KIA,PICANTO,GREY,Petrol,2,9100,12686,55,24/03/2020,TradeZone,MANUAL
88530,ALFA ROMEO,MITO,ORANGE,Petrol,1,3800,33600,110,19/05/2021,TradeZone,MANUAL
60244,CITROEN,C4 CACTUS,BLACK,Petrol,2,7800,20470,58,18/05/2021,OTHER,SEMI-AUTO
47693,CITROEN,C4 CACTUS,BLACK,Petrol,3,7525,21353,64,31/12/2020,TradeZone,SEMI-AUTO
69110,CITROEN,C4 CACTUS,BLUE,Petrol,2,5875,44895,80,13/01/2021,TradeZone,SEMI-AUTO
35100,CITROEN,C4 CACTUS,GREY,Petrol,2,7800,33513,50,28/05/2021,TradeZone,AUTO
91417,SUZUKI,VITARA,GREY,Petrol,1,8550,68055,72,17/06/2021,TradeZone,SEMI-AUTO
46769,SUZUKI,VITARA,WHITE,Petrol,2,7400,97000,73,10/12/2015,PARTEX,SEMI-AUTO
64446,PEUGEOT,5008,WHITE,Petrol,1,18600,23081,47,29/01/2021,TradeZone,SEMI-AUTO
73494,VOLKSWAGEN,GOLF,BLACK,Electric,3,8200,41000,73,07/12/2021,TradeZone,MANUAL
27358,VOLKSWAGEN,GOLF,WHITE,Electric,4,9950,11800,64,02/02/2022,TradeZone,SEMI-AUTO
72301,VOLKSWAGEN,GOLF,GREY,Electric,2,10350,14012,54,07/06/2019,TradeZone,MANUAL
57661,VOLKSWAGEN,GOLF,GREY,Electric,1,9125,38305,56,06/12/2019,TradeZone,MANUAL
58985,VOLKSWAGEN,GOLF,BLACK,Electric,2,9875,13340,63,18/01/2021,PARTEX,AUTO
39723,HONDA,CIVIC,GREY,Petrol,2,15950,14500,44,20/10/2020,TradeZone,SEMI-AUTO
49631,LAND ROVER,RANGE ROVER EVOQUE,BLACK,Diesel,5,15100,37870,83,08/04/2021,TradeZone,SEMI-AUTO
11060,MG,ZS,WHITE,Petrol,2,10400,33115,56,05/07/2021,TradeZone,AUTO
15211,MERCEDES-BENZ,A-CLASS,GREY,Petrol,2,11100,52663,86,09/07/2021,TradeZone,SEMI-AUTO
47242,SEAT,ATECA,GREY,Petrol,1,14400,39469,50,25/06/2021,TradeZone,SEMI-AUTO
37910,MG,MG5,WHITE,Electric,1,11550,20001,38,08/08/2022,TradeZone,AUTO
44338,MG,MG5,BLACK,Electric,2,11600,23316,32,27/01/2021,OTHER,SEMI-AUTO
59793,FORD,FIESTA,BLACK,Diesel,4,3875,80293,101,13/01/2022,TradeZone,SEMI-AUTO
18182,AUDI,Q2,GREY,Diesel,2,14250,55163,64,14/01/2022,TradeZone,SEMI-AUTO
74435,TOYOTA,C-HR,WHITE,Hybrid,2,17150,32403,49,08/01/2021,TradeZone,MANUAL
227,TOYOTA,C-HR,WHITE,Hybrid,1,19050,21409,36,11/02/2021,TradeZone,SEMI-AUTO
50605,AUDI,A3,GREY,Petrol,2,12700,41161,92,11/01/2021,TradeZone,SEMI-AUTO
95922,AUDI,A3,WHITE,Petrol,3,12050,55417,82,31/03/2021,TradeZone,MANUAL
44332,CITROEN,DS3,BLACK,Petrol,3,3175,38000,138,29/08/2018,TradeZone,MANUAL
82259,FORD,FIESTA,WHITE,Petrol,3,11300,21000,82,25/09/2018,TradeZone,SEMI-AUTO
74258,FORD,FIESTA,RED,Petrol,2,11300,30392,71,19/01/2018,TradeZone,MANUAL
91622,SEAT,IBIZA,WHITE,Petrol,3,9175,56530,70,31/03/2017,PARTEX,AUTO
1193,HONDA,HR-V,GREY,Petrol,2,15050,17485,68,17/07/2020,TradeZone,AUTO
98767,VAUXHALL,MOKKA,BLACK,Petrol,2,14500,11093,40,15/09/2021,TradeZone,MANUAL
77718,VAUXHALL,MOKKA,WHITE,Petrol,2,13250,29399,40,18/05/2021,OTHER,SEMI-AUTO
2833,FORD,PUMA,WHITE,Petrol,1,14250,13631,55,06/09/2022,TradeZone,MANUAL
16334,SKODA,FABIA,BLACK,Diesel,3,1700,102300,156,22/12/2017,TradeZone,AUTO
80737,MAZDA,MX-30,BLUE,Electric,2,10050,14546,46,31/12/2018,TradeZone,MANUAL
15449,MAZDA,MX-30,BLACK,Electric,1,10350,13576,44,18/05/2021,TradeZone,SEMI-AUTO
51211,BMW,I3,GREY,Hybrid,4,5300,60447,117,07/03/2018,PARTEX,MANUAL
79341,VOLKSWAGEN,GOLF,BLUE,Diesel,2,4875,138000,101,30/06/2021,TradeZone,MANUAL
39630,JAGUAR,E-PACE,WHITE,Diesel,3,16850,35112,68,29/04/2018,TradeZone,MANUAL
47527,KIA,SPORTAGE,WHITE,Hybrid,2,28600,19934,24,30/07/2018,TradeZone,AUTO
31526,MINI,COUNTRYMAN,BLUE,Petrol,2,18050,23539,36,28/05/2021,TradeZone,MANUAL
13634,HYUNDAI,TUCSON,GREY,Petrol,1,17100,43000,44,23/12/2020,TradeZone,AUTO
98696,AUDI,A3,SILVER,Diesel,2,9800,59277,98,30/11/2020,TradeZone,MANUAL
51125,SEAT,IBIZA,BLUE,Petrol,2,17750,11247,9,22/11/2022,TradeZone,MANUAL
83987,FIAT,500L,WHITE,Petrol,3,7625,31724,62,30/09/2018,OTHER,MANUAL
77461,PEUGEOT,E-2008,GREEN,Electric,1,11200,30894,43,14/05/2021,PARTEX,MANUAL
272,PEUGEOT,E-2008,WHITE,Electric,1,11450,30563,40,30/11/2020,TradeZone,MANUAL
9680,VOLVO,XC40,BLACK,Petrol,1,19600,52541,50,30/04/2018,TradeZone,SEMI-AUTO
98118,VOLVO,XC40,SILVER,Petrol,1,23250,15990,52,30/06/2020,TradeZone,MANUAL
7789,VOLVO,XC40,BLACK,Petrol,1,21500,34081,50,10/05/2021,TradeZone,MANUAL
3006,VOLVO,XC40,SILVER,Petrol,1,18050,69442,49,29/07/2019,TradeZone,AUTO
69472,JEEP,COMPASS,BLACK,Petrol,1,12200,35152,54,29/06/2018,TradeZone,MANUAL
46867,JEEP,COMPASS,RED,Petrol,1,10800,66419,46,08/04/2016,TradeZone,MANUAL
23448,FORD,FOCUS,GREY,Petrol,2,7750,70665,70,28/10/2020,TradeZone,SEMI-AUTO
3152,FORD,FOCUS,WHITE,Petrol,2,9350,41679,71,29/12/2020,TradeZone,MANUAL
13597,FORD,FOCUS,BLUE,Petrol,2,7725,65371,77,28/09/2022,TradeZone,AUTO
56805,FORD,FOCUS,BLUE,Petrol,3,9250,46053,68,24/01/2020,TradeZone,SEMI-AUTO
83314,FORD,FOCUS,SILVER,Petrol,3,9125,45848,73,04/09/2017,OTHER,MANUAL
10995,VOLVO,XC60,WHITE,Petrol,1,46200,6211,8,26/01/2021,PARTEX,MANUAL
37387,LAND ROVER,RANGE ROVER EVOQUE,BLACK,Diesel,1,27450,22088,36,31/03/2017,TradeZone,MANUAL
42955,LAND ROVER,RANGE ROVER EVOQUE,BLACK,Diesel,1,29550,16451,22,05/03/2018,TradeZone,SEMI-AUTO
9124,SEAT,ATECA,BLACK,Diesel,1,11400,49964,78,02/07/2018,TradeZone,MANUAL
85968,CITROEN,DS3,WHITE,Diesel,2,2425,51134,140,31/05/2019,TradeZone,MANUAL
1651,CITROEN,DS3,BLACK,Diesel,2,2075,74000,118,20/06/2017,TradeZone,AUTO
16937,AUDI,A1,WHITE,Petrol,2,11300,30906,85,12/12/2017,TradeZone,MANUAL
25891,SSANGYONG,TIVOLI,WHITE,Petrol,2,5650,57852,62,13/04/2018,TradeZone,MANUAL
26867,AUDI,A4,WHITE,Diesel,5,7175,61887,115,30/06/2020,TradeZone,SEMI-AUTO
24965,AUDI,A3,GREY,Petrol,2,7975,60750,93,30/06/2018,TradeZone,MANUAL
17327,SMART,FORTWO COUPE,WHITE,Petrol,4,4425,36705,92,01/03/2019,TradeZone,SEMI-AUTO
72214,AUDI,A1,BLACK,Diesel,4,2925,95918,149,22/03/2018,PARTEX,MANUAL
77832,MERCEDES-BENZ,C-CLASS,WHITE,Diesel,2,12050,58000,92,08/03/2019,PARTEX,SEMI-AUTO
19931,VOLKSWAGEN,T-ROC,BLACK,Petrol,4,11300,45376,84,11/10/2021,TradeZone,AUTO
29151,VAUXHALL,CORSA,BLUE,Petrol,1,11900,9572,36,28/01/2022,TradeZone,MANUAL
88362,PEUGEOT,3008,BLUE,Diesel,4,1325,93000,164,29/01/2021,TradeZone,MANUAL
37368,HYUNDAI,IONIQ,WHITE,Electric,1,9475,33342,57,01/09/2016,OTHER,MANUAL
57236,LAND ROVER,RANGE ROVER SPORT,GREY,Petrol,1,122900,8186,13,27/08/2019,OTHER,AUTO
70178,RENAULT,CAPTUR,BLUE,Petrol,3,6250,46370,85,24/11/2020,TradeZone,MANUAL
40809,KIA,PICANTO,WHITE,Petrol,2,8425,33482,40,31/10/2016,TradeZone,AUTO
90618,VOLKSWAGEN,GOLF,WHITE,Petrol,2,11450,46500,82,26/10/2018,TradeZone,SEMI-AUTO
32931,VAUXHALL,CROSSLAND X,RED,Petrol,2,9350,21520,53,20/03/2018,TradeZone,MANUAL
68039,VAUXHALL,CROSSLAND X,BLACK,Petrol,2,8475,30876,57,07/01/2020,TradeZone,SEMI-AUTO
656,AUDI,A1,BLUE,Petrol,2,6425,69231,90,20/07/2018,TradeZone,MANUAL
42915,BMW,M4,WHITE,Petrol,4,18350,71862,104,01/09/2018,TradeZone,MANUAL
12646,BMW,M4,WHITE,Petrol,3,19400,56724,110,16/03/2022,TradeZone,MANUAL
78388,HONDA,HR-V,GREY,Hybrid,1,21500,21475,19,13/09/2019,PARTEX,MANUAL
93191,HONDA,HR-V,GREY,Hybrid,1,20900,9823,39,30/11/2020,TradeZone,MANUAL
34853,POLESTAR,2,RED,Electric,1,18200,43257,38,20/06/2018,PARTEX,MANUAL
98432,MERCEDES-BENZ,C-CLASS,WHITE,Diesel,3,12050,67103,98,08/03/2017,TradeZone,MANUAL
44410,BMW,4 SERIES GRAN COUPE,WHITE,Diesel,3,18050,33276,63,13/07/2020,TradeZone,AUTO
8471,BMW,4 SERIES GRAN COUPE,BLUE,Diesel,1,11200,74645,91,01/10/2020,TradeZone,AUTO
70178,BMW,4 SERIES GRAN COUPE,WHITE,Diesel,3,11600,66274,95,07/03/2018,TradeZone,AUTO
39711,TESLA,MODEL X,RED,Electric,2,26250,81341,52,30/11/2018,TradeZone,SEMI-AUTO
28764,FORD,FUSION,WHITE,Petrol,2,450,84460,234,29/09/2017,TradeZone,MANUAL
6249,BMW,2 SERIES ACTIVE TOURER,BLACK,Petrol,2,9375,48752,77,02/09/2017,PARTEX,MANUAL
85465,BMW,2 SERIES ACTIVE TOURER,WHITE,Petrol,2,10050,38500,80,26/09/2019,TradeZone,SEMI-AUTO
36148,MINI,COUNTRYMAN,WHITE,Petrol,1,15500,27947,51,23/11/2021,TradeZone,SEMI-AUTO
60800,AUDI,A3,BLUE,Petrol,1,15850,28761,43,28/05/2018,TradeZone,SEMI-AUTO
14127,AUDI,A3,GREEN,Petrol,1,18000,9827,38,16/03/2018,TradeZone,MANUAL
73428,,,WHITE,Other,1,,28761,,13/10/2020,TradeZone,MANUAL
33934,BMW,1 SERIES,BLUE,Diesel,4,12100,31761,82,31/01/2016,PARTEX,MANUAL
36558,MINI,HATCHBACK,SILVER,Electric,1,11450,23195,38,28/08/2020,TradeZone,MANUAL
84001,VOLKSWAGEN,T-ROC,WHITE,Petrol,1,23100,13643,30,29/09/2021,TradeZone,MANUAL
92997,PEUGEOT,2008,RED,Diesel,3,6525,47722,80,31/03/2019,TradeZone,MANUAL
87252,VOLVO,XC40,RED,Electric,1,27550,33933,26,20/10/2015,PARTEX,SEMI-AUTO
65639,RENAULT,CLIO,SILVER,Petrol,8,2875,104000,212,14/09/2018,PARTEX,MANUAL
65381,FORD,FIESTA,GREY,Petrol,4,13050,32334,66,30/09/2019,TradeZone,SEMI-AUTO
23273,LAND ROVER,RANGE ROVER EVOQUE,GREY,Diesel,2,25700,25714,31,20/08/2020,OTHER,MANUAL
39507,LAND ROVER,RANGE ROVER EVOQUE,GREY,Diesel,1,24700,30000,38,30/04/2021,TradeZone,MANUAL
38131,LAND ROVER,RANGE ROVER EVOQUE,GREY,Diesel,1,24900,28532,37,22/02/2019,TradeZone,SEMI-AUTO
82569,LAND ROVER,RANGE ROVER EVOQUE,WHITE,Diesel,1,22950,36541,49,21/01/2021,TradeZone,AUTO
6058,MAZDA,MAZDA6,BLACK,Diesel,3,3900,74197,92,28/04/2022,TradeZone,AUTO
60140,PEUGEOT,3008,GREY,Petrol,2,9225,50866,83,29/09/2017,TradeZone,AUTO
64306,PEUGEOT,3008,BLACK,Petrol,2,7775,78192,85,29/09/2018,TradeZone,MANUAL
38932,FORD,FOCUS,WHITE,Petrol,2,16150,10615,23,13/08/2019,TradeZone,SEMI-AUTO
38077,LAND ROVER,RANGE ROVER EVOQUE,BLUE,Petrol,2,14800,34082,80,31/05/2017,TradeZone,SEMI-AUTO
84177,MERCEDES-BENZ,A-CLASS,WHITE,Hybrid,1,14800,55491,44,12/08/2022,TradeZone,SEMI-AUTO
32420,MERCEDES-BENZ,A-CLASS,WHITE,Hybrid,1,13550,66145,50,12/11/2017,PARTEX,SEMI-AUTO
8377,MERCEDES-BENZ,A-CLASS,BLUE,Hybrid,1,17550,24295,47,30/11/2019,TradeZone,MANUAL
20202,FORD,FOCUS,GREY,Petrol,3,3600,90322,95,28/02/2019,OTHER,MANUAL
86731,FIAT,500X,BLACK,Petrol,3,3675,56488,113,04/03/2020,TradeZone,SEMI-AUTO
30802,FIAT,500X,BLUE,Petrol,3,3875,56706,110,31/03/2022,TradeZone,MANUAL
91580,KIA,SPORTAGE,ORANGE,Diesel,2,8225,61483,87,17/08/2020,TradeZone,MANUAL
80156,FORD,FIESTA,SILVER,Petrol,5,3875,64100,116,27/05/2021,TradeZone,AUTO
91923,KIA,CEED,GREY,Petrol,2,9625,25604,67,20/01/2021,TradeZone,SEMI-AUTO
87299,VAUXHALL,INSIGNIA GRAND SPORT,GREY,Diesel,1,9350,42593,50,31/05/2018,PARTEX,MANUAL
90294,VAUXHALL,INSIGNIA GRAND SPORT,GREY,Diesel,1,8575,53657,51,30/11/2020,TradeZone,MANUAL
91789,VAUXHALL,INSIGNIA GRAND SPORT,BLACK,Diesel,1,9050,48623,50,01/11/2018,TradeZone,AUTO
51264,HYUNDAI,I20,WHITE,Petrol,2,5650,64000,76,23/11/2022,TradeZone,AUTO
2921,AUDI,A5,GREY,Petrol,1,33700,7512,8,13/03/2018,TradeZone,MANUAL
95159,AUDI,Q2,SILVER,Diesel,2,13250,29177,62,17/09/2020,TradeZone,AUTO
83534,AUDI,Q2,WHITE,Diesel,2,12250,41707,64,15/09/2020,TradeZone,MANUAL
64153,SEAT,ATECA,BLACK,Diesel,4,10950,53357,98,21/08/2020,TradeZone,MANUAL
35779,KIA,SPORTAGE,BLACK,Diesel,4,3175,75287,156,31/01/2020,TradeZone,MANUAL
64091,TOYOTA,COROLLA TOURING SPORT,GREY,Hybrid,1,16050,33124,53,22/06/2021,OTHER,SEMI-AUTO
2443,DACIA,SANDERO STEPWAY,GREY,Petrol,2,12250,3515,43,26/08/2020,TradeZone,SEMI-AUTO
16059,SUZUKI,SWIFT,SILVER,Petrol,2,11100,59775,32,13/12/2021,TradeZone,MANUAL
42313,FORD,GALAXY,GREY,Diesel,1,10750,46611,4,29/03/2024,PARTEX,MANUAL
61368,FORD,GALAXY,SILVER,Diesel,1,9525,65691,4,28/02/2021,TradeZone,SEMI-AUTO
97418,FORD,GALAXY,WHITE,Diesel,1,6925,111493,2,05/09/2020,TradeZone,MANUAL
23276,RENAULT,CLIO,SILVER,Petrol,1,9200,40978,41,14/11/2019,TradeZone,SEMI-AUTO
46926,RENAULT,CLIO,BLACK,Petrol,1,9800,30292,41,29/02/2020,OTHER,AUTO
16373,BMW,X1,GREY,Petrol,2,22800,12589,38,16/03/2022,OTHER,AUTO
63570,VAUXHALL,CORSA,SILVER,Petrol,2,4450,59296,95,19/11/2019,TradeZone,MANUAL
7729,VAUXHALL,CORSA,BLACK,Petrol,2,5800,45567,71,11/09/2019,TradeZone,AUTO
14506,VAUXHALL,CORSA,SILVER,Petrol,1,7075,17680,81,02/10/2020,TradeZone,MANUAL
70374,BMW,1 SERIES,GREY,Diesel,3,2175,131000,149,31/03/2023,TradeZone,AUTO
58383,VAUXHALL,ASTRA,SILVER,Diesel,2,1775,92500,118,25/10/2021,TradeZone,AUTO
25396,VOLKSWAGEN,UP!,BLACK,Petrol,3,12550,22300,41,02/01/2019,TradeZone,MANUAL
67964,VOLKSWAGEN,UP!,SILVER,Petrol,3,9575,37457,78,17/01/2020,TradeZone,SEMI-AUTO
14002,KIA,SPORTAGE,GREY,Diesel,4,14950,37957,78,29/03/2019,TradeZone,MANUAL
74031,KIA,SPORTAGE,BLUE,Diesel,1,15650,44000,62,28/09/2020,TradeZone,MANUAL
25408,MERCEDES-BENZ,C-CLASS,GREY,Diesel,2,14150,52378,57,01/03/2021,TradeZone,MANUAL
52841,MERCEDES-BENZ,C-CLASS,WHITE,Diesel,3,14750,34278,73,30/04/2023,TradeZone,AUTO
94409,MERCEDES-BENZ,C-CLASS,BLUE,Diesel,3,12150,71316,73,12/01/2019,TradeZone,SEMI-AUTO
53295,FORD,FOCUS,BLACK,Petrol,3,1625,113870,164,31/03/2021,TradeZone,AUTO
60586,TESLA,MODEL Y,BLUE,Electric,1,31400,17900,28,27/09/2018,TradeZone,MANUAL
13272,MERCEDES-BENZ,GLA,BLACK,Diesel,4,7700,70031,116,01/09/2018,TradeZone,MANUAL
87517,AUDI,A5,BLUE,Petrol,1,21550,7631,54,14/03/2017,PARTEX,MANUAL
10221,MERCEDES-BENZ,A-CLASS,BLACK,Petrol,2,14150,27701,68,11/05/2021,TradeZone,SEMI-AUTO
61777,VOLKSWAGEN,ID.3,GREY,Electric,1,18650,9944,22,25/06/2021,TradeZone,SEMI-AUTO
51966,JAGUAR,E-PACE,GREY,Diesel,2,8575,64480,83,30/06/2021,OTHER,SEMI-AUTO
56780,JAGUAR,E-PACE,BLACK,Diesel,2,9150,60922,73,30/06/2021,TradeZone,SEMI-AUTO
46181,MAZDA,MX-30,BLACK,Electric,1,9825,27640,42,27/11/2019,OTHER,MANUAL
24778,JAGUAR,F-PACE,BLUE,Diesel,2,21550,46912,56,31/12/2020,OTHER,SEMI-AUTO
26705,NISSAN,JUKE,GREY,Petrol,1,9525,14063,74,23/12/2021,TradeZone,MANUAL
34228,NISSAN,JUKE,BLACK,Petrol,1,8275,32378,74,30/11/2021,TradeZone,SEMI-AUTO
96224,NISSAN,QASHQAI,YELLOW,Petrol,2,6425,47156,103,31/12/2021,TradeZone,MANUAL
38979,FORD,FOCUS,GREY,Petrol,3,550,151915,187,30/06/2021,TradeZone,SEMI-AUTO
73944,VOLKSWAGEN,GOLF,GREY,Petrol,2,9225,64866,84,28/02/2022,TradeZone,MANUAL
61770,PEUGEOT,2008,BLACK,Petrol,1,18500,15299,18,22/06/2020,TradeZone,SEMI-AUTO
70928,VAUXHALL,ASTRA,GREY,Diesel,1,16150,20956,30,30/03/2021,TradeZone,MANUAL
83052,SEAT,ARONA,BLUE,Petrol,1,12600,35736,28,13/04/2022,TradeZone,AUTO
87951,FORD,MONDEO,GREY,Diesel,5,4975,82126,110,23/09/2021,TradeZone,MANUAL
59946,MERCEDES-BENZ,C-CLASS,RED,Diesel,2,15200,43516,71,30/04/2018,PARTEX,MANUAL
54561,KIA,E-NIRO,GREY,Electric,1,15400,16367,48,30/09/2022,TradeZone,SEMI-AUTO
11959,KIA,E-NIRO,WHITE,Electric,2,12700,47052,50,25/09/2023,TradeZone,AUTO
42787,MERCEDES-BENZ,A-CLASS,BLACK,Petrol,1,19500,17342,32,30/09/2019,TradeZone,MANUAL
21934,MERCEDES-BENZ,A-CLASS,RED,Petrol,2,15350,47808,50,04/09/2020,TradeZone,MANUAL
62353,MERCEDES-BENZ,A-CLASS,BLUE,Petrol,1,20250,11564,30,19/06/2018,TradeZone,MANUAL
34110,VAUXHALL,ADAM,WHITE,Petrol,3,3525,64181,110,21/12/2018,TradeZone,MANUAL
78109,SKODA,KAROQ,WHITE,Petrol,2,13150,38481,82,31/01/2020,TradeZone,MANUAL
89735,VAUXHALL,ADAM,BLACK,Petrol,4,2450,89133,140,12/08/2019,TradeZone,MANUAL
26481,VAUXHALL,ASTRA,BLACK,Petrol,1,15700,22375,14,31/03/2019,TradeZone,MANUAL
99736,FORD,KUGA,BLUE,Petrol,2,12550,21942,74,24/03/2020,OTHER,MANUAL
24652,FORD,KUGA,RED,Petrol,3,8750,70015,73,31/05/2021,OTHER,SEMI-AUTO
86762,VOLKSWAGEN,PASSAT,SILVER,Hybrid,1,37000,2599,5,04/10/2021,TradeZone,MANUAL
11663,MINI,HATCHBACK,BLACK,Petrol,5,2325,91914,146,24/07/2019,OTHER,MANUAL
8171,BMW,2 SERIES GRAN TOURER,BLUE,Petrol,3,5350,108848,102,30/11/2017,TradeZone,SEMI-AUTO
49846,VOLKSWAGEN,T-CROSS,GREY,Petrol,1,14350,33145,51,23/03/2017,PARTEX,AUTO
99708,VOLVO,XC60,BLACK,Petrol,2,17750,44289,76,30/09/2019,TradeZone,SEMI-AUTO
43507,TOYOTA,YARIS,BROWN,Petrol,3,9650,37574,70,26/06/2018,TradeZone,SEMI-AUTO
86568,TOYOTA,YARIS,WHITE,Petrol,2,9425,37849,75,15/06/2018,TradeZone,AUTO
11221,CITROEN,C1,BLACK,Petrol,4,3500,29360,113,11/02/2022,TradeZone,AUTO
91510,CITROEN,C1,GREY,Petrol,2,3625,38738,98,07/06/2019,TradeZone,MANUAL
60866,CITROEN,C1,WHITE,Petrol,3,2725,72087,104,30/09/2022,TradeZone,AUTO
4208,BMW,3 SERIES,BEIGE,Hybrid,1,18550,76324,48,19/04/2016,PARTEX,MANUAL
38970,DACIA,SANDERO,BLUE,Petrol,1,9025,4893,42,08/09/2017,TradeZone,MANUAL
1791,BMW,2 SERIES,BRONZE,Petrol,2,13300,38310,68,30/09/2019,TradeZone,MANUAL
56219,VOLVO,XC40,BLACK,Petrol,1,20950,22590,50,11/07/2019,TradeZone,MANUAL
62034,VOLKSWAGEN,POLO,BLACK,Petrol,3,8050,52566,107,29/04/2016,PARTEX,MANUAL
19630,NISSAN,JUKE,GREY,Hybrid,1,16900,11390,14,31/03/2017,TradeZone,MANUAL
7765,NISSAN,JUKE,BLUE,Hybrid,1,14100,33724,27,26/03/2018,TradeZone,MANUAL
61700,MERCEDES-BENZ,C-CLASS,GREY,Diesel,2,10750,50631,104,08/12/2017,TradeZone,MANUAL
91374,VAUXHALL,MOKKA X,RED,Petrol,3,10450,33944,73,08/10/2021,OTHER,SEMI-AUTO
35111,LAND ROVER,RANGE ROVER VELAR,RED,Diesel,1,37200,11357,20,20/03/2020,TradeZone,AUTO
50663,SEAT,ARONA,RED,Petrol,1,14800,14071,35,31/05/2021,OTHER,SEMI-AUTO
60992,SEAT,ATECA,SILVER,Petrol,1,16650,16835,47,08/12/2018,TradeZone,AUTO
37442,BMW,X1,GREY,Diesel,1,15750,57125,50,30/11/2021,TradeZone,MANUAL
76892,KIA,SPORTAGE,WHITE,Petrol,3,17500,23900,74,18/04/2019,TradeZone,MANUAL
5965,KIA,SPORTAGE,WHITE,Petrol,3,16000,40396,70,12/06/2018,TradeZone,MANUAL
16271,KIA,SPORTAGE,BLUE,Petrol,2,21100,9814,49,03/03/2020,PARTEX,SEMI-AUTO
42626,KIA,SPORTAGE,RED,Petrol,2,17600,44099,50,18/09/2019,TradeZone,MANUAL
33538,MINI,HATCHBACK,BLUE,Petrol,15,1150,107061,191,16/11/2021,OTHER,AUTO
20583,PEUGEOT,308,BLACK,Diesel,5,3600,62205,115,26/07/2017,PARTEX,MANUAL
3446,AUDI,A6 AVANT,BEIGE,Diesel,4,5450,108500,154,14/05/2019,TradeZone,SEMI-AUTO
96784,CUPRA,FORMENTOR,BLACK,Petrol,1,34700,9479,6,25/04/2018,OTHER,SEMI-AUTO
51749,MG,GS,GREY,Petrol,1,6325,32928,71,30/11/2018,TradeZone,SEMI-AUTO
5329,HONDA,CIVIC,GREY,Petrol,2,1300,56707,205,31/12/2018,TradeZone,MANUAL
36637,NISSAN,QASHQAI,BLACK,Diesel,4,1225,159533,145,12/03/2021,TradeZone,AUTO
7156,NISSAN,QASHQAI,BLACK,Diesel,2,2325,92620,137,30/01/2019,PARTEX,MANUAL
15756,NISSAN,QASHQAI,GREY,Diesel,3,2025,108765,136,11/06/2018,TradeZone,SEMI-AUTO
50436,VOLKSWAGEN,POLO,BLACK,Petrol,7,590,101816,236,23/11/2018,TradeZone,AUTO
10515,LEXUS,UX,RED,Hybrid,1,16400,27700,53,09/12/2021,TradeZone,AUTO
92858,MERCEDES-BENZ,A-CLASS,GREY,Petrol,3,18350,33000,65,16/12/2021,TradeZone,MANUAL
40320,NISSAN,QASHQAI,GREY,Petrol,3,4025,68493,104,08/03/2019,TradeZone,MANUAL
51604,VOLKSWAGEN,TIGUAN,GREY,Diesel,2,13950,47498,92,01/09/2019,TradeZone,SEMI-AUTO
73872,VOLKSWAGEN,TIGUAN,WHITE,Diesel,3,13550,51136,90,08/03/2021,TradeZone,AUTO
33661,LEXUS,UX,SILVER,Electric,1,14650,21460,38,26/09/2019,TradeZone,SEMI-AUTO
90901,LEXUS,UX,WHITE,Electric,1,14850,18464,38,14/10/2016,TradeZone,MANUAL
20647,SKODA,OCTAVIA,BLACK,Petrol,1,13150,31780,35,13/12/2017,TradeZone,AUTO
30459,BMW,X5,GREY,Hybrid,1,39800,37432,38,30/11/2020,TradeZone,MANUAL
95732,VAUXHALL,CORSA,SILVER,Petrol,4,,63151,266,23/07/2020,TradeZone,MANUAL
18221,FORD,FIESTA,BLUE,Petrol,3,2625,52000,170,30/09/2016,PARTEX,MANUAL
75893,KIA,SOUL,SILVER,Electric,2,12050,33369,59,27/11/2020,TradeZone,SEMI-AUTO
47471,KIA,SOUL,WHITE,Electric,3,13050,27936,47,23/03/2018,TradeZone,SEMI-AUTO
21372,SEAT,LEON,BLUE,Diesel,2,7750,60000,74,26/07/2021,OTHER,AUTO
77624,SEAT,ARONA,BLUE,Petrol,4,9875,28024,66,04/09/2019,TradeZone,MANUAL
50181,VOLKSWAGEN,TIGUAN,WHITE,Petrol,1,22800,24854,37,30/12/2020,TradeZone,SEMI-AUTO
3849,KIA,SPORTAGE,GREY,Diesel,3,9825,66069,96,21/10/2020,TradeZone,MANUAL
38942,SEAT,LEON,GREY,Petrol,2,8800,63000,91,08/12/2017,PARTEX,MANUAL
64867,SUZUKI,SWIFT,BLACK,Petrol,2,7500,36150,86,03/06/2021,OTHER,SEMI-AUTO
73131,HONDA,CR-V,BLACK,Petrol,3,14300,30681,71,31/05/2018,TradeZone,MANUAL
31369,AUDI,A1,BLACK,Petrol,1,13650,52138,36,01/03/2018,TradeZone,MANUAL
95727,AUDI,A1,GREY,Petrol,1,16450,16385,36,18/10/2021,TradeZone,MANUAL
26328,AUDI,A1,WHITE,Petrol,1,15200,22699,49,30/03/2016,PARTEX,MANUAL
56282,AUDI,A1,BLUE,Petrol,1,15650,16877,49,29/09/2020,TradeZone,MANUAL
67763,VOLVO,XC40,BLACK,Diesel,3,17650,53400,65,30/10/2020,TradeZone,MANUAL
45315,TOYOTA,AYGO,BLUE,Petrol,2,7275,26720,79,30/09/2019,TradeZone,MANUAL
1046,TOYOTA,AYGO,GREY,Petrol,2,7150,29139,80,31/07/2020,TradeZone,SEMI-AUTO
82177,TOYOTA,AYGO,GREY,Petrol,2,7375,23055,78,25/08/2020,TradeZone,SEMI-AUTO
41146,TOYOTA,YARIS,BLACK,Hybrid,1,12500,23357,47,11/01/2019,PARTEX,MANUAL
63644,TOYOTA,YARIS,BLACK,Hybrid,1,11600,35221,47,18/12/2018,TradeZone,MANUAL
48437,TOYOTA,YARIS,BLACK,Hybrid,1,12900,18003,47,18/01/2022,TradeZone,MANUAL
86661,TOYOTA,YARIS,RED,Hybrid,1,12050,29072,47,16/03/2017,TradeZone,MANUAL
46491,TOYOTA,YARIS,WHITE,Hybrid,1,13700,18742,36,23/04/2021,TradeZone,MANUAL
93958,TOYOTA,YARIS,BLACK,Hybrid,1,13750,8705,47,30/10/2017,PARTEX,MANUAL
22723,TOYOTA,YARIS,BLACK,Hybrid,1,12050,29842,47,27/09/2018,TradeZone,SEMI-AUTO
20157,VOLVO,V40,BLUE,Diesel,3,2875,121000,129,16/10/2020,TradeZone,SEMI-AUTO
68895,VOLVO,XC90,WHITE,Diesel,3,2750,106706,192,12/10/2020,TradeZone,AUTO
98242,AUDI,A3,BLUE,Diesel,3,3925,94918,145,04/09/2020,TradeZone,AUTO
73037,BMW,3 SERIES,BRONZE,Petrol,1,19900,61534,50,15/12/2022,TradeZone,MANUAL
98069,LEXUS,NX,GREY,Hybrid,2,11700,100184,98,27/04/2022,TradeZone,MANUAL
66119,HONDA,CIVIC,BLACK,Petrol,4,7725,60082,85,14/12/2016,PARTEX,SEMI-AUTO
35531,KIA,CARENS,BLUE,Diesel,2,2975,93250,134,09/11/2018,TradeZone,AUTO
36377,VOLKSWAGEN,GOLF,BLACK,Petrol,2,10000,30505,95,05/03/2021,TradeZone,SEMI-AUTO
19527,VOLKSWAGEN,GOLF,BLACK,Petrol,3,9450,47700,83,30/11/2020,TradeZone,AUTO
4057,MERCEDES-BENZ,A-CLASS,RED,Petrol,3,16400,43318,74,22/03/2017,TradeZone,SEMI-AUTO
88437,AUDI,A3,BLACK,Petrol,1,17800,32165,55,22/04/2021,TradeZone,MANUAL
88283,VOLKSWAGEN,UP!,BLUE,Petrol,1,12250,16329,77,02/12/2020,TradeZone,MANUAL
51190,TOYOTA,AURIS,BLUE,Petrol,10,1625,95000,216,11/10/2021,TradeZone,AUTO
48391,VOLKSWAGEN,GOLF PLUS,SILVER,Diesel,4,1200,143000,154,25/10/2021,TradeZone,MANUAL
50990,FORD,FOCUS,GREY,Diesel,1,12500,33447,54,03/11/2021,TradeZone,AUTO
69697,FORD,FIESTA,GREY,Petrol,2,1100,105300,182,15/10/2021,OTHER,SEMI-AUTO
86846,PEUGEOT,308,BLACK,Petrol,2,7575,17670,66,30/09/2022,TradeZone,MANUAL
63262,KIA,XCEED,WHITE,Petrol,1,15750,19000,31,26/06/2018,TradeZone,MANUAL
42129,LAND ROVER,DISCOVERY SPORT,RED,Diesel,1,17300,56000,50,08/05/2019,TradeZone,MANUAL
72333,LAND ROVER,RANGE ROVER VELAR,GREY,Diesel,1,26950,37708,41,03/11/2020,TradeZone,AUTO
54139,LAND ROVER,RANGE ROVER VELAR,WHITE,Diesel,1,24650,66200,37,01/09/2018,TradeZone,SEMI-AUTO
84259,RENAULT,CLIO,WHITE,Petrol,3,5125,51738,86,27/11/2019,TradeZone,MANUAL
7611,RENAULT,CLIO,RED,Petrol,2,4425,65900,92,05/05/2021,TradeZone,MANUAL
69049,FORD,FIESTA,GREY,Petrol,2,2675,109669,116,04/08/2022,TradeZone,MANUAL
60595,FORD,FIESTA,BLUE,Petrol,2,3500,79000,122,18/12/2020,TradeZone,MANUAL
57805,BMW,4 SERIES,GREY,Petrol,2,11250,59316,84,31/01/2022,TradeZone,MANUAL
67794,FORD,FOCUS,BLACK,Petrol,3,6325,38018,120,26/09/2019,TradeZone,MANUAL
95307,PEUGEOT,3008,WHITE,Petrol,2,11800,60260,66,31/10/2019,TradeZone,MANUAL
76680,PEUGEOT,3008,WHITE,Petrol,2,15350,19251,63,25/09/2020,TradeZone,AUTO
23687,PEUGEOT,3008,WHITE,Petrol,1,15200,24811,58,29/03/2018,TradeZone,SEMI-AUTO
26903,PEUGEOT,3008,WHITE,Petrol,2,12550,52164,64,22/03/2018,TradeZone,MANUAL
3651,AUDI,Q3,BLUE,Petrol,2,28400,18128,44,13/03/2019,TradeZone,SEMI-AUTO
27303,SKODA,OCTAVIA,BLACK,Diesel,1,10850,75988,45,13/03/2019,TradeZone,AUTO
62992,SKODA,OCTAVIA,WHITE,Diesel,1,15200,22565,45,11/06/2021,OTHER,SEMI-AUTO
11660,SKODA,OCTAVIA,GREY,Diesel,1,14300,31422,45,22/08/2019,TradeZone,MANUAL
65615,SKODA,OCTAVIA,GREY,Diesel,1,15000,24976,45,03/08/2020,TradeZone,SEMI-AUTO
62184,RENAULT,CAPTUR,WHITE,Petrol,2,10050,22588,59,12/08/2020,PARTEX,MANUAL
98373,RENAULT,CAPTUR,GREY,Petrol,2,9200,39487,57,24/01/2019,TradeZone,MANUAL
78267,KIA,CEED,BLUE,Diesel,2,2375,95000,140,16/07/2019,TradeZone,SEMI-AUTO
69799,KIA,CEED,GREY,Diesel,5,2150,101200,144,27/05/2021,TradeZone,MANUAL
66018,VAUXHALL,CORSA,YELLOW,Petrol,4,2025,58350,143,30/10/2019,TradeZone,AUTO
40910,MERCEDES-BENZ,C-CLASS,GREY,Petrol,4,8625,89000,115,15/11/2019,TradeZone,MANUAL
5766,LAND ROVER,RANGE ROVER SPORT,BLUE,Hybrid,1,28300,38267,50,11/10/2021,TradeZone,MANUAL
10193,VAUXHALL,CROSSLAND X,BLACK,Petrol,2,7750,24600,66,31/03/2017,PARTEX,MANUAL
81949,LAND ROVER,RANGE ROVER EVOQUE,RED,Petrol,2,19950,38840,53,10/06/2020,TradeZone,SEMI-AUTO
10417,LAND ROVER,RANGE ROVER EVOQUE,BLACK,Petrol,2,22600,23000,34,30/06/2021,TradeZone,AUTO
60937,BMW,IX,BLACK,Electric,1,37800,50817,38,21/09/2018,PARTEX,SEMI-AUTO
60194,FORD,KA,WHITE,Petrol,1,2700,48000,112,08/09/2020,TradeZone,MANUAL
14206,FIAT,500,WHITE,Petrol,2,9350,17302,38,07/06/2022,TradeZone,MANUAL
70322,LEXUS,IS,SILVER,Hybrid,2,13100,63599,98,11/11/2021,TradeZone,AUTO
61515,NISSAN,QASHQAI,RED,Petrol,2,5475,70000,97,06/08/2020,TradeZone,SEMI-AUTO
75692,VOLVO,XC40,WHITE,Electric,2,21400,25993,28,04/12/2017,TradeZone,SEMI-AUTO
87304,MERCEDES-BENZ,CLA,BLACK,Petrol,3,6275,77000,130,26/04/2016,TradeZone,AUTO
91322,SEAT,LEON,WHITE,Hybrid,1,14150,30939,44,31/03/2018,TradeZone,MANUAL
26054,NISSAN,QASHQAI,GREY,Petrol,3,1700,128031,163,28/06/2019,OTHER,MANUAL
89079,LAND ROVER,DISCOVERY SPORT,WHITE,Diesel,1,19200,48911,50,11/04/2023,TradeZone,MANUAL
15047,LAND ROVER,DISCOVERY SPORT,BLUE,Diesel,1,21650,19133,49,24/09/2018,TradeZone,MANUAL
25113,VAUXHALL,MOKKA-E,BLACK,Electric,2,13800,12174,26,10/05/2021,TradeZone,AUTO
74672,VAUXHALL,MOKKA-E,GREY,Electric,3,13350,13180,29,05/09/2018,TradeZone,SEMI-AUTO
56023,MAZDA,CX-5,GREY,Diesel,2,2200,119400,132,06/09/2021,TradeZone,MANUAL
40621,MAZDA,CX-5,BLACK,Diesel,4,2225,114523,139,31/12/2020,OTHER,SEMI-AUTO
91996,PEUGEOT,3008,BLUE,Diesel,1,17200,12594,36,03/09/2021,TradeZone,MANUAL
3738,PEUGEOT,3008,GREY,Diesel,1,12750,61310,50,06/06/2017,TradeZone,SEMI-AUTO
73054,AUDI,A3,WHITE,Petrol,1,15900,52645,34,17/12/2020,TradeZone,SEMI-AUTO
9786,HONDA,HR-V,GREY,Hybrid,1,27000,10,2,28/06/2019,TradeZone,MANUAL
26696,BMW,IX3,GREY,Electric,1,26550,38748,39,15/04/2021,OTHER,SEMI-AUTO
70716,BMW,IX3,GREY,Electric,1,29550,27335,31,25/09/2018,PARTEX,AUTO
952,PEUGEOT,3008,BLACK,Petrol,1,14150,58707,40,27/09/2018,TradeZone,MANUAL
85957,PEUGEOT,3008,GREY,Petrol,2,13850,57577,48,29/04/2019,TradeZone,SEMI-AUTO
32332,PEUGEOT,3008,BLACK,Petrol,1,17300,29952,38,30/11/2016,TradeZone,SEMI-AUTO
47248,PEUGEOT,3008,GREY,Petrol,2,16850,33000,37,09/11/2023,TradeZone,MANUAL
67147,LAND ROVER,RANGE ROVER VELAR,GREY,Hybrid,1,47400,6387,8,11/05/2016,PARTEX,MANUAL
3182,JAGUAR,E-PACE,WHITE,Diesel,1,14000,20963,74,20/07/2022,TradeZone,SEMI-AUTO
58602,RENAULT,CLIO,GREY,Petrol,4,3175,57200,134,27/01/2022,OTHER,SEMI-AUTO
69683,BMW,2 SERIES GRAN COUPE,BLACK,Petrol,1,13550,77444,50,23/12/2022,TradeZone,MANUAL
18118,FORD,ECOSPORT,GREY,Petrol,3,8550,36595,68,17/06/2020,TradeZone,AUTO
12589,FORD,ECOSPORT,GREY,Petrol,1,11750,22283,38,30/09/2016,TradeZone,SEMI-AUTO
63624,FORD,ECOSPORT,WHITE,Petrol,3,7575,39743,86,31/10/2019,TradeZone,MANUAL
54515,FORD,ECOSPORT,BLACK,Petrol,1,11550,20872,39,11/03/2016,TradeZone,AUTO
52787,FORD,ECOSPORT,GREY,Petrol,2,8800,31263,68,05/01/2022,TradeZone,SEMI-AUTO
1860,FORD,ECOSPORT,WHITE,Petrol,2,7800,59300,62,26/06/2018,TradeZone,MANUAL
20494,FORD,ECOSPORT,WHITE,Petrol,1,9075,51326,49,03/05/2019,TradeZone,SEMI-AUTO
45809,BMW,3 SERIES,SILVER,Diesel,3,6450,98811,113,11/03/2019,PARTEX,AUTO
50701,KIA,STONIC,BLACK,Petrol,1,11600,7000,50,29/06/2020,TradeZone,SEMI-AUTO
7941,JAGUAR,XF,BLACK,Diesel,3,7600,54265,98,15/04/2021,TradeZone,SEMI-AUTO
11175,JAGUAR,XF,SILVER,Diesel,2,6350,75490,98,12/10/2017,OTHER,MANUAL
48382,NISSAN,MICRA,BLACK,Petrol,4,6075,42100,85,30/09/2017,PARTEX,MANUAL
83410,VOLKSWAGEN,POLO,BLUE,Petrol,1,13450,21112,37,25/10/2019,TradeZone,MANUAL
20617,VOLKSWAGEN,POLO,RED,Petrol,1,14600,17556,25,31/07/2020,TradeZone,AUTO
26379,VOLKSWAGEN,POLO,BLACK,Petrol,,14550,12973,32,31/07/2020,TradeZone,MANUAL
8285,LAND ROVER,DISCOVERY,BLACK,Diesel,1,50500,14917,17,07/12/2017,TradeZone,SEMI-AUTO
61833,PEUGEOT,3008,BLUE,Petrol,1,9400,57063,81,12/04/2021,TradeZone,SEMI-AUTO
29741,VAUXHALL,MOKKA X,ORANGE,Petrol,2,6300,60318,91,30/05/2022,TradeZone,MANUAL
65995,VAUXHALL,MOKKA X,BLACK,Petrol,3,6050,70002,81,10/10/2018,TradeZone,MANUAL
45623,VAUXHALL,CORSA,GREY,Petrol,2,1675,67144,140,26/10/2020,TradeZone,SEMI-AUTO
97169,MERCEDES-BENZ,GLE COUPE,WHITE,Diesel,1,44400,42372,44,17/03/2017,TradeZone,MANUAL
33747,NISSAN,JUKE,BLUE,Petrol,2,5950,35869,80,18/07/2019,TradeZone,AUTO
78171,FORD,FOCUS,BLUE,Petrol,5,7275,42700,85,09/02/2021,PARTEX,MANUAL
53887,FORD,FOCUS,GREY,Petrol,3,5150,77301,84,19/10/2023,OTHER,SEMI-AUTO
33078,FORD,FOCUS,GREY,Petrol,4,5500,65258,90,20/05/2017,PARTEX,MANUAL
45841,FORD,FOCUS,GREY,Petrol,1,5925,63827,85,14/08/2020,TradeZone,SEMI-AUTO
52200,FORD,FOCUS,GREY,Petrol,2,6475,53739,83,25/06/2021,TradeZone,SEMI-AUTO
23155,TOYOTA,PRIUS+,WHITE,Hybrid,2,16250,34930,62,30/09/2020,OTHER,MANUAL
50337,FIAT,500L,WHITE,Petrol,2,5825,37000,83,07/03/2019,TradeZone,SEMI-AUTO
41369,BMW,3 SERIES,BLACK,Diesel,3,2775,144000,138,26/09/2019,TradeZone,AUTO
44733,FIAT,500,BLUE,Petrol,9,1100,80885,202,25/01/2019,TradeZone,MANUAL
88912,FIAT,500,BLUE,Petrol,5,1500,53950,192,11/10/2019,TradeZone,AUTO
99068,MG,HS,BLACK,Hybrid,1,14050,28909,32,03/08/2021,TradeZone,AUTO
56813,HYUNDAI,I30,WHITE,Diesel,2,2100,152000,101,09/12/2016,PARTEX,MANUAL
2781,TOYOTA,PRIUS,BLACK,Hybrid,3,9625,66000,90,13/04/2021,TradeZone,SEMI-AUTO
26440,AUDI,E-TRON,BLUE,Electric,1,15450,55156,49,16/07/2021,TradeZone,MANUAL
18703,VOLKSWAGEN,TIGUAN,SILVER,Petrol,1,19400,52156,53,27/01/2020,TradeZone,MANUAL
27244,VOLKSWAGEN,TIGUAN,WHITE,Petrol,2,22900,26489,50,27/04/2021,TradeZone,SEMI-AUTO
47990,VOLKSWAGEN,TIGUAN,GREY,Petrol,1,23950,27375,35,06/01/2021,TradeZone,AUTO
71755,VOLKSWAGEN,TIGUAN,SILVER,Petrol,1,27250,11000,26,20/11/2020,TradeZone,MANUAL
53534,VOLKSWAGEN,TIGUAN,WHITE,Petrol,1,22900,26941,50,21/11/2020,TradeZone,MANUAL
2430,VOLKSWAGEN,TIGUAN,GREY,Petrol,2,19250,60176,50,01/04/2016,TradeZone,MANUAL
8962,VOLKSWAGEN,TIGUAN,GREY,Petrol,2,21500,38337,46,25/03/2024,PARTEX,AUTO
33943,VOLKSWAGEN,TIGUAN,BLACK,Petrol,1,21500,34552,51,29/09/2018,TradeZone,MANUAL
31463,VOLKSWAGEN,TIGUAN,WHITE,Petrol,1,21300,40239,49,24/10/2019,TradeZone,MANUAL
73420,VOLKSWAGEN,TIGUAN,WHITE,Petrol,1,22650,28027,50,07/10/2020,TradeZone,AUTO
73903,VOLKSWAGEN,TIGUAN,SILVER,Petrol,1,23000,25404,47,31/05/2018,TradeZone,SEMI-AUTO
22621,VOLKSWAGEN,TIGUAN,WHITE,Petrol,1,25550,24564,26,31/05/2018,TradeZone,AUTO
79850,LAND ROVER,FREELANDER 2,WHITE,Diesel,3,7175,100200,128,29/03/2019,TradeZone,MANUAL
20995,MERCEDES-BENZ,C-CLASS,SILVER,Petrol,3,16000,57367,74,29/07/2020,TradeZone,SEMI-AUTO
83630,TOYOTA,AYGO,BLACK,Petrol,2,7450,16000,51,10/12/2021,TradeZone,SEMI-AUTO
60857,TOYOTA,AYGO,BLUE,Petrol,1,7200,27679,50,28/06/2019,TradeZone,MANUAL
81621,TOYOTA,AYGO,BLUE,Petrol,3,7450,20173,48,11/06/2020,TradeZone,SEMI-AUTO
42456,TOYOTA,AYGO,BLACK,Petrol,1,7800,11813,45,01/03/2022,OTHER,MANUAL
34973,BMW,1 SERIES,GREY,Petrol,6,12100,52000,104,15/01/2020,TradeZone,SEMI-AUTO
82701,KIA,PICANTO,BLACK,Petrol,2,6050,28406,68,06/09/2019,TradeZone,SEMI-AUTO
97093,KIA,PICANTO,SILVER,Petrol,2,4775,59524,79,24/09/2019,TradeZone,MANUAL
62635,KIA,PICANTO,GREY,Petrol,1,6600,11388,73,03/09/2020,TradeZone,MANUAL
97412,SKODA,CITIGO,RED,Petrol,3,3675,60686,104,22/09/2017,TradeZone,SEMI-AUTO
25159,VOLVO,XC40,YELLOW,Petrol,1,20100,35451,52,14/09/2021,TradeZone,MANUAL
96728,FORD,GALAXY,BLACK,Diesel,2,9350,51886,94,30/06/2017,PARTEX,MANUAL
80297,VAUXHALL,ASTRA,WHITE,Petrol,2,17450,10214,19,10/02/2020,TradeZone,AUTO
3851,BMW,1 SERIES,BLUE,Petrol,3,10600,25760,74,27/07/2016,TradeZone,SEMI-AUTO
16735,NISSAN,JUKE,BLUE,Petrol,3,5600,55000,111,19/06/2019,TradeZone,SEMI-AUTO
39261,FORD,FOCUS,WHITE,Diesel,2,2225,106400,128,22/07/2020,PARTEX,SEMI-AUTO
35965,JAGUAR,XF,ORANGE,Diesel,3,10850,73049,80,01/07/2021,TradeZone,AUTO
677,JAGUAR,XF,GREY,Diesel,4,12900,41290,98,14/06/2021,TradeZone,MANUAL
51995,JAGUAR,XF,SILVER,Diesel,3,9525,67702,106,29/10/2019,TradeZone,MANUAL
17719,BMW,X3,BLACK,Hybrid,1,20850,52148,57,29/01/2021,TradeZone,MANUAL
71883,HONDA,CIVIC,BLACK,Petrol,5,1400,87000,190,31/03/2018,TradeZone,AUTO
53725,MERCEDES-BENZ,CLA,BLACK,Petrol,3,14250,26700,80,28/06/2019,TradeZone,MANUAL
92036,MG,HS,GREY,Petrol,3,13000,9470,22,02/03/2020,TradeZone,SEMI-AUTO
27348,VOLKSWAGEN,UP!,BLUE,Petrol,2,8275,23414,69,30/01/2018,TradeZone,MANUAL
40736,HONDA,CIVIC,WHITE,Petrol,3,6525,68000,96,01/09/2021,TradeZone,SEMI-AUTO
69956,MITSUBISHI,OUTLANDER,GREY,Hybrid,2,15750,15048,65,01/09/2021,OTHER,SEMI-AUTO
9664,HONDA,JAZZ,GREEN,Petrol,3,6175,43684,106,23/09/2022,TradeZone,SEMI-AUTO
61135,HONDA,JAZZ,RED,Petrol,2,7100,33846,90,31/03/2016,TradeZone,MANUAL
2466,DACIA,DUSTER,BLUE,Other,2,7900,41954,56,15/03/2018,OTHER,MANUAL
67619,JEEP,RENEGADE,GREY,Diesel,4,3600,107700,109,04/03/2019,TradeZone,MANUAL
36614,MINI,HATCHBACK,WHITE,Petrol,1,15050,12771,40,01/06/2020,TradeZone,AUTO
90820,LAND ROVER,DEFENDER,GREY,Diesel,1,47700,22097,23,28/03/2019,TradeZone,SEMI-AUTO
39535,VAUXHALL,INSIGNIA GRAND SPORT,RED,Diesel,2,5275,69946,83,21/02/2018,TradeZone,MANUAL
7298,LAND ROVER,DISCOVERY SPORT,BLACK,Diesel,1,15850,51984,62,07/03/2019,TradeZone,AUTO
22884,FORD,ECOSPORT,BLACK,Petrol,2,6975,38222,86,31/07/2020,OTHER,MANUAL
15880,FORD,ECOSPORT,BLUE,Petrol,2,5675,76194,79,23/06/2020,TradeZone,MANUAL
4584,FORD,ECOSPORT,GREY,Petrol,3,7600,24195,85,06/06/2018,OTHER,SEMI-AUTO
86735,FORD,ECOSPORT,BLACK,Petrol,2,8750,21355,64,31/07/2019,TradeZone,MANUAL
83754,FORD,ECOSPORT,WHITE,Petrol,2,8175,37480,58,08/07/2022,TradeZone,AUTO
89652,FORD,ECOSPORT,GREY,Petrol,2,7275,44224,70,30/11/2020,TradeZone,SEMI-AUTO
88895,FORD,ECOSPORT,WHITE,Petrol,2,7325,43592,72,29/06/2020,TradeZone,SEMI-AUTO
67773,VOLVO,XC40,WHITE,Hybrid,1,21550,25969,50,14/07/2021,TradeZone,MANUAL
7291,VOLVO,XC40,GREY,Hybrid,1,17450,66669,50,05/09/2018,TradeZone,SEMI-AUTO
15788,VOLVO,XC40,GREY,Hybrid,1,17550,65643,50,26/06/2020,TradeZone,MANUAL
81373,VOLVO,XC40,WHITE,Hybrid,1,17650,59983,52,17/12/2020,TradeZone,AUTO
92364,VOLVO,XC40,BLACK,Hybrid,2,17900,54044,56,04/11/2020,TradeZone,MANUAL
19699,VAUXHALL,CROSSLAND,BLACK,Petrol,1,12050,21602,37,07/03/2019,TradeZone,MANUAL
75429,VAUXHALL,MOKKA,BLACK,Diesel,2,3150,67856,107,18/09/2018,TradeZone,AUTO
90949,VOLKSWAGEN,ID.4,SILVER,Electric,1,15100,41867,35,06/12/2018,TradeZone,MANUAL
23760,TOYOTA,YARIS,BLUE,Petrol,5,850,108806,226,31/07/2017,TradeZone,MANUAL
64682,FORD,ECOSPORT,BLUE,Petrol,6,3250,82000,112,08/08/2018,PARTEX,SEMI-AUTO
22160,MAZDA,MX-30,GREEN,Electric,1,10950,15317,10,30/09/2020,TradeZone,AUTO
36080,MITSUBISHI,OUTLANDER,BLUE,Hybrid,2,8125,21206,120,15/07/2021,TradeZone,MANUAL
56378,MITSUBISHI,OUTLANDER,GREY,Hybrid,3,6475,64400,122,29/11/2019,TradeZone,MANUAL
7163,KIA,E-NIRO,WHITE,Electric,1,11950,57244,37,09/10/2020,TradeZone,AUTO
8233,KIA,E-NIRO,BLACK,Electric,1,13950,32699,38,30/03/2019,TradeZone,MANUAL
49623,KIA,E-NIRO,WHITE,Electric,1,13350,39416,37,09/03/2020,TradeZone,MANUAL
54477,KIA,E-NIRO,BLUE,Electric,1,13350,39315,38,19/06/2023,TradeZone,MANUAL
24511,KIA,E-NIRO,WHITE,Electric,1,12800,46789,38,28/02/2019,TradeZone,SEMI-AUTO
77194,KIA,E-NIRO,BLACK,Electric,2,12900,41001,39,31/01/2019,TradeZone,SEMI-AUTO
18126,KIA,E-NIRO,GREY,Electric,1,14750,23121,37,28/09/2020,TradeZone,SEMI-AUTO
28218,KIA,E-NIRO,WHITE,Electric,1,14800,19129,39,05/05/2017,TradeZone,AUTO
17416,KIA,E-NIRO,WHITE,Electric,1,13150,41295,37,19/03/2019,TradeZone,MANUAL
11633,FORD,FOCUS,BLUE,Diesel,2,12200,35507,56,12/03/2019,TradeZone,SEMI-AUTO
23309,FORD,FOCUS,BLACK,Diesel,3,11600,40075,58,18/03/2022,TradeZone,MANUAL
19190,VAUXHALL,MOKKA,RED,Diesel,5,3175,66657,107,28/04/2022,TradeZone,AUTO
32659,VOLKSWAGEN,TIGUAN,ORANGE,Diesel,1,21300,22130,38,31/07/2023,TradeZone,AUTO
60181,PEUGEOT,207,BLUE,Petrol,4,940,68000,146,30/09/2019,TradeZone,MANUAL
96172,FORD,PUMA,GREY,Petrol,1,12300,40393,57,08/10/2021,TradeZone,MANUAL
62832,FORD,PUMA,BLACK,Petrol,2,12900,40875,49,27/02/2018,OTHER,MANUAL
8646,FORD,PUMA,RED,Petrol,1,13700,28530,50,21/03/2016,TradeZone,MANUAL
47322,AUDI,A4 AVANT,SILVER,Diesel,2,780,203000,187,04/08/2020,TradeZone,AUTO
1237,VAUXHALL,ASTRA,GREY,Petrol,2,5275,46890,71,03/06/2021,OTHER,AUTO
5820,VOLKSWAGEN,PASSAT,BLACK,Diesel,2,9750,68158,91,30/10/2018,TradeZone,MANUAL
72278,PEUGEOT,5008,BLUE,Petrol,1,15650,55020,48,21/03/2019,TradeZone,MANUAL
29380,HYUNDAI,IONIQ,SILVER,Hybrid,1,12700,33723,54,01/03/2020,TradeZone,AUTO
94845,HYUNDAI,IONIQ,BLUE,Hybrid,2,10500,59800,63,06/07/2021,OTHER,SEMI-AUTO
17023,HYUNDAI,IONIQ,WHITE,Hybrid,1,13700,25484,50,16/09/2016,TradeZone,SEMI-AUTO
90349,FIAT,500,BLUE,Petrol,2,3975,44104,88,31/03/2018,TradeZone,SEMI-AUTO
53364,MAZDA,MAZDA6,ORANGE,Petrol,2,520,107205,224,20/03/2020,PARTEX,MANUAL
84296,FORD,FIESTA,GREY,Petrol,2,5750,68000,86,25/03/2021,OTHER,SEMI-AUTO
49535,FORD,FIESTA,GREY,Petrol,2,7425,34074,83,09/06/2021,TradeZone,SEMI-AUTO
21187,FORD,FIESTA,WHITE,Petrol,2,7475,33098,81,24/09/2020,TradeZone,MANUAL
57998,LAND ROVER,DISCOVERY SPORT,BLUE,Diesel,1,16650,36766,50,23/07/2019,TradeZone,MANUAL
33979,LAND ROVER,DISCOVERY SPORT,GREY,Diesel,1,16050,45122,49,21/05/2021,TradeZone,AUTO
92054,FORD,GRAND C-MAX,SILVER,Diesel,3,1825,108470,154,24/09/2019,TradeZone,MANUAL
49614,SUZUKI,SWIFT,GREY,Petrol,3,9800,35084,70,10/04/2017,TradeZone,SEMI-AUTO
57408,PEUGEOT,107,BLACK,Petrol,4,1100,76971,188,28/05/2019,TradeZone,AUTO
35589,KIA,CEED,GREY,Petrol,1,13450,23674,36,31/10/2019,OTHER,SEMI-AUTO
44968,VOLKSWAGEN,POLO,SILVER,Diesel,2,2800,69800,160,07/05/2021,TradeZone,AUTO
36924,RENAULT,CLIO,GREY,Petrol,3,4600,74500,83,04/02/2019,TradeZone,MANUAL
67895,FORD,KA,SILVER,Petrol,3,1200,90000,174,29/03/2019,TradeZone,AUTO
18506,FORD,KA,WHITE,Petrol,5,1100,92311,188,10/03/2021,TradeZone,MANUAL
4133,FORD,KA,BLACK,Petrol,2,1250,75030,194,21/04/2021,TradeZone,AUTO
72238,SEAT,ARONA,WHITE,Petrol,1,16150,3457,8,27/09/2016,TradeZone,AUTO
93168,VAUXHALL,CORSA,GREEN,Petrol,3,3450,57000,118,23/09/2020,TradeZone,MANUAL
11802,DS,DS 3,GREY,Diesel,4,3225,72937,110,16/03/2020,TradeZone,MANUAL
7051,DS,DS 3,BLACK,Diesel,3,2800,108100,83,18/08/2019,TradeZone,MANUAL
93391,MERCEDES-BENZ,A-CLASS,BLACK,Diesel,3,9025,52573,84,21/12/2016,PARTEX,SEMI-AUTO
58092,PEUGEOT,3008,BLUE,Diesel,3,10750,71638,86,08/11/2019,TradeZone,MANUAL
56322,PEUGEOT,3008,BLUE,Diesel,1,12250,59608,68,31/10/2023,TradeZone,SEMI-AUTO
16701,NISSAN,QASHQAI,RED,Diesel,,9350,64423,80,06/03/2018,TradeZone,MANUAL
20585,NISSAN,QASHQAI,GREY,Diesel,3,9125,69870,79,24/06/2020,TradeZone,SEMI-AUTO
82050,NISSAN,QASHQAI,WHITE,Diesel,3,9550,60966,78,30/07/2021,OTHER,SEMI-AUTO
35454,LAND ROVER,RANGE ROVER EVOQUE,BLUE,Diesel,4,7300,71131,98,30/07/2021,TradeZone,MANUAL
6645,LAND ROVER,RANGE ROVER EVOQUE,GREY,Diesel,3,7125,67092,109,19/09/2018,TradeZone,AUTO
77069,SMART,FORTWO COUPE,SILVER,Petrol,4,4575,59608,83,01/03/2017,TradeZone,MANUAL
33864,VOLVO,V60,BLACK,Hybrid,1,21600,50244,38,14/04/2020,TradeZone,AUTO
41641,AUDI,Q2,BLUE,Petrol,2,11900,71180,55,31/01/2019,TradeZone,MANUAL
49376,AUDI,Q2,BLUE,Petrol,3,12650,45233,72,30/09/2019,TradeZone,MANUAL
54638,BMW,3 SERIES,GREY,Diesel,2,5900,113700,92,24/09/2020,TradeZone,AUTO
34617,FORD,KUGA,WHITE,Diesel,4,9700,70952,66,10/08/2016,TradeZone,SEMI-AUTO
14396,VOLKSWAGEN,ID.4,GREY,Electric,1,26900,6310,6,07/06/2019,TradeZone,SEMI-AUTO
21222,RENAULT,CAPTUR,WHITE,Hybrid,1,14250,12314,38,24/11/2018,TradeZone,SEMI-AUTO
10182,VAUXHALL,VECTRA,SILVER,Petrol,4,320,137743,228,29/06/2016,TradeZone,SEMI-AUTO
31724,RENAULT,ARKANA,BLACK,Hybrid,1,17750,20468,20,21/06/2019,TradeZone,AUTO
59481,NISSAN,QASHQAI,BLACK,Petrol,2,8800,51701,94,13/03/2020,TradeZone,SEMI-AUTO
97369,MINI,HATCHBACK,GREY,Petrol,1,11200,20601,69,01/06/2021,TradeZone,AUTO
53382,VAUXHALL,CORSA,WHITE,Petrol,2,2600,112000,103,04/05/2021,TradeZone,MANUAL
18678,FORD,FIESTA,BLACK,Petrol,1,4800,107500,74,31/10/2017,TradeZone,MANUAL
48258,FORD,FIESTA,RED,Petrol,3,7675,46621,73,05/11/2018,TradeZone,MANUAL
83124,VAUXHALL,ASTRA,GREY,Petrol,2,3925,87173,98,31/08/2016,TradeZone,SEMI-AUTO
4131,BMW,2 SERIES,BLACK,Petrol,2,12950,17930,58,25/05/2017,PARTEX,MANUAL
26819,BMW,2 SERIES,GREEN,Petrol,2,10700,34323,80,30/03/2019,TradeZone,MANUAL
90016,VAUXHALL,CORSA,BLUE,Petrol,2,9375,27294,53,01/08/2019,TradeZone,SEMI-AUTO
9865,VAUXHALL,CORSA,GREY,Petrol,1,8525,53195,40,01/03/2020,TradeZone,MANUAL
28359,VAUXHALL,CORSA,WHITE,Petrol,2,8800,37738,53,26/08/2021,TradeZone,AUTO
57703,VAUXHALL,CORSA,GREY,Petrol,3,9025,25954,64,07/09/2017,TradeZone,SEMI-AUTO
68387,AUDI,S5,WHITE,Diesel,4,20300,71733,56,22/09/2021,TradeZone,AUTO
16416,FIAT,500,BLUE,Petrol,2,6475,19100,72,01/09/2021,OTHER,SEMI-AUTO
90269,FIAT,500,GREY,Petrol,2,4800,44598,100,06/03/2017,TradeZone,MANUAL
17862,FIAT,500,BLUE,Petrol,3,5050,32964,102,29/03/2019,TradeZone,MANUAL
31253,FIAT,500,BLACK,Petrol,3,5350,49500,78,11/07/2019,TradeZone,MANUAL
51529,FIAT,500,BLACK,Petrol,3,4800,50000,98,28/04/2021,TradeZone,SEMI-AUTO
44956,KIA,RIO,BLACK,Diesel,2,3775,47993,116,10/09/2020,TradeZone,MANUAL
11249,KIA,RIO,WHITE,Diesel,3,3225,75826,110,09/06/2021,TradeZone,SEMI-AUTO
66908,MERCEDES-BENZ,A-CLASS,GREY,Diesel,3,5475,60295,124,10/01/2020,TradeZone,MANUAL
13057,MERCEDES-BENZ,A-CLASS,WHITE,Diesel,3,5100,70900,128,13/08/2018,TradeZone,MANUAL
59920,SKODA,KAMIQ,GREY,Petrol,1,14700,20456,37,19/03/2018,TradeZone,MANUAL
6080,SKODA,KAMIQ,RED,Petrol,2,14100,22870,41,29/06/2018,TradeZone,MANUAL
49452,FORD,FOCUS VIGNALE,GREY,Diesel,2,14250,29536,53,11/01/2022,TradeZone,MANUAL
52564,DS,DS 3,BLUE,Petrol,5,4075,24320,104,28/03/2018,PARTEX,MANUAL
58891,VOLVO,XC60,GREY,Diesel,3,27600,30868,48,30/01/2018,TradeZone,MANUAL
50414,KIA,NIRO,BROWN/BLACK,Hybrid,2,15550,34654,63,15/03/2018,OTHER,MANUAL
84115,KIA,NIRO,GREY,Hybrid,1,14750,58722,45,17/03/2021,OTHER,SEMI-AUTO
52429,KIA,NIRO,WHITE,Hybrid,1,16100,41000,50,08/04/2022,TradeZone,MANUAL
76882,MG,MG3,SILVER,Petrol,1,7700,25198,50,29/03/2016,TradeZone,SEMI-AUTO
81742,MG,MG3,GREY,Petrol,2,7775,16121,55,24/03/2020,TradeZone,MANUAL
84416,MG,MG3,GREY,Petrol,2,7600,27532,50,19/06/2020,TradeZone,AUTO
93532,RENAULT,CLIO,GREY,Diesel,2,2325,91182,129,16/09/2019,TradeZone,AUTO
50868,KIA,NIRO,WHITE,Hybrid,3,10700,53441,82,30/09/2016,TradeZone,AUTO
6537,KIA,NIRO,BLACK,Hybrid,3,11000,51668,78,12/03/2020,TradeZone,SEMI-AUTO
65704,KIA,NIRO,WHITE,Hybrid,2,10250,62517,86,30/07/2018,TradeZone,MANUAL
50384,VAUXHALL,INSIGNIA,BLACK,Diesel,5,2700,63077,119,28/06/2018,TradeZone,MANUAL
19799,MERCEDES-BENZ,A-CLASS,WHITE,Hybrid,1,19350,38926,37,12/03/2019,PARTEX,MANUAL
97379,VAUXHALL,INSIGNIA GRAND SPORT,GREY,Petrol,3,4950,72000,90,31/01/2018,TradeZone,AUTO
49261,VAUXHALL,MOKKA X,WHITE,Petrol,2,7225,33543,85,15/02/2018,PARTEX,AUTO
76811,VAUXHALL,MOKKA X,BLUE,Petrol,,5700,57000,81,13/01/2020,PARTEX,MANUAL
360,VAUXHALL,MOKKA X,BLACK,Petrol,3,7175,34850,86,26/10/2018,TradeZone,MANUAL
17688,VAUXHALL,MOKKA X,SILVER,Petrol,1,7575,28522,84,06/09/2019,TradeZone,SEMI-AUTO
3320,VAUXHALL,MOKKA X,BLACK,Petrol,3,7175,42627,72,26/07/2018,TradeZone,MANUAL
98847,JAGUAR,E-PACE,BLACK,Diesel,3,11450,59600,74,12/02/2020,OTHER,SEMI-AUTO
49331,JAGUAR,E-PACE,GREY,Diesel,,11450,50500,86,30/04/2022,OTHER,AUTO
38783,FORD,FIESTA,GREY,Petrol,3,12300,24382,80,07/10/2019,TradeZone,MANUAL
15085,FORD,FIESTA,GREY,Petrol,2,12800,30000,59,22/11/2019,TradeZone,SEMI-AUTO
12951,FORD,FIESTA,GREY,Petrol,3,14200,20000,56,09/12/2019,OTHER,AUTO
41028,AUDI,A1,BLUE,Petrol,1,12900,45293,74,13/11/2020,TradeZone,SEMI-AUTO
97062,TOYOTA,RAV4,GREY,Hybrid,2,19500,58000,67,03/03/2020,TradeZone,SEMI-AUTO
10851,VOLVO,XC60,WHITE,Diesel,2,18100,44444,90,08/03/2021,TradeZone,AUTO
97255,MG,HS,GREY,Petrol,1,12600,9413,35,10/01/2019,TradeZone,MANUAL
25081,BMW,1 SERIES,BLUE,Diesel,3,2550,99278,140,20/07/2021,TradeZone,AUTO
35377,BMW,1 SERIES,SILVER,Diesel,4,2975,83500,140,30/01/2017,TradeZone,SEMI-AUTO
2037,AUDI,A3,BLACK,Petrol,2,15200,31842,80,31/12/2019,TradeZone,MANUAL
14251,FORD,FIESTA,BLACK,Diesel,2,2625,108000,114,16/07/2018,TradeZone,SEMI-AUTO
64060,VOLVO,V60,GREY,Diesel,3,16600,54646,74,14/05/2019,TradeZone,SEMI-AUTO
23252,MAZDA,MAZDA2,WHITE,Petrol,5,1100,77000,188,30/07/2020,TradeZone,MANUAL
75574,AUDI,A3,BLACK,Hybrid,1,18350,16475,40,11/05/2021,TradeZone,AUTO
45720,AUDI,A3,GREY,Hybrid,1,13650,68909,49,29/09/2017,TradeZone,SEMI-AUTO
39449,AUDI,A3,BLACK,Hybrid,1,14950,50840,49,31/12/2020,TradeZone,MANUAL
91233,AUDI,A3,GREY,Hybrid,1,17500,29048,36,31/12/2020,TradeZone,MANUAL
13903,LAND ROVER,RANGE ROVER EVOQUE,GREY,Petrol,1,19600,36350,44,08/02/2021,TradeZone,AUTO
22137,LAND ROVER,RANGE ROVER EVOQUE,GREY,Petrol,3,18000,44814,59,23/06/2021,TradeZone,MANUAL
11503,PEUGEOT,208,BLUE,Petrol,2,10350,7631,62,22/11/2019,TradeZone,MANUAL
45689,MERCEDES-BENZ,A-CLASS,BLUE,Diesel,3,9000,60238,86,31/07/2017,TradeZone,SEMI-AUTO
8593,PEUGEOT,2008,BLACK,Diesel,3,3750,44577,118,18/06/2021,TradeZone,MANUAL
82187,VOLVO,XC40,WHITE,Petrol,1,19250,38531,58,31/07/2023,TradeZone,MANUAL
98359,PEUGEOT,208,BLUE,Petrol,5,1625,92200,152,31/01/2021,TradeZone,MANUAL
27267,VOLKSWAGEN,TAIGO,GREY,Petrol,2,17900,22775,24,31/01/2021,TradeZone,MANUAL
24359,AUDI,A6 AVANT,WHITE,Diesel,3,3025,137000,152,29/04/2022,OTHER,AUTO
44690,MERCEDES-BENZ,A-CLASS,BLACK,Petrol,2,16600,25122,68,29/10/2018,TradeZone,MANUAL
34345,MERCEDES-BENZ,A-CLASS,BLUE,Petrol,2,16700,30800,54,29/10/2019,TradeZone,MANUAL
5845,HYUNDAI,I30,GREY,Petrol,3,2200,126250,131,27/01/2017,PARTEX,MANUAL
34309,BMW,1 SERIES,RED,Diesel,2,10150,54544,78,08/01/2018,TradeZone,MANUAL
14752,RENAULT,CAPTUR,BLUE,Diesel,3,4975,55544,98,10/08/2022,TradeZone,MANUAL
79147,SKODA,FABIA,GREY,Petrol,2,9975,38838,54,28/12/2017,TradeZone,MANUAL
27536,VOLKSWAGEN,GOLF,SILVER,Diesel,5,610,139832,230,13/11/2020,TradeZone,MANUAL
77933,JEEP,RENEGADE,BLACK,Petrol,2,12150,34242,46,20/12/2018,TradeZone,MANUAL
24100,JEEP,RENEGADE,BLACK,Petrol,2,14550,10357,36,30/06/2020,TradeZone,MANUAL
25834,TOYOTA,C-HR,BLACK,Hybrid,2,13000,47871,92,27/10/2020,TradeZone,AUTO
59720,VAUXHALL,ANTARA,BLACK,Diesel,5,1100,102477,155,24/02/2017,PARTEX,SEMI-AUTO
51208,TOYOTA,COROLLA,WHITE,Hybrid,1,14400,29671,38,11/12/2018,TradeZone,SEMI-AUTO
63075,TOYOTA,COROLLA,WHITE,Hybrid,1,14250,31088,38,28/01/2020,TradeZone,AUTO
92220,NISSAN,X-TRAIL,BLUE,Diesel,2,14650,52387,56,22/03/2019,PARTEX,MANUAL
28258,MERCEDES-BENZ,GLB,RED,Petrol,3,27500,32470,26,08/06/2021,TradeZone,MANUAL
49757,MG,HS,BLUE,Hybrid,1,13650,43408,38,20/07/2022,TradeZone,AUTO
98713,FORD,PUMA,BLACK,Petrol,2,12250,35028,50,23/12/2019,TradeZone,MANUAL
54475,FORD,PUMA,BLACK,Petrol,2,12550,30101,50,28/06/2019,TradeZone,MANUAL
68588,FORD,PUMA,BLACK,Petrol,1,13650,24154,38,28/09/2020,TradeZone,MANUAL
82177,FORD,PUMA,BLUE,Petrol,2,13000,24593,50,24/11/2016,TradeZone,MANUAL
17453,FORD,PUMA,BLACK,Petrol,3,13250,20300,49,28/04/2016,TradeZone,MANUAL
83116,FORD,PUMA,BLUE,Petrol,2,13400,18205,46,24/06/2020,TradeZone,SEMI-AUTO
93410,FORD,PUMA,GREY,Petrol,1,10800,70253,37,27/07/2020,TradeZone,SEMI-AUTO
72924,SEAT,IBIZA,WHITE,Petrol,3,13650,13659,54,20/04/2021,TradeZone,MANUAL
63332,SEAT,IBIZA,SILVER,Petrol,1,12850,27387,52,31/03/2021,TradeZone,MANUAL
14906,VOLKSWAGEN,GOLF,BLACK,Petrol,2,12350,64000,85,31/03/2021,TradeZone,MANUAL
19966,FORD,KUGA,WHITE,Diesel,1,17400,37828,40,17/10/2018,TradeZone,MANUAL
1828,FORD,KUGA,GOLD,Diesel,2,15650,52851,45,22/10/2020,TradeZone,SEMI-AUTO
78812,VOLKSWAGEN,POLO,SILVER,Petrol,3,6800,69985,122,28/09/2023,TradeZone,MANUAL
68154,BMW,I3,WHITE,Electric,2,8950,49695,56,06/04/2021,TradeZone,SEMI-AUTO
74570,BMW,I3,GREY,Electric,1,10700,27147,48,05/10/2021,TradeZone,MANUAL
72042,BMW,I3,GREY,Electric,3,10250,23515,56,29/09/2021,TradeZone,AUTO
88990,BMW,I3,GREY,Electric,1,11850,6260,50,31/12/2020,TradeZone,MANUAL
46104,VOLKSWAGEN,GOLF,SILVER,Petrol,1,14050,42635,37,31/12/2020,TradeZone,MANUAL
99218,MG,MG3,GREY,Petrol,2,6100,31113,76,27/03/2018,TradeZone,MANUAL
79468,MG,MG3,RED,Petrol,2,6400,26665,69,09/07/2021,TradeZone,MANUAL
78106,FORD,MONDEO,GREY,Diesel,3,10650,59298,71,08/11/2017,TradeZone,SEMI-AUTO
66838,MITSUBISHI,SHOGUN SPORT,BLACK,Diesel,2,18150,24277,70,27/07/2017,TradeZone,SEMI-AUTO
90501,VAUXHALL,CORSA,BLACK,Diesel,1,10500,22244,47,12/04/2021,TradeZone,SEMI-AUTO
90487,MERCEDES-BENZ,C-CLASS,RED,Hybrid,1,19100,53328,48,29/04/2022,OTHER,AUTO
65393,SEAT,LEON,WHITE,Petrol,3,10350,51427,69,30/09/2020,TradeZone,MANUAL
31266,MERCEDES-BENZ,GLA,BLUE,Petrol,1,27750,24112,14,30/09/2020,TradeZone,MANUAL
51553,VOLKSWAGEN,GOLF,SILVER,Petrol,2,7300,86734,102,30/09/2020,TradeZone,MANUAL
48846,AUDI,A4 AVANT,BLUE,Diesel,,20100,44508,63,30/09/2020,TradeZone,MANUAL
57452,HYUNDAI,I20,BLUE,Petrol,2,9325,54237,47,30/09/2020,TradeZone,MANUAL
22046,MERCEDES-BENZ,GLA,BLACK,Petrol,1,16150,30000,68,29/10/2021,TradeZone,MANUAL
19898,VOLKSWAGEN,GOLF,BLACK,Petrol,3,7950,68800,83,01/09/2021,OTHER,AUTO
52265,VOLKSWAGEN,GOLF,BLACK,Petrol,2,8850,53766,86,22/01/2018,TradeZone,MANUAL
13883,BMW,1 SERIES,WHITE,Petrol,3,10000,25600,95,26/06/2015,PARTEX,MANUAL
61928,BMW,1 SERIES,RED,Petrol,4,7625,72311,92,31/07/2017,TradeZone,MANUAL
67900,VOLKSWAGEN,BEETLE,BLUE,Petrol,3,3900,91705,140,15/07/2021,TradeZone,AUTO
39114,VOLVO,XC40,WHITE,Petrol,1,19550,40142,47,01/03/2022,TradeZone,MANUAL
24528,VOLVO,XC40,BLACK,Petrol,2,20400,26534,56,31/01/2017,TradeZone,MANUAL
15036,VOLVO,XC40,SILVER,Petrol,2,20950,21346,54,15/10/2020,TradeZone,AUTO
93294,MINI,HATCHBACK,BLUE,Electric,2,10350,23860,55,02/02/2022,TradeZone,AUTO
57915,FIAT,PUNTO,BLUE,Petrol,4,1000,87100,152,29/06/2021,TradeZone,MANUAL
31600,AUDI,A1,WHITE,Petrol,3,9350,41101,82,31/01/2021,TradeZone,MANUAL
3712,AUDI,A1,WHITE,Petrol,4,9350,41373,83,28/04/2017,TradeZone,AUTO
70446,AUDI,A1,GREY,Petrol,1,9425,38477,87,30/04/2018,TradeZone,MANUAL
92054,AUDI,Q3,WHITE,Petrol,3,18350,28500,48,05/08/2019,PARTEX,MANUAL
30166,NISSAN,X-TRAIL,SILVER,Diesel,2,5300,100000,119,22/08/2019,TradeZone,AUTO
68163,PEUGEOT,3008,WHITE,Diesel,2,12800,59923,38,23/06/2020,TradeZone,SEMI-AUTO
55512,VOLKSWAGEN,PASSAT,BLUE,Diesel,4,2000,144865,147,30/09/2020,TradeZone,SEMI-AUTO
96694,NISSAN,JUKE,SILVER,Petrol,2,8675,30586,80,27/09/2019,TradeZone,MANUAL
12502,NISSAN,JUKE,GREY,Petrol,2,8600,33929,76,28/06/2019,TradeZone,SEMI-AUTO
12382,NISSAN,JUKE,BLUE,Petrol,2,5225,90221,79,30/03/2019,TradeZone,MANUAL
26566,NISSAN,QASHQAI,BLACK,Petrol,2,16850,14487,29,29/06/2020,TradeZone,AUTO
70344,AUDI,S3,GREY,Petrol,2,18650,53300,83,21/06/2021,TradeZone,MANUAL
32181,AUDI,A3,WHITE,Diesel,3,17300,48056,55,31/12/2019,TradeZone,MANUAL
33072,VOLVO,XC90,BLUE,Diesel,1,28850,58742,49,28/09/2018,TradeZone,SEMI-AUTO
41688,VOLVO,XC90,WHITE,Diesel,1,25150,91345,40,29/07/2020,TradeZone,MANUAL
8496,VOLVO,XC90,BLUE,Diesel,1,33500,33767,41,30/06/2020,TradeZone,MANUAL
40681,FORD,FUSION,BLUE,Petrol,5,2075,53000,178,30/03/2021,TradeZone,MANUAL
37364,LAND ROVER,RANGE ROVER SPORT,WHITE,Diesel,7,1300,167038,193,18/11/2019,PARTEX,SEMI-AUTO
59210,HYUNDAI,I10,WHITE,Petrol,1,6675,11877,71,29/11/2018,TradeZone,SEMI-AUTO
18507,HYUNDAI,I10,BLUE,Petrol,3,4500,52619,88,05/09/2019,OTHER,AUTO
49532,HYUNDAI,I10,BLUE,Petrol,1,4250,67644,79,16/07/2017,TradeZone,AUTO
26055,HYUNDAI,I10,WHITE,Petrol,1,5075,43158,79,20/07/2018,PARTEX,MANUAL
24585,HYUNDAI,I10,BLUE,Petrol,2,5825,20010,84,10/04/2019,TradeZone,MANUAL
62970,NISSAN,QASHQAI,BLACK,Petrol,1,19500,28931,38,12/07/2021,TradeZone,AUTO
31637,NISSAN,QASHQAI,BLACK,Petrol,2,21050,17359,30,11/01/2021,TradeZone,SEMI-AUTO
78565,NISSAN,QASHQAI,BLACK,Petrol,2,22250,12139,25,22/12/2020,TradeZone,MANUAL
72167,NISSAN,QASHQAI,GREY,Petrol,3,20950,14108,36,02/03/2017,PARTEX,SEMI-AUTO
92492,NISSAN,QASHQAI,WHITE,Petrol,2,18650,31402,41,01/09/2017,OTHER,MANUAL
12864,TOYOTA,RAV4,BLACK,Hybrid,1,24350,19000,56,14/11/2019,TradeZone,MANUAL
16394,LEXUS,RZ,GREY,Electric,1,42000,1988,10,31/03/2021,TradeZone,MANUAL
91696,AUDI,Q3,GREY,Petrol,2,23150,32066,44,30/09/2020,OTHER,MANUAL
41486,MERCEDES-BENZ,E-CLASS,RED,Diesel,2,3975,100400,146,15/01/2021,TradeZone,AUTO
81643,BMW,1 SERIES,BLUE,Diesel,1,13900,60135,51,19/07/2018,TradeZone,MANUAL
19319,RENAULT,CLIO,SILVER,Petrol,1,11050,21225,40,18/09/2018,TradeZone,MANUAL
87161,RENAULT,CLIO,WHITE,Petrol,1,10600,28483,40,14/10/2019,TradeZone,MANUAL
26133,VOLKSWAGEN,SCIROCCO,BLACK,Diesel,2,3225,120000,137,29/11/2017,TradeZone,AUTO
51457,BMW,IX3,GREY,Electric,2,23250,32823,40,03/09/2020,TradeZone,AUTO
71625,ABARTH,595,BLACK,Petrol,4,10650,45579,66,28/02/2023,TradeZone,MANUAL
49620,FIAT,500,WHITE,Petrol,2,6225,29250,74,22/04/2021,TradeZone,SEMI-AUTO
81320,KIA,SPORTAGE,BLUE,Diesel,2,2425,123000,150,19/09/2019,TradeZone,AUTO
93619,KIA,SPORTAGE,RED,Diesel,3,4425,70577,124,19/07/2017,TradeZone,MANUAL
14826,NISSAN,QASHQAI,SILVER,Diesel,2,2400,84800,148,31/12/2020,TradeZone,MANUAL
37835,AUDI,Q5,BLACK,Hybrid,2,25700,37852,66,24/06/2020,TradeZone,MANUAL
64896,VAUXHALL,INSIGNIA GRAND SPORT,BLACK,Diesel,2,6100,69624,82,30/04/2022,OTHER,AUTO
8630,VAUXHALL,MOKKA,BLACK,Petrol,2,4050,78800,114,30/10/2020,TradeZone,MANUAL
66009,VAUXHALL,MOKKA,GREY,Petrol,3,3725,87571,114,31/03/2018,TradeZone,MANUAL
53476,DS,DS 3,BLACK,Diesel,3,2800,86064,98,14/10/2021,TradeZone,MANUAL
8943,DS,DS 3,BLACK,Diesel,2,4000,31565,97,24/05/2018,TradeZone,MANUAL
32978,TOYOTA,AYGO,GREY,Petrol,2,6800,13756,76,14/08/2020,TradeZone,MANUAL
42076,TOYOTA,AYGO,WHITE,Petrol,2,6775,31112,56,02/06/2021,TradeZone,AUTO
61481,TOYOTA,AYGO,GREY,Petrol,3,6575,39599,51,30/12/2017,TradeZone,MANUAL
1292,TOYOTA,AYGO,BLACK,Petrol,,5750,44718,79,30/10/2020,TradeZone,MANUAL
5323,TOYOTA,AYGO,WHITE,Petrol,2,6175,30000,80,02/03/2017,TradeZone,SEMI-AUTO
68369,SMART,FORTWO COUPE,SILVER,Petrol,2,5150,36284,79,07/03/2018,TradeZone,MANUAL
26048,VAUXHALL,VIVA,GREY,Petrol,2,4525,48697,95,29/06/2019,TradeZone,MANUAL
79387,TESLA,MODEL 3,BLACK,Electric,3,16450,45674,61,26/06/2020,OTHER,AUTO
13518,TESLA,MODEL 3,BLACK,Electric,1,17100,43814,53,20/03/2020,TradeZone,SEMI-AUTO
73284,TESLA,MODEL 3,GREY,Electric,3,15000,63008,61,13/08/2021,TradeZone,MANUAL
63032,TESLA,MODEL 3,GREY,Electric,2,17350,34935,60,01/09/2015,OTHER,SEMI-AUTO
22930,TESLA,MODEL 3,RED,Electric,2,16150,43364,65,23/08/2017,TradeZone,MANUAL
58503,TESLA,MODEL 3,RED,Electric,1,15700,54998,59,10/08/2017,PARTEX,AUTO
8792,TESLA,MODEL 3,WHITE,Electric,1,14600,100990,41,31/03/2020,TradeZone,MANUAL
26094,TESLA,MODEL 3,GREEN,Electric,3,14550,69044,62,28/09/2018,TradeZone,MANUAL
49095,SKODA,FABIA,BLUE,Petrol,3,5525,77462,104,25/09/2019,TradeZone,MANUAL
86594,FORD,PUMA,SILVER,Petrol,2,12700,39500,62,20/09/2020,TradeZone,MANUAL
47427,SKODA,KAROQ,GREEN,Diesel,2,15350,34034,59,15/06/2017,TradeZone,SEMI-AUTO
69042,HYUNDAI,TUCSON,BLUE,Petrol,3,14700,33168,56,31/05/2018,OTHER,MANUAL
85837,FORD,FIESTA,BLUE,Petrol,2,5925,50315,82,30/06/2020,TradeZone,MANUAL
12753,FORD,FIESTA,BLUE,Petrol,2,4850,77027,83,23/12/2019,TradeZone,SEMI-AUTO
56871,FORD,FIESTA,BLUE,Petrol,3,5400,58800,90,30/11/2020,TradeZone,MANUAL
18983,FORD,FIESTA,SILVER,Petrol,2,6875,39400,72,28/11/2022,OTHER,MANUAL
23872,FORD,FIESTA,GREY,Petrol,2,6250,41545,88,09/09/2020,TradeZone,MANUAL
98103,SKODA,KAROQ,WHITE,Petrol,1,29700,4465,9,10/09/2021,TradeZone,MANUAL
87503,LAND ROVER,DISCOVERY SPORT,SILVER,Diesel,2,8300,90780,88,31/07/2021,TradeZone,MANUAL
70336,LAND ROVER,DISCOVERY SPORT,BLUE,Diesel,3,9300,68012,102,25/10/2021,OTHER,AUTO
21323,LAND ROVER,DISCOVERY SPORT,BLUE,Diesel,4,8325,79653,109,09/03/2020,PARTEX,MANUAL
8650,HYUNDAI,KONA,GREY,Petrol,1,8675,24125,69,22/11/2018,TradeZone,MANUAL
59229,HYUNDAI,KONA,WHITE,Petrol,2,8000,35750,75,12/12/2019,OTHER,SEMI-AUTO
45417,BMW,X1,GREY,Diesel,3,1850,143000,182,03/12/2020,TradeZone,MANUAL
81989,AUDI,Q5,WHITE,Petrol,1,27500,43389,42,02/12/2020,TradeZone,SEMI-AUTO
83565,VOLKSWAGEN,GOLF,BLUE,Petrol,1,14450,10085,57,06/01/2020,TradeZone,MANUAL
78709,MERCEDES-BENZ,A-CLASS,WHITE,Petrol,2,9100,64227,85,09/09/2021,TradeZone,SEMI-AUTO
35883,MERCEDES-BENZ,A-CLASS,BLACK,Petrol,3,10300,37881,88,22/07/2019,TradeZone,SEMI-AUTO
770,MERCEDES-BENZ,A-CLASS,WHITE,Petrol,3,8425,69000,97,17/06/2020,TradeZone,MANUAL
40618,MERCEDES-BENZ,A-CLASS,WHITE,Petrol,2,10300,41993,85,27/03/2018,TradeZone,MANUAL
50046,MERCEDES-BENZ,A-CLASS,GREY,Diesel,1,14100,58288,56,31/03/2020,TradeZone,MANUAL
54327,MERCEDES-BENZ,A-CLASS,BLUE,Diesel,4,15800,33768,68,30/03/2020,TradeZone,MANUAL
30449,MERCEDES-BENZ,A-CLASS,GREY,Diesel,3,14600,46971,68,31/03/2021,TradeZone,MANUAL
66784,SKODA,FABIA,GREY,Petrol,1,12400,16325,29,17/09/2020,TradeZone,MANUAL
94398,VAUXHALL,CORSA,BLACK,Petrol,2,6550,33353,74,16/10/2020,TradeZone,SEMI-AUTO
42203,VAUXHALL,CORSA,BLUE,Petrol,4,5500,44000,82,23/09/2021,TradeZone,MANUAL
26210,AUDI,A4,BLUE,Petrol,2,11300,47186,92,14/09/2022,TradeZone,SEMI-AUTO
6304,SEAT,LEON,WHITE,Diesel,2,5400,101496,100,28/05/2021,TradeZone,MANUAL
97193,CITROEN,C4 CACTUS,BLUE,Petrol,5,2800,57410,127,26/05/2022,TradeZone,AUTO
84143,MERCEDES-BENZ,C-CLASS,WHITE,Diesel,3,15800,47057,76,10/11/2018,TradeZone,AUTO
90149,MINI,COUNTRYMAN,BLUE,Diesel,3,3525,60000,137,30/11/2020,TradeZone,MANUAL
28719,BMW,1 SERIES,GREY,Petrol,2,14350,15932,71,31/12/2020,TradeZone,MANUAL
74113,BMW,1 SERIES,WHITE,Petrol,2,11650,55603,71,11/03/2021,TradeZone,MANUAL
32470,FORD,KUGA,BLUE,Diesel,2,7150,71881,85,30/09/2019,PARTEX,SEMI-AUTO
5457,FORD,KUGA,BLUE,Diesel,2,8625,49950,82,20/03/2020,TradeZone,AUTO
87739,MG,HS,BLUE,Petrol,4,13000,28115,62,31/03/2021,TradeZone,MANUAL
1874,MG,HS,GREY,Petrol,1,14450,26477,38,31/03/2021,TradeZone,MANUAL
73693,MG,HS,BLUE,Petrol,2,15150,13076,39,08/09/2020,TradeZone,MANUAL
82212,MG,HS,BLUE,Petrol,3,11350,51206,63,18/09/2020,TradeZone,MANUAL
58368,MG,HS,GREY,Petrol,1,14250,25585,40,12/10/2021,OTHER,SEMI-AUTO
79877,PEUGEOT,208,GREY,Petrol,3,7025,37486,68,23/06/2017,TradeZone,SEMI-AUTO
16641,MERCEDES-BENZ,A-CLASS,BLACK,Diesel,2,8300,66083,89,09/12/2020,TradeZone,SEMI-AUTO
56566,FORD,FIESTA,WHITE,Petrol,3,2550,82000,133,24/01/2022,TradeZone,AUTO
79415,NISSAN,JUKE,BLACK,Petrol,2,7450,44629,82,19/03/2019,TradeZone,MANUAL
8980,MINI,CONVERTIBLE,GREY,Petrol,3,15200,17458,72,04/09/2020,TradeZone,MANUAL
75839,AUDI,A6,BLUE,Petrol,1,20750,36123,48,13/09/2021,TradeZone,AUTO
61181,NISSAN,QASHQAI,BLACK,Petrol,4,3025,95670,134,09/07/2019,TradeZone,SEMI-AUTO
54159,NISSAN,QASHQAI,GREY,Petrol,3,2575,113277,134,20/07/2021,TradeZone,MANUAL
83176,NISSAN,QASHQAI,GREY,Petrol,3,4400,47000,131,15/08/2017,TradeZone,SEMI-AUTO
73068,NISSAN,QASHQAI,GREY,Petrol,4,3775,70521,127,31/03/2018,TradeZone,MANUAL
31264,VAUXHALL,CORSA,RED,Petrol,2,3675,68049,110,07/08/2019,TradeZone,MANUAL
94422,VAUXHALL,CORSA,BLACK,Petrol,3,4275,62994,92,30/09/2019,TradeZone,MANUAL
21801,BMW,X1,GREY,Petrol,1,19850,30650,38,30/11/2021,TradeZone,MANUAL
96465,TOYOTA,RAV4,GREY,Hybrid,1,21200,61883,38,31/05/2018,TradeZone,MANUAL
53196,TOYOTA,RAV4,BLUE,Hybrid,1,24400,31038,39,30/06/2020,TradeZone,MANUAL
43669,TOYOTA,RAV4,GREY,Hybrid,1,23200,39037,43,08/12/2016,OTHER,AUTO
42553,HYUNDAI,I10,BLACK,Petrol,2,4850,80250,68,20/11/2020,TradeZone,MANUAL
9853,HONDA,CIVIC,BLUE,Petrol,1,11250,59731,47,29/06/2019,TradeZone,MANUAL
71727,HONDA,CIVIC,BLACK,Petrol,2,11600,42447,73,09/03/2020,OTHER,SEMI-AUTO
5048,VOLVO,XC40,GREY,Petrol,1,16550,44627,63,01/03/2022,TradeZone,AUTO
72762,MERCEDES-BENZ,A-CLASS,BLACK,Diesel,2,10100,31870,100,20/02/2020,TradeZone,MANUAL
52337,MERCEDES-BENZ,A-CLASS,WHITE,Diesel,1,10250,32815,92,29/03/2019,TradeZone,MANUAL
16419,PEUGEOT,E-208,GREY,Electric,1,13150,10945,36,17/08/2021,TradeZone,AUTO
78676,HYUNDAI,I10,BLACK,Petrol,3,3300,79510,97,02/02/2023,TradeZone,AUTO
96505,HYUNDAI,I10,BLUE,Petrol,2,3700,73844,82,01/03/2020,TradeZone,AUTO
21512,HYUNDAI,I10,GREY,Petrol,3,4675,37967,88,18/03/2020,TradeZone,AUTO
76226,VOLKSWAGEN,POLO,BLUE,Petrol,1,17200,20223,38,30/06/2021,PARTEX,MANUAL
14225,VOLKSWAGEN,POLO,GREY,Petrol,1,21400,5129,8,31/03/2021,TradeZone,MANUAL
95206,VOLKSWAGEN,POLO,BLACK,Petrol,1,18050,12196,38,15/03/2021,TradeZone,MANUAL
9482,TOYOTA,YARIS,BLACK,Petrol,8,,163000,277,30/04/2022,OTHER,AUTO
69132,TOYOTA,COROLLA TOURING SPORT,BLACK,Hybrid,3,14450,72275,49,30/09/2020,TradeZone,MANUAL
31189,SUZUKI,SWIFT,YELLOW,Petrol,2,7200,36000,86,16/09/2021,TradeZone,MANUAL
72479,HYUNDAI,TUCSON,WHITE,Diesel,2,6925,55000,103,14/10/2021,TradeZone,MANUAL
1681,VAUXHALL,CORSA,SILVER,Petrol,1,14950,8894,19,24/05/2016,PARTEX,AUTO
29694,VAUXHALL,CORSA,GREY,Petrol,2,2250,92354,122,30/10/2020,TradeZone,MANUAL
68901,FORD,MONDEO,RED,Hybrid,1,13850,52389,38,02/09/2021,TradeZone,AUTO
70001,AUDI,A3,BLACK,Diesel,3,17100,54080,48,06/08/2019,TradeZone,AUTO
13554,MERCEDES-BENZ,GLB,RED,Petrol,1,22000,38087,46,04/08/2021,TradeZone,MANUAL
91277,MERCEDES-BENZ,GLB,BLACK,Petrol,1,24650,12697,51,26/01/2019,TradeZone,MANUAL
57533,VAUXHALL,GRANDLAND X,BLUE,Petrol,2,10550,35500,50,29/03/2019,TradeZone,MANUAL
24618,VAUXHALL,GRANDLAND X,WHITE,Petrol,2,10000,35483,57,31/12/2020,TradeZone,MANUAL
75060,AUDI,A4,GREEN,Petrol,1,27250,549,16,30/09/2020,TradeZone,MANUAL
48148,HYUNDAI,KONA,RED,Petrol,3,6675,44827,85,05/09/2020,TradeZone,MANUAL
82286,KIA,PICANTO,WHITE,Petrol,3,9000,24016,47,28/04/2019,TradeZone,SEMI-AUTO
6119,FORD,FOCUS,GREY,Petrol,3,6300,59566,86,29/03/2021,TradeZone,MANUAL
4752,FORD,FOCUS,BLUE,Petrol,2,7500,41806,84,29/03/2021,TradeZone,MANUAL
78851,FORD,FOCUS,BLACK,Petrol,1,6800,50134,86,30/09/2019,TradeZone,MANUAL
63119,VOLVO,XC60,PURPLE,Petrol,1,41200,4926,8,21/03/2019,PARTEX,MANUAL
76031,NISSAN,QASHQAI,WHITE,Petrol,4,1025,166000,152,30/06/2020,TradeZone,MANUAL
81952,NISSAN,QASHQAI,GREEN,Petrol,4,1325,102270,176,30/11/2018,TradeZone,MANUAL
94022,MAZDA,MAZDA2,GREY,Petrol,1,14950,13880,27,28/03/2018,TradeZone,MANUAL
44306,BMW,X2,RED,Petrol,2,16150,51000,50,18/09/2020,TradeZone,AUTO
50897,KIA,NIRO,BLACK,Hybrid,1,13750,40396,38,31/05/2018,TradeZone,MANUAL
86915,KIA,NIRO,RED,Hybrid,2,13200,32395,55,07/03/2018,TradeZone,MANUAL
70602,KIA,NIRO,GREY,Hybrid,1,13500,44384,38,06/08/2021,TradeZone,MANUAL
88944,KIA,NIRO,GREY,Hybrid,2,13950,34944,40,31/12/2020,OTHER,MANUAL
95964,KIA,NIRO,BLUE,Hybrid,1,14850,16000,50,25/03/2019,TradeZone,MANUAL
1083,KIA,NIRO,WHITE,Hybrid,2,13250,28074,58,30/08/2019,TradeZone,MANUAL
89478,KIA,NIRO,BLUE,Hybrid,1,15500,7000,49,29/08/2019,TradeZone,MANUAL
89803,KIA,NIRO,BLUE,Hybrid,1,12900,39822,51,29/09/2017,TradeZone,SEMI-AUTO
62172,KIA,NIRO,RED,Hybrid,1,12000,57137,49,26/03/2021,TradeZone,AUTO
27089,KIA,NIRO,GREY,Hybrid,1,11700,62392,50,30/11/2017,TradeZone,MANUAL
21219,MG,MG4,RED,Electric,2,16200,6672,25,21/12/2019,TradeZone,MANUAL
77059,AUDI,A4 AVANT,RED,Diesel,2,5925,156401,102,09/01/2018,TradeZone,MANUAL
67430,VOLKSWAGEN,T-CROSS,WHITE,Petrol,2,13550,32300,35,12/10/2018,TradeZone,MANUAL
48566,VOLKSWAGEN,T-CROSS,GREY,Petrol,1,13300,26786,45,11/12/2019,PARTEX,SEMI-AUTO
34636,BMW,2 SERIES,BLUE,Petrol,2,9150,36922,93,13/03/2018,TradeZone,MANUAL
66228,HYUNDAI,KONA,RED,Electric,1,13300,11230,55,29/05/2020,TradeZone,AUTO
45,HYUNDAI,KONA,BLUE,Electric,1,9625,64200,54,26/09/2019,PARTEX,MANUAL
92150,VOLVO,V60,BLACK,Hybrid,1,24100,24074,41,29/09/2020,TradeZone,MANUAL
12131,VOLVO,V60,BRONZE,Hybrid,1,18750,65986,44,21/01/2022,TradeZone,AUTO
55570,NISSAN,QASHQAI,SILVER,Petrol,1,12900,35000,50,30/06/2017,TradeZone,MANUAL
88311,NISSAN,QASHQAI,SILVER,Petrol,1,12550,36867,51,30/04/2018,TradeZone,MANUAL
66272,NISSAN,QASHQAI,WHITE,Petrol,1,13500,26904,50,19/07/2018,TradeZone,AUTO
10560,AUDI,Q2,WHITE,Petrol,2,16950,27434,49,18/11/2020,TradeZone,SEMI-AUTO
11123,CITROEN,C3,BLUE,Petrol,6,2250,41967,120,30/09/2023,TradeZone,MANUAL
64754,CITROEN,C3,BLUE,Petrol,4,1475,90165,122,29/12/2016,PARTEX,MANUAL
25229,VOLKSWAGEN,POLO,GREY,Petrol,3,9275,55471,82,10/01/2018,TradeZone,SEMI-AUTO
60438,VOLKSWAGEN,POLO,RED,Petrol,2,9625,49595,83,23/12/2020,TradeZone,MANUAL
41876,VOLKSWAGEN,POLO,RED,Petrol,2,12200,23309,67,20/12/2021,OTHER,AUTO
47245,VOLKSWAGEN,TOUAREG,BLACK,Petrol,1,33400,39693,47,16/11/2022,TradeZone,AUTO
38124,RENAULT,CLIO,GREY,Diesel,1,10150,39217,53,04/05/2021,TradeZone,AUTO
80960,AUDI,A5,BLUE,Petrol,1,20250,20000,62,20/11/2020,TradeZone,AUTO
87067,AUDI,Q3,GREY,Petrol,1,32000,5748,7,25/03/2017,PARTEX,MANUAL
56205,MAZDA,MAZDA6,GREY,Petrol,4,1675,79000,152,26/03/2021,TradeZone,SEMI-AUTO
77561,JEEP,COMPASS,WHITE,Petrol,2,7925,55000,72,28/05/2021,TradeZone,MANUAL
18410,JEEP,COMPASS,BLACK,Petrol,2,7750,46477,84,30/11/2016,TradeZone,MANUAL
68673,JEEP,COMPASS,WHITE,Petrol,3,7425,54693,86,27/09/2018,PARTEX,MANUAL
68352,ABARTH,595,WHITE,Petrol,2,6950,44757,84,24/09/2019,PARTEX,SEMI-AUTO
74038,ABARTH,595,BLACK,Petrol,2,7525,22280,97,29/01/2021,TradeZone,MANUAL
94306,ABARTH,595,BLUE,Petrol,3,7625,29229,86,04/09/2021,OTHER,MANUAL
16680,ABARTH,595,BLACK,Petrol,2,9875,20274,42,22/06/2018,TradeZone,MANUAL
69742,ABARTH,595,GREY,Petrol,2,7100,45641,80,05/08/2020,TradeZone,SEMI-AUTO
35303,LAND ROVER,DISCOVERY SPORT,BLACK,Diesel,2,17650,38505,58,18/10/2021,OTHER,SEMI-AUTO
11941,LAND ROVER,DISCOVERY SPORT,SILVER,Diesel,,17650,31763,66,30/09/2019,OTHER,AUTO
74206,LAND ROVER,DISCOVERY SPORT,GREY,Diesel,2,17900,40568,56,09/07/2020,TradeZone,MANUAL
56021,HYUNDAI,I30 FASTBACK,BLACK,Petrol,3,19600,29890,66,13/12/2021,OTHER,MANUAL
93724,VOLKSWAGEN,TIGUAN,GREY,Diesel,4,7725,52384,121,30/04/2021,TradeZone,MANUAL
18727,CITROEN,C3,GREY,Petrol,1,8625,33000,47,15/07/2019,TradeZone,MANUAL
19579,CITROEN,C3,RED,Petrol,1,9275,16034,52,18/08/2021,TradeZone,AUTO
61162,CITROEN,C3,WHITE,Petrol,1,8050,44526,50,31/03/2018,TradeZone,SEMI-AUTO
1833,CITROEN,C3,SILVER,Petrol,3,10100,8350,43,07/09/2017,TradeZone,MANUAL
64945,CITROEN,C3,SILVER,Petrol,2,7750,47587,51,31/01/2018,TradeZone,MANUAL
47227,CITROEN,C3,BLUE,Petrol,2,9425,17857,48,24/10/2017,TradeZone,MANUAL
19468,VOLVO,V70,SILVER,Diesel,4,,122000,248,24/10/2022,TradeZone,AUTO
23809,VOLKSWAGEN,GOLF,BLACK,Diesel,2,9200,70566,89,12/07/2018,PARTEX,MANUAL
40452,KIA,SPORTAGE,GREY,Petrol,1,13750,35600,62,10/08/2023,PARTEX,AUTO
71695,KIA,SPORTAGE,BLUE,Petrol,1,14200,41000,50,22/03/2018,TradeZone,SEMI-AUTO
46952,KIA,SPORTAGE,RED,Petrol,3,12300,46261,74,29/09/2017,TradeZone,MANUAL
3083,MERCEDES-BENZ,GLC,BLUE,Diesel,2,24750,33459,58,26/03/2018,PARTEX,MANUAL
21540,MERCEDES-BENZ,GLC,GREY,Diesel,4,21700,55427,63,16/09/2020,TradeZone,MANUAL
50096,FORD,FIESTA,GREY,Diesel,2,5525,63753,90,31/03/2021,TradeZone,MANUAL
16923,CITROEN,C4 CACTUS,GREY,Petrol,2,4000,54273,88,31/03/2021,TradeZone,MANUAL
98643,PEUGEOT,E-208,BLACK,Electric,1,9725,30525,38,29/03/2018,TradeZone,AUTO
74255,DS,DS 3 CROSSBACK,WHITE,Electric,1,10550,20619,41,28/12/2017,TradeZone,MANUAL
20515,VAUXHALL,CORSA,SILVER,Petrol,3,9200,35000,55,29/06/2020,TradeZone,AUTO
27020,VAUXHALL,CORSA,GREY,Petrol,3,9150,32780,62,01/12/2017,TradeZone,MANUAL
87479,VAUXHALL,CORSA,WHITE,Petrol,2,9550,35891,49,21/09/2019,TradeZone,MANUAL
17087,VAUXHALL,CORSA,WHITE,Petrol,2,8650,45709,56,25/07/2018,PARTEX,SEMI-AUTO
65804,VAUXHALL,CORSA,BLUE,Petrol,3,9950,15681,63,05/03/2018,TradeZone,SEMI-AUTO
57497,VAUXHALL,CORSA,BLACK,Petrol,2,8150,55036,56,13/03/2018,TradeZone,AUTO
55755,VAUXHALL,CORSA,BLUE,Petrol,2,8525,44687,58,29/05/2019,TradeZone,MANUAL
87121,VAUXHALL,CORSA,BLACK,Petrol,2,10100,26507,50,02/03/2019,TradeZone,AUTO
51187,AUDI,A4,BLUE,Petrol,2,10700,40694,90,05/06/2020,TradeZone,AUTO
18508,MERCEDES-BENZ,E-CLASS,GREY,Hybrid,1,22350,72576,42,03/06/2021,TradeZone,AUTO
16923,HYUNDAI,I20,BLACK,Petrol,2,9175,27000,67,30/01/2018,TradeZone,MANUAL
96350,HYUNDAI,I20,GREY,Petrol,2,8600,34859,70,30/09/2019,TradeZone,MANUAL
582,BMW,3 SERIES,GREY,Petrol,3,18700,47512,65,31/12/2018,TradeZone,AUTO
31183,VOLKSWAGEN,T-ROC,RED,Petrol,1,16300,42085,54,11/12/2019,TradeZone,MANUAL
22340,FIAT,500,RED,Petrol,2,6000,69472,96,11/08/2017,PARTEX,MANUAL
26277,LAND ROVER,DISCOVERY,GREY,Diesel,1,49100,16930,26,23/07/2018,TradeZone,SEMI-AUTO
8702,LAND ROVER,DISCOVERY,WHITE,Diesel,1,48700,18390,26,22/05/2019,TradeZone,AUTO
62552,FORD,KUGA,GREY,Hybrid,1,16850,32420,49,22/01/2019,TradeZone,MANUAL
1491,FIAT,500C,RED,Petrol,1,10150,14811,32,09/02/2021,TradeZone,AUTO
42055,CITROEN,C3 AIRCROSS,BLACK,Petrol,2,8225,34000,55,30/07/2018,TradeZone,AUTO
19334,CITROEN,C3 AIRCROSS,SILVER,Petrol,2,7775,34110,65,16/07/2020,TradeZone,AUTO
87388,AUDI,A6 AVANT,WHITE,Petrol,1,24050,37000,50,20/04/2021,TradeZone,AUTO
75818,PEUGEOT,2008,GREY,Petrol,1,14300,46945,38,01/03/2021,TradeZone,SEMI-AUTO
73916,PEUGEOT,2008,BLUE,Petrol,1,15900,25330,37,19/12/2016,TradeZone,SEMI-AUTO
52930,PEUGEOT,2008,RED,Petrol,1,14350,36390,41,11/12/2020,TradeZone,AUTO
867,PEUGEOT,2008,GREY,Petrol,1,17500,6911,37,15/12/2021,TradeZone,AUTO
79118,VAUXHALL,ASTRA,WHITE,Petrol,3,5250,52928,77,24/04/2019,TradeZone,MANUAL
70615,VAUXHALL,ASTRA,BLACK,Petrol,2,5450,53706,72,31/07/2020,TradeZone,MANUAL
61415,FORD,C-MAX,WHITE,Diesel,3,6025,54175,86,15/10/2019,TradeZone,AUTO
59575,BMW,3 SERIES,RED,Diesel,1,14050,43553,65,04/10/2019,TradeZone,MANUAL
2697,BMW,3 SERIES,BLUE,Diesel,1,12800,63396,62,18/09/2020,TradeZone,AUTO
95391,VAUXHALL,GRANDLAND X,GREY,Diesel,2,7775,59904,64,30/09/2020,TradeZone,SEMI-AUTO
44813,MERCEDES-BENZ,A-CLASS,BLACK,Petrol,4,11400,59983,90,25/09/2020,TradeZone,SEMI-AUTO
19576,VAUXHALL,ASTRA GTC,SILVER,Diesel,4,1500,132600,127,14/12/2021,OTHER,MANUAL
15502,BMW,2 SERIES GRAN TOURER,BLACK,Petrol,4,7700,65175,104,30/09/2021,TradeZone,MANUAL
106,DACIA,SANDERO,RED,Petrol,3,5125,24088,68,30/09/2021,TradeZone,MANUAL
3721,DACIA,SANDERO,WHITE,Petrol,2,4275,45000,74,09/09/2022,PARTEX,SEMI-AUTO
18852,VAUXHALL,GRANDLAND X,BLUE,Diesel,2,7475,59067,81,19/06/2019,TradeZone,MANUAL
8604,VAUXHALL,GRANDLAND X,SILVER,Diesel,3,7525,61873,80,31/05/2019,PARTEX,MANUAL
26148,AUDI,A5,WHITE,Diesel,,2525,120915,168,15/07/2021,TradeZone,SEMI-AUTO
22652,MAZDA,MAZDA2,SILVER,Petrol,2,7825,21412,89,01/03/2018,TradeZone,SEMI-AUTO
82108,LEXUS,UX,WHITE,Hybrid,2,17250,33600,55,01/08/2017,TradeZone,MANUAL
65379,PEUGEOT,308,GREY,Diesel,3,2075,100000,120,11/06/2021,TradeZone,MANUAL
60971,PEUGEOT,308,GREY,Diesel,2,1900,101000,126,26/03/2021,OTHER,SEMI-AUTO
45436,PEUGEOT,308,WHITE,Diesel,3,1950,91737,136,27/04/2023,OTHER,AUTO
21292,FORD,FIESTA,WHITE,Petrol,1,8325,50107,69,14/11/2019,TradeZone,MANUAL
75868,HYUNDAI,I30,WHITE,Petrol,2,5850,29175,103,08/12/2020,TradeZone,MANUAL
57300,SKODA,FABIA,BLACK,Petrol,1,10400,18164,50,30/11/2021,TradeZone,MANUAL
57540,VOLVO,XC40,BLUE,Diesel,3,17000,79584,82,13/07/2021,TradeZone,AUTO
66615,MITSUBISHI,OUTLANDER,BLUE,Hybrid,3,12050,62234,79,31/01/2018,TradeZone,AUTO
48706,VAUXHALL,CORSA,BLACK,Petrol,3,4525,51712,85,31/05/2021,TradeZone,SEMI-AUTO
94582,VOLKSWAGEN,GOLF,GREY,Petrol,4,1550,95344,189,05/01/2022,TradeZone,MANUAL
80810,JAGUAR,F-PACE,BLUE,Petrol,3,18250,68403,66,19/10/2021,TradeZone,AUTO
43630,TOYOTA,AYGO,BLACK,Petrol,2,9400,23256,73,28/06/2019,TradeZone,AUTO
22112,TOYOTA,AYGO,WHITE,Petrol,3,8625,40610,74,15/09/2020,TradeZone,MANUAL
68282,TOYOTA,AYGO,BLUE,Petrol,2,9375,24856,74,30/09/2021,OTHER,SEMI-AUTO
37281,RENAULT,GRAND SCENIC,WHITE,Diesel,2,1525,153445,137,29/04/2017,PARTEX,MANUAL
65349,HONDA,CR-V,BLACK,Petrol,2,1775,122996,213,10/05/2022,TradeZone,MANUAL
87046,TOYOTA,YARIS,GREEN,Petrol,2,9225,29593,74,10/08/2022,TradeZone,MANUAL
14193,LAND ROVER,DEFENDER,BLACK,Diesel,2,39400,30000,64,24/11/2022,TradeZone,AUTO
48743,MERCEDES-BENZ,A-CLASS,WHITE,Diesel,3,13500,59500,74,26/07/2017,TradeZone,MANUAL
21822,HONDA,CR-V,WHITE,Diesel,4,3475,89398,152,20/06/2019,TradeZone,AUTO
67289,HONDA,CR-V,WHITE,Diesel,5,2175,116157,176,15/07/2021,TradeZone,MANUAL
13139,NISSAN,QASHQAI,ORANGE,Hybrid,1,23550,13185,24,17/07/2018,TradeZone,MANUAL
59124,NISSAN,QASHQAI,BLACK,Hybrid,2,24850,6430,20,16/11/2020,TradeZone,AUTO
85056,VAUXHALL,CORSA,BLACK,Petrol,1,310,72991,230,26/11/2020,TradeZone,AUTO
71888,KIA,SPORTAGE,WHITE,Petrol,1,18700,31400,37,03/12/2020,TradeZone,AUTO
6145,HYUNDAI,IX35,WHITE,Diesel,4,2450,106000,136,25/03/2021,TradeZone,MANUAL
15405,BMW,X5,RED,Diesel,3,17800,63661,102,29/09/2018,PARTEX,MANUAL
22168,NISSAN,JUKE,BLUE,Petrol,3,5450,55000,116,19/10/2021,TradeZone,AUTO
37109,NISSAN,JUKE,BLUE,Petrol,3,6250,52867,94,12/09/2017,TradeZone,MANUAL
73195,VOLKSWAGEN,POLO,BLACK,Petrol,1,4800,67000,109,26/09/2019,TradeZone,AUTO
73375,VOLKSWAGEN,TOUAREG,SILVER,Diesel,2,13350,82000,96,15/09/2021,TradeZone,MANUAL
38439,BMW,X1,GREY,Petrol,3,11550,50130,86,07/06/2018,TradeZone,MANUAL
40307,BMW,5 SERIES,BLACK,Diesel,3,830,202389,233,28/10/2016,TradeZone,SEMI-AUTO
9696,TOYOTA,AYGO,WHITE,Petrol,3,5650,35000,104,30/11/2020,TradeZone,MANUAL
32755,FORD,KUGA,WHITE,Diesel,3,13300,34456,94,07/07/2021,TradeZone,AUTO
59408,SEAT,TARRACO,BLUE,Petrol,1,24100,18285,37,12/07/2021,TradeZone,MANUAL
46921,NISSAN,JUKE,GREY,Diesel,4,2675,99187,118,21/12/2018,TradeZone,SEMI-AUTO
55157,NISSAN,JUKE,BLACK,Diesel,4,3550,65373,128,27/03/2019,TradeZone,MANUAL
35637,SEAT,IBIZA,GREY,Petrol,2,780,119000,191,26/03/2021,TradeZone,SEMI-AUTO
15016,PEUGEOT,207,GREY,Diesel,3,870,42731,186,23/09/2019,TradeZone,MANUAL
77801,FORD,FOCUS,BLACK,Diesel,1,12050,46350,50,03/09/2020,TradeZone,MANUAL
74763,SKODA,OCTAVIA,BLUE,Diesel,1,9550,54534,57,10/09/2021,TradeZone,MANUAL
38591,SKODA,OCTAVIA,GREY,Diesel,1,9900,50272,62,02/08/2018,TradeZone,MANUAL
61193,SUZUKI,IGNIS,WHITE,Petrol,1,7125,33254,84,10/12/2021,TradeZone,MANUAL
3747,VAUXHALL,MOKKA X,BLUE,Petrol,3,5000,85587,80,19/06/2019,TradeZone,SEMI-AUTO
31055,VAUXHALL,MOKKA X,BLUE,Petrol,2,6650,62544,73,13/07/2021,TradeZone,SEMI-AUTO
45813,VAUXHALL,MOKKA X,GREY,Petrol,2,6425,57362,81,27/06/2018,OTHER,MANUAL
95124,VAUXHALL,MOKKA X,BLUE,Petrol,3,6000,61114,88,04/08/2020,TradeZone,MANUAL
87130,VAUXHALL,ZAFIRA,RED,Petrol,3,3150,105000,104,21/03/2020,TradeZone,AUTO
62434,BMW,2 SERIES,WHITE,Petrol,2,8000,56362,92,16/03/2022,TradeZone,MANUAL
29954,MAZDA,CX-30,BLACK,Petrol,2,17600,27197,46,27/09/2019,TradeZone,AUTO
70649,TOYOTA,AYGO,BLACK,Petrol,2,5825,36511,85,14/09/2021,TradeZone,MANUAL
9943,FORD,MONDEO,BLACK,Diesel,2,6650,78720,74,09/08/2017,TradeZone,SEMI-AUTO
75333,DACIA,DUSTER,SILVER,Other,1,9575,36468,43,30/06/2019,TradeZone,MANUAL
53814,TOYOTA,YARIS,SILVER,Petrol,1,8675,18795,82,23/03/2017,PARTEX,AUTO
95161,TOYOTA,YARIS,BLUE,Petrol,3,6425,59495,92,21/11/2018,TradeZone,MANUAL
31762,TOYOTA,YARIS,BLACK,Petrol,2,8500,22754,86,29/12/2020,TradeZone,MANUAL
22253,TOYOTA,YARIS,WHITE,Petrol,3,7050,41993,95,26/04/2021,OTHER,MANUAL
65122,TOYOTA,YARIS,BLACK,Petrol,3,7750,33182,88,02/12/2020,TradeZone,MANUAL
1096,NISSAN,LEAF,WHITE,Electric,3,2825,28075,116,09/12/2020,TradeZone,SEMI-AUTO
57213,LAND ROVER,RANGE ROVER VELAR,WHITE,Diesel,1,25900,42049,44,31/08/2021,TradeZone,AUTO
31279,LAND ROVER,DEFENDER,BLACK,Hybrid,1,64800,1988,14,13/11/2019,TradeZone,AUTO
25529,BMW,I3,WHITE,Electric,1,13200,35494,38,18/12/2020,TradeZone,AUTO
47874,BMW,I3,WHITE,Electric,1,12750,42534,38,28/05/2021,TradeZone,MANUAL
2471,BMW,I3,BLACK,Electric,1,13550,30733,37,01/06/2021,TradeZone,AUTO
53485,HONDA,CR-V,WHITE,Petrol,7,2050,129250,206,17/03/2021,TradeZone,MANUAL
36623,LAND ROVER,RANGE ROVER VELAR,BLUE,Diesel,2,17250,68000,74,26/03/2021,TradeZone,SEMI-AUTO
59404,LAND ROVER,RANGE ROVER VELAR,BLACK,Diesel,1,21400,20000,68,07/07/2021,TradeZone,MANUAL
93664,KIA,CEED,WHITE,Diesel,2,10550,35500,37,03/10/2017,TradeZone,MANUAL
18860,BMW,1 SERIES,BLUE,Petrol,3,7250,76505,86,27/02/2020,TradeZone,SEMI-AUTO
76964,TESLA,MODEL Y,WHITE,Electric,1,26300,13851,14,10/09/2021,TradeZone,MANUAL
57993,TESLA,MODEL Y,BLUE,Electric,1,25450,9546,26,02/03/2020,PARTEX,AUTO
22809,TESLA,MODEL Y,BLACK,Electric,1,22050,45857,26,16/11/2020,TradeZone,AUTO
58940,CITROEN,C1,BLACK,Petrol,3,1200,58300,176,13/08/2020,TradeZone,MANUAL
8139,BMW,2 SERIES ACTIVE TOURER,BLACK,Hybrid,2,12550,23388,55,22/03/2021,TradeZone,AUTO
80349,BMW,2 SERIES,GREY,Diesel,4,14450,27507,74,04/11/2020,TradeZone,AUTO
84152,BMW,2 SERIES,WHITE,Diesel,3,13650,35010,70,18/09/2020,TradeZone,SEMI-AUTO
65644,BMW,2 SERIES,RED,Diesel,2,11800,58189,68,22/05/2017,TradeZone,SEMI-AUTO
31055,BMW,2 SERIES,ORANGE,Diesel,2,10950,68000,68,25/04/2019,TradeZone,MANUAL
91966,BMW,2 SERIES,RED,Diesel,2,11200,51513,82,10/11/2020,TradeZone,AUTO
78457,DACIA,DUSTER,GREY,Petrol,1,15800,4932,21,30/11/2020,TradeZone,MANUAL
31927,VAUXHALL,CORSA,WHITE,Petrol,1,6525,30806,80,02/12/2021,TradeZone,MANUAL
80065,LEXUS,RX,BLACK,Hybrid,1,29150,36209,50,20/03/2020,TradeZone,AUTO
8642,HYUNDAI,TUCSON,BLUE,Hybrid,1,28800,7046,10,23/06/2020,TradeZone,AUTO
43995,VOLVO,V90,BLUE,Diesel,3,11650,114727,71,28/04/2023,TradeZone,AUTO
17242,TOYOTA,AYGO,ORANGE,Petrol,3,1625,78000,158,15/11/2016,TradeZone,SEMI-AUTO
41676,LAND ROVER,DISCOVERY SPORT,GREY,Diesel,3,6925,51982,107,17/12/2020,TradeZone,MANUAL
59112,FORD,GALAXY,GREY,Diesel,1,17100,48607,53,12/11/2021,TradeZone,AUTO
47104,ALFA ROMEO,MITO,GREY,Petrol,5,900,114988,155,10/03/2017,TradeZone,MANUAL
21718,NISSAN,X-TRAIL,BLACK,Diesel,2,8775,62719,83,21/10/2017,TradeZone,MANUAL
67678,VOLKSWAGEN,T-CROSS,ORANGE,Petrol,1,16950,16058,40,20/12/2017,TradeZone,MANUAL
13413,VAUXHALL,VIVA,SILVER,Petrol,1,3250,62000,104,10/09/2021,TradeZone,MANUAL
10420,NISSAN,QASHQAI,BLUE,Petrol,2,10200,29088,64,18/05/2021,TradeZone,MANUAL
16838,NISSAN,QASHQAI,BLACK,Petrol,3,9300,46586,68,11/02/2020,TradeZone,MANUAL
47804,NISSAN,QASHQAI,WHITE,Petrol,2,9900,33585,68,30/10/2020,TradeZone,MANUAL
97277,NISSAN,QASHQAI,GREY,Petrol,,10750,19708,63,16/06/2021,TradeZone,AUTO
83706,SSANGYONG,TURISMO,RED,Diesel,2,4275,90049,104,04/05/2021,TradeZone,AUTO
22163,AUDI,A3,GREY,Petrol,5,1675,111000,160,01/07/2021,TradeZone,SEMI-AUTO
18268,FORD,FOCUS,WHITE,Petrol,2,5350,31507,91,27/01/2022,TradeZone,AUTO
1917,FORD,FOCUS,RED,Petrol,2,3225,79761,97,29/04/2021,TradeZone,MANUAL
3498,JAGUAR,F-PACE,GREY,Hybrid,1,38200,12546,22,03/01/2019,TradeZone,AUTO
3055,HONDA,CIVIC,WHITE,Petrol,2,9975,44473,75,30/07/2020,TradeZone,AUTO
13298,VAUXHALL,VXR8,WHITE,Petrol,9,7975,125000,212,03/12/2019,TradeZone,AUTO
84269,VOLKSWAGEN,POLO,GREY,Petrol,3,3400,53630,151,30/09/2021,TradeZone,AUTO
75961,PEUGEOT,307,BLUE,Petrol,2,,141000,258,11/10/2018,TradeZone,MANUAL
51096,RENAULT,CLIO,GREY,Petrol,3,6500,39824,80,17/12/2021,TradeZone,AUTO
73920,RENAULT,CLIO,RED,Petrol,2,6725,35574,80,21/12/2021,TradeZone,AUTO
10313,RENAULT,CLIO,BLACK,Petrol,,6050,50383,74,27/04/2019,TradeZone,SEMI-AUTO
15143,RENAULT,CLIO,BLACK,Petrol,2,6275,43116,77,30/06/2016,PARTEX,MANUAL
25822,HONDA,CR-V,WHITE,Petrol,4,9675,51874,93,01/09/2017,TradeZone,SEMI-AUTO
9692,KIA,SPORTAGE,BLUE,Diesel,2,11850,60236,77,30/04/2021,PARTEX,AUTO
94826,MG,MG5,RED,Electric,1,10200,18503,41,12/12/2016,TradeZone,MANUAL
63466,MG,MG5,BLACK,Electric,2,8000,62345,48,23/07/2020,TradeZone,AUTO
47155,MAZDA,MAZDA2,WHITE,Petrol,2,9700,24298,74,28/05/2021,TradeZone,AUTO
94835,RENAULT,KADJAR,RED,Diesel,2,8500,41775,86,18/07/2020,PARTEX,SEMI-AUTO
2341,AUDI,A1,RED,Petrol,1,14700,59085,62,18/10/2021,OTHER,MANUAL
85169,AUDI,A1,RED,Petrol,2,15200,53896,59,30/11/2017,TradeZone,MANUAL
48562,VAUXHALL,CORSA,BLUE,Petrol,1,6300,21176,81,28/11/2019,TradeZone,SEMI-AUTO
58924,CITROEN,GRAND C4 SPACETOURER,GREY,Petrol,3,8275,78982,73,20/06/2022,TradeZone,MANUAL
1209,VAUXHALL,MOKKA X,GREY,Petrol,3,6375,45139,89,18/01/2023,TradeZone,MANUAL
54231,VAUXHALL,MOKKA X,BLACK,Petrol,3,4350,84500,91,18/03/2022,TradeZone,SEMI-AUTO
60044,VAUXHALL,MOKKA X,BLUE,Petrol,3,5500,66000,83,21/09/2018,OTHER,MANUAL
37370,VAUXHALL,MOKKA X,SILVER,Petrol,2,9675,19233,67,31/01/2020,TradeZone,SEMI-AUTO
16581,VOLKSWAGEN,T-ROC,GREY,Petrol,1,15300,54285,50,03/09/2021,TradeZone,MANUAL
42906,VOLKSWAGEN,T-ROC,RED,Petrol,1,17650,26968,50,17/08/2018,TradeZone,SEMI-AUTO
49469,VOLKSWAGEN,T-ROC,BLACK,Petrol,1,15600,50845,47,17/08/2018,TradeZone,MANUAL
39438,VOLKSWAGEN,T-ROC,GREY,Petrol,1,18600,16206,50,22/07/2021,TradeZone,AUTO
84731,VOLKSWAGEN,T-ROC,BLUE,Petrol,2,18600,16347,46,15/06/2018,TradeZone,MANUAL
7462,DACIA,SANDERO STEPWAY,WHITE,Petrol,2,4275,55267,74,14/05/2021,OTHER,SEMI-AUTO
33915,MERCEDES-BENZ,GLA,BLUE,Petrol,2,15400,19563,80,19/06/2021,TradeZone,AUTO
32576,RENAULT,CAPTUR,BLACK,Petrol,2,13000,33498,39,26/01/2023,TradeZone,SEMI-AUTO
10149,RENAULT,CAPTUR,BLUE,Petrol,1,11900,50049,39,26/11/2021,TradeZone,MANUAL
3984,RENAULT,CAPTUR,GREY,Petrol,1,15300,5209,38,31/10/2022,OTHER,MANUAL
84258,BMW,2 SERIES GRAN TOURER,BLUE,Petrol,2,12150,41000,73,31/03/2018,TradeZone,MANUAL
32299,HYUNDAI,I20,GREY,Petrol,6,9850,13455,65,30/06/2020,TradeZone,SEMI-AUTO
56918,DS,DS 3 CROSSBACK,GREEN,Petrol,1,12700,25452,38,03/06/2020,TradeZone,AUTO
57602,DS,DS 3 CROSSBACK,WHITE,Petrol,1,13550,12403,36,24/10/2018,TradeZone,SEMI-AUTO
20916,DS,DS 3 CROSSBACK,BLACK,Petrol,1,13150,18239,36,28/09/2018,TradeZone,MANUAL
93678,DS,DS 3 CROSSBACK,WHITE,Petrol,1,13800,12034,30,16/09/2020,OTHER,AUTO
64499,SKODA,FABIA,BLACK,Petrol,4,7600,52674,73,30/11/2021,TradeZone,AUTO
7540,SKODA,FABIA,GREY,Petrol,4,8800,32297,68,21/12/2022,TradeZone,SEMI-AUTO
80784,SKODA,FABIA,GREEN,Petrol,3,10650,26092,35,17/03/2017,PARTEX,MANUAL